#
# A fatal error has been detected by the Java Runtime Environment:
#
#  SIGBUS (0xa) at pc=0x0000000117c4a1d0, pid=19969, tid=91235
#
# JRE version: Java(TM) SE Runtime Environment (21.0.10+8) (build 21.0.10+8-LTS-217)
# Java VM: Java HotSpot(TM) 64-Bit Server VM (21.0.10+8-LTS-217, mixed mode, sharing, tiered, compressed oops, compressed class ptrs, g1 gc, bsd-aarch64)
# Problematic frame:
# J 196623 c2 com.android.tools.r8.internal.co3.a(Lcom/android/tools/r8/internal/t50;Ljava/util/List;)Lcom/android/tools/r8/internal/zv3; (297 bytes) @ 0x0000000117c4a1d0 [0x0000000117c49b40+0x0000000000000690]
#
# No core dump will be written. Core dumps have been disabled. To enable core dumping, try "ulimit -c unlimited" before starting Java again
#
# If you would like to submit a bug report, please visit:
#   https://bugreport.java.com/bugreport/crash.jsp
#

---------------  S U M M A R Y ------------

Command Line: --add-opens=java.base/java.lang=ALL-UNNAMED --add-opens=java.base/java.lang.invoke=ALL-UNNAMED --add-opens=java.base/java.util=ALL-UNNAMED --add-opens=java.prefs/java.util.prefs=ALL-UNNAMED --add-exports=jdk.compiler/com.sun.tools.javac.api=ALL-UNNAMED --add-exports=jdk.compiler/com.sun.tools.javac.util=ALL-UNNAMED --add-opens=java.base/java.nio.charset=ALL-UNNAMED --add-opens=java.base/java.net=ALL-UNNAMED --add-opens=java.base/java.util.concurrent=ALL-UNNAMED --add-opens=java.base/java.util.concurrent.atomic=ALL-UNNAMED --add-opens=java.xml/javax.xml.namespace=ALL-UNNAMED --add-opens=java.base/java.time=ALL-UNNAMED -Xmx6g -Dfile.encoding=UTF-8 -Duser.country=US -Duser.language=en -Duser.variant -javaagent:/Users/yuchuan.gu/.gradle/wrapper/dists/gradle-9.7.1-bin/1w1c7tv4s851m17nbqdsro2tv/gradle-9.7.1/lib/agents/gradle-instrumentation-agent-9.7.1.jar org.gradle.launcher.daemon.bootstrap.GradleDaemon 9.7.1

Host: "Mac17,9" arm64, 18 cores, 64G, Darwin 25.6.0, macOS 26.6.2 (25G83)
Time: Sun Sep  6 16:46:45 2026 CST elapsed time: 1128.130127 seconds (0d 0h 18m 48s)

---------------  T H R E A D  ---------------

Current thread (0x00000003809cae00):  JavaThread "Build operations"        [_thread_in_Java, id=91235, stack(0x000000017cdcc000,0x000000017cfcf000) (2060K)]

Stack: [0x000000017cdcc000,0x000000017cfcf000],  sp=0x000000017cfc8c90,  free space=2035k
Native frames: (J=compiled Java code, j=interpreted, Vv=VM code, C=native code)
J 196623 c2 com.android.tools.r8.internal.co3.a(Lcom/android/tools/r8/internal/t50;Ljava/util/List;)Lcom/android/tools/r8/internal/zv3; (297 bytes) @ 0x0000000117c4a1d0 [0x0000000117c49b40+0x0000000000000690]
J 196893 c2 com.android.tools.r8.internal.w50.b(Ljava/util/Collection;)Lcom/android/tools/r8/internal/aw3; (177 bytes) @ 0x00000001173d9400 [0x00000001173d8f00+0x0000000000000500]
J 175202 c1 com.android.tools.r8.internal.w50.a(Lcom/android/tools/r8/internal/jd;)Lcom/android/tools/r8/internal/aw3; (92 bytes) @ 0x0000000110a2de68 [0x0000000110a2dc00+0x0000000000000268]
J 174835 c1 com.android.tools.r8.internal.fo3.b(Lcom/android/tools/r8/internal/fz0;)Lcom/android/tools/r8/internal/vv; (339 bytes) @ 0x000000011102ab10 [0x000000011102a240+0x00000000000008d0]
J 119410 c2 com.android.tools.r8.internal.sv.b(Lcom/android/tools/r8/internal/fz0;Lcom/android/tools/r8/internal/m72;Lcom/android/tools/r8/internal/nx$a;)Lcom/android/tools/r8/internal/vv; (6 bytes) @ 0x000000011521a3c4 [0x000000011521a380+0x0000000000000044]
J 127095 c2 com.android.tools.r8.internal.tv.a(Lcom/android/tools/r8/internal/fz0;Lcom/android/tools/r8/internal/m72;Lcom/android/tools/r8/internal/nx$a;Lcom/android/tools/r8/internal/zt3;Ljava/lang/String;Lcom/android/tools/r8/internal/se1;)Lcom/android/tools/r8/internal/qo2; (94 bytes) @ 0x00000001157f8984 [0x00000001157f84c0+0x00000000000004c4]
J 197024 c2 com.android.tools.r8.internal.kz0.a(Lcom/android/tools/r8/internal/fz0;Lcom/android/tools/r8/internal/lm2;Lcom/android/tools/r8/internal/n62$a;Lcom/android/tools/r8/internal/m72;Lcom/android/tools/r8/internal/nx$a;Lcom/android/tools/r8/internal/zt3;)Lcom/android/tools/r8/internal/zt3; (4354 bytes) @ 0x0000000115b3b9b8 [0x0000000115b3a340+0x0000000000001678]
J 123289 c1 com.android.tools.r8.internal.kz0.c(Lcom/android/tools/r8/graph/ra;Lcom/android/tools/r8/internal/lm2;Lcom/android/tools/r8/internal/m72;Lcom/android/tools/r8/internal/nx$a;Lcom/android/tools/r8/internal/n62$a;Lcom/android/tools/r8/internal/zt3;)Lcom/android/tools/r8/internal/zt3; (284 bytes) @ 0x000000010ec1f534 [0x000000010ec1e540+0x0000000000000ff4]
J 123381 c1 com.android.tools.r8.internal.us2.a(Lcom/android/tools/r8/graph/ra;Lcom/android/tools/r8/internal/lm;Lcom/android/tools/r8/internal/lm2;Lcom/android/tools/r8/internal/m72;Lcom/android/tools/r8/internal/nx$a;Lcom/android/tools/r8/internal/zt3;)Lcom/android/tools/r8/internal/zt3; (115 bytes) @ 0x000000010ec9e914 [0x000000010ec9e240+0x00000000000006d4]
J 123380 c1 com.android.tools.r8.internal.us2$$Lambda+0x000000e0036bb9f8.get()Ljava/lang/Object; (32 bytes) @ 0x0000000111675240 [0x0000000111675140+0x0000000000000100]
J 195172 c2 com.android.tools.r8.internal.vo0.a(Lcom/android/tools/r8/origin/Origin;Lcom/android/tools/r8/position/Position;Ljava/util/function/Supplier;)Ljava/lang/Object; (137 bytes) @ 0x0000000114c48f40 [0x0000000114c48f00+0x0000000000000040]
J 123262 c1 com.android.tools.r8.internal.us2.a(Lcom/android/tools/r8/graph/ra;Lcom/android/tools/r8/internal/lm;Lcom/android/tools/r8/internal/lm2;Lcom/android/tools/r8/internal/i30;Lcom/android/tools/r8/internal/nx$a;Lcom/android/tools/r8/internal/zt3;)V (50 bytes) @ 0x0000000110449edc [0x0000000110449740+0x000000000000079c]
J 196494 c1 com.android.tools.r8.internal.i30.a(Lcom/android/tools/r8/graph/ra;Lcom/android/tools/r8/internal/lm;Lcom/android/tools/r8/internal/zt3;)V (943 bytes) @ 0x000000011078f15c [0x000000011078a040+0x000000000000511c]
J 125098 c1 com.android.tools.r8.internal.us2.a(Lcom/android/tools/r8/graph/n4;Lcom/android/tools/r8/internal/lm;Lcom/android/tools/r8/internal/i30;Lcom/android/tools/r8/internal/zd1;Lcom/android/tools/r8/internal/zt3;)V (145 bytes) @ 0x000000010e4dcee4 [0x000000010e4dba00+0x00000000000014e4]
J 125099 c1 com.android.tools.r8.internal.tr.b(Lcom/android/tools/r8/internal/lm;Lcom/android/tools/r8/graph/n4;Lcom/android/tools/r8/internal/zt3;)V (54 bytes) @ 0x000000011155d444 [0x000000011155d300+0x0000000000000144]
J 125102 c1 com.android.tools.r8.internal.tr$$Lambda+0x000000e0031cd8e0.accept(Ljava/lang/Object;Ljava/lang/Object;)V (20 bytes) @ 0x00000001104ee560 [0x00000001104ee180+0x00000000000003e0]
J 125160 c1 com.android.tools.r8.internal.ct3.a(Lcom/android/tools/r8/internal/zt3;Ljava/lang/String;Lcom/android/tools/r8/internal/se1;Lcom/android/tools/r8/internal/lt3;Ljava/lang/Object;)Lcom/android/tools/r8/internal/zt3; (21 bytes) @ 0x000000010f2d3d2c [0x000000010f2d3bc0+0x000000000000016c]
J 125092 c2 com.android.tools.r8.internal.ct3$$Lambda+0x000000e0031cdef8.call()Ljava/lang/Object; (24 bytes) @ 0x0000000115dd0b9c [0x0000000115dd0b40+0x000000000000005c]
J 118613 c2 com.google.common.util.concurrent.TrustedListenableFutureTask$TrustedFutureInterruptibleTask.runInterruptibly()Ljava/lang/Object; (10 bytes) @ 0x0000000115f28b4c [0x0000000115f28b00+0x000000000000004c]
J 118615 c1 com.google.common.util.concurrent.InterruptibleTask.run()V (190 bytes) @ 0x000000010d098c40 [0x000000010d098380+0x00000000000008c0]
J 118558 c1 com.google.common.util.concurrent.AbstractListeningExecutorService.submit(Ljava/util/concurrent/Callable;)Ljava/util/concurrent/Future; (6 bytes) @ 0x000000010e22d8e4 [0x000000010e22d500+0x00000000000003e4]
J 132872 c1 com.android.tools.r8.internal.ct3.a(Ljava/util/Collection;Ljava/util/function/Predicate;Lcom/android/tools/r8/internal/lt3;Lcom/android/tools/r8/internal/se1;Ljava/util/concurrent/ExecutorService;Lcom/android/tools/r8/internal/zt3;Lcom/android/tools/r8/internal/iu3;Lcom/android/tools/r8/internal/pb1;)V (111 bytes) @ 0x00000001107a11ec [0x00000001107a04c0+0x0000000000000d2c]
J 173010 c1 com.android.tools.r8.internal.tr.a(Lcom/android/tools/r8/internal/ur;Ljava/util/concurrent/ExecutorService;Lcom/android/tools/r8/internal/zt3;)V (759 bytes) @ 0x0000000110c8211c [0x0000000110c7d800+0x000000000000491c]
j  com.android.tools.r8.internal.tr.a(Ljava/util/concurrent/ExecutorService;Lcom/android/tools/r8/internal/zt3;)Lcom/android/tools/r8/internal/ur;+20
j  com.android.tools.r8.internal.us2.a(Lcom/android/tools/r8/internal/i30;Lcom/android/tools/r8/internal/zd1;Ljava/util/concurrent/ExecutorService;)V+58
j  com.android.tools.r8.internal.us2.a(Lcom/android/tools/r8/graph/q;Ljava/util/concurrent/ExecutorService;)V+168
j  com.android.tools.r8.D8.d(Lcom/android/tools/r8/utils/i;Lcom/android/tools/r8/internal/se1;Ljava/util/concurrent/ExecutorService;)V+405
j  com.android.tools.r8.D8.b(Lcom/android/tools/r8/utils/i;Lcom/android/tools/r8/internal/se1;Ljava/util/concurrent/ExecutorService;)V+3
j  com.android.tools.r8.D8$$Lambda+0x000000e003116c90.run()V+12
J 197197 c1 com.android.tools.r8.internal.vo0.a(Lcom/android/tools/r8/internal/j83;Lcom/android/tools/r8/internal/vo0$a;)V (37 bytes) @ 0x000000010d3017c4 [0x000000010d3016c0+0x0000000000000104]
j  com.android.tools.r8.internal.vo0.b(Lcom/android/tools/r8/internal/j83;Lcom/android/tools/r8/internal/vo0$a;)V+2
j  com.android.tools.r8.D8.run(Lcom/android/tools/r8/D8Command;Ljava/util/concurrent/ExecutorService;)V+22
j  com.android.builder.dexing.D8DexArchiveBuilder.convert(Ljava/util/stream/Stream;Ljava/nio/file/Path;Ljava/nio/file/Path;Lcom/android/builder/dexing/DependencyGraphUpdater;)V+329
j  com.android.build.gradle.internal.dependency.BaseDexingTransform.process(Ljava/io/File;Lkotlin/jvm/functions/Function2;Ljava/util/List;Ljava/io/File;Ljava/io/File;ZLcom/android/build/gradle/internal/dependency/DesugarGraph;)V+829
j  com.android.build.gradle.internal.dependency.BaseDexingTransform.processNonIncrementally(Ljava/io/File;Ljava/util/List;Ljava/io/File;Ljava/io/File;ZLjava/io/File;)V+111
j  com.android.build.gradle.internal.dependency.BaseDexingTransform.transform(Lorg/gradle/api/artifacts/transform/TransformOutputs;)V+393
J 186709 c1 org.gradle.api.internal.artifacts.transform.DefaultTransform.transform(Lorg/gradle/api/provider/Provider;Ljava/io/File;Lorg/gradle/api/internal/artifacts/transform/TransformDependencies;Lorg/gradle/work/InputChanges;)Lorg/gradle/api/internal/artifacts/transform/TransformExecutionResult; (53 bytes) @ 0x000000010f2e3568 [0x000000010f2e3380+0x00000000000001e8]
J 186708 c1 org.gradle.api.internal.artifacts.transform.AbstractTransformExecution$2.call(Lorg/gradle/internal/operations/BuildOperationContext;)Lorg/gradle/api/internal/artifacts/transform/TransformExecutionResult; (153 bytes) @ 0x000000010fb0faa0 [0x000000010fb0f700+0x00000000000003a0]
J 186707 c1 org.gradle.api.internal.artifacts.transform.AbstractTransformExecution$2.call(Lorg/gradle/internal/operations/BuildOperationContext;)Ljava/lang/Object; (6 bytes) @ 0x00000001117d3b64 [0x00000001117d3ac0+0x00000000000000a4]
J 75387 c2 org.gradle.internal.operations.DefaultBuildOperationRunner$CallableBuildOperationWorker.execute(Lorg/gradle/internal/operations/BuildOperation;Lorg/gradle/internal/operations/BuildOperationContext;)V (10 bytes) @ 0x0000000115ef1f34 [0x0000000115ef1ec0+0x0000000000000074]
J 74047 c2 org.gradle.internal.operations.DefaultBuildOperationRunner$2.execute(Lorg/gradle/internal/operations/BuildOperationDescriptor;Lorg/gradle/internal/operations/BuildOperationState;Lorg/gradle/internal/operations/BuildOperationState;Lorg/gradle/internal/operations/DefaultBuildOperationRunner$ReadableBuildOperationContext;Lorg/gradle/internal/operations/DefaultBuildOperationRunner$BuildOperationExecutionListener;)Ljava/lang/Object; (12 bytes) @ 0x0000000115df3d18 [0x0000000115df3c80+0x0000000000000098]
J 74723 c2 org.gradle.internal.operations.DefaultBuildOperationRunner.execute(Lorg/gradle/internal/operations/BuildOperationDescriptor$Builder;Lorg/gradle/internal/operations/DefaultBuildOperationRunner$BuildOperationExecution;)Ljava/lang/Object; (147 bytes) @ 0x0000000115e18fe0 [0x0000000115e18880+0x0000000000000760]
J 45539 c2 org.gradle.internal.operations.DefaultBuildOperationRunner.execute(Lorg/gradle/internal/operations/BuildOperation;Lorg/gradle/internal/operations/BuildOperationWorker;)V (22 bytes) @ 0x00000001152c6c7c [0x00000001152c6bc0+0x00000000000000bc]
J 186703 c1 org.gradle.api.internal.artifacts.transform.AbstractTransformExecution.executeWithinTransformerListener(Lorg/gradle/internal/execution/ExecutionContext;)Lorg/gradle/internal/execution/WorkOutput; (32 bytes) @ 0x000000010f2e3d78 [0x000000010f2e3bc0+0x00000000000001b8]
J 186701 c1 org.gradle.api.internal.artifacts.transform.AbstractTransformExecution.execute(Lorg/gradle/internal/execution/ExecutionContext;)Lorg/gradle/internal/execution/WorkOutput; (62 bytes) @ 0x000000010f19f870 [0x000000010f19f780+0x00000000000000f0]
J 161165 c1 org.gradle.internal.execution.steps.ExecuteStep.executeInternal(Lorg/gradle/internal/execution/UnitOfWork;Lorg/gradle/internal/execution/steps/WorkspaceContext;)Lorg/gradle/internal/execution/steps/Result; (80 bytes) @ 0x000000010d87b648 [0x000000010d87b4c0+0x0000000000000188]
J 161162 c1 org.gradle.internal.execution.steps.ExecuteStep$1.call(Lorg/gradle/internal/operations/BuildOperationContext;)Ljava/lang/Object; (6 bytes) @ 0x000000010e0a3d90 [0x000000010e0a3cc0+0x00000000000000d0]
J 75387 c2 org.gradle.internal.operations.DefaultBuildOperationRunner$CallableBuildOperationWorker.execute(Lorg/gradle/internal/operations/BuildOperation;Lorg/gradle/internal/operations/BuildOperationContext;)V (10 bytes) @ 0x0000000115ef1f34 [0x0000000115ef1ec0+0x0000000000000074]
J 74047 c2 org.gradle.internal.operations.DefaultBuildOperationRunner$2.execute(Lorg/gradle/internal/operations/BuildOperationDescriptor;Lorg/gradle/internal/operations/BuildOperationState;Lorg/gradle/internal/operations/BuildOperationState;Lorg/gradle/internal/operations/DefaultBuildOperationRunner$ReadableBuildOperationContext;Lorg/gradle/internal/operations/DefaultBuildOperationRunner$BuildOperationExecutionListener;)Ljava/lang/Object; (12 bytes) @ 0x0000000115df3d18 [0x0000000115df3c80+0x0000000000000098]
J 74723 c2 org.gradle.internal.operations.DefaultBuildOperationRunner.execute(Lorg/gradle/internal/operations/BuildOperationDescriptor$Builder;Lorg/gradle/internal/operations/DefaultBuildOperationRunner$BuildOperationExecution;)Ljava/lang/Object; (147 bytes) @ 0x0000000115e18fe0 [0x0000000115e18880+0x0000000000000760]
J 45539 c2 org.gradle.internal.operations.DefaultBuildOperationRunner.execute(Lorg/gradle/internal/operations/BuildOperation;Lorg/gradle/internal/operations/BuildOperationWorker;)V (22 bytes) @ 0x00000001152c6c7c [0x00000001152c6bc0+0x00000000000000bc]
J 158523 c1 org.gradle.internal.execution.steps.ExecuteStep.execute(Lorg/gradle/internal/execution/UnitOfWork;Lorg/gradle/internal/execution/steps/WorkspaceContext;)Lorg/gradle/internal/execution/steps/Result; (39 bytes) @ 0x0000000110cd04d8 [0x0000000110cd0280+0x0000000000000258]
J 197323 c1 org.gradle.internal.execution.steps.ExecuteStep$Immutable.execute(Lorg/gradle/internal/execution/UnitOfWork;Lorg/gradle/internal/execution/steps/Context;)Lorg/gradle/internal/execution/steps/Result; (10 bytes) @ 0x000000010d90288c [0x000000010d9027c0+0x00000000000000cc]
J 161177 c1 org.gradle.internal.execution.steps.CancelExecutionStep.execute(Lorg/gradle/internal/execution/UnitOfWork;Lorg/gradle/internal/execution/steps/Context;)Lorg/gradle/internal/execution/steps/Result; (168 bytes) @ 0x000000010ce4c850 [0x000000010ce4c6c0+0x0000000000000190]
J 161176 c1 org.gradle.internal.execution.steps.TimeoutStep.execute(Lorg/gradle/internal/execution/UnitOfWork;Lorg/gradle/internal/execution/steps/Context;)Lorg/gradle/internal/execution/steps/Result; (96 bytes) @ 0x000000010d712c14 [0x000000010d712a80+0x0000000000000194]
J 158515 c1 org.gradle.internal.execution.steps.PreCreateOutputParentsStep.execute(Lorg/gradle/internal/execution/UnitOfWork;Lorg/gradle/internal/execution/steps/WorkspaceContext;)Lorg/gradle/internal/execution/steps/Result; (30 bytes) @ 0x0000000110cd54a0 [0x0000000110cd5340+0x0000000000000160]
J 158514 c1 org.gradle.internal.execution.steps.PreCreateOutputParentsStep.execute(Lorg/gradle/internal/execution/UnitOfWork;Lorg/gradle/internal/execution/steps/Context;)Lorg/gradle/internal/execution/steps/Result; (10 bytes) @ 0x0000000110cd598c [0x0000000110cd58c0+0x00000000000000cc]
J 158612 c1 org.gradle.internal.execution.steps.BroadcastChangingOutputsStep.execute(Lorg/gradle/internal/execution/UnitOfWork;Lorg/gradle/internal/execution/steps/WorkspaceContext;)Lorg/gradle/internal/execution/steps/Result; (62 bytes) @ 0x00000001114e52b0 [0x00000001114e5180+0x0000000000000130]
J 158628 c1 org.gradle.internal.execution.steps.BroadcastChangingOutputsStep.execute(Lorg/gradle/internal/execution/UnitOfWork;Lorg/gradle/internal/execution/steps/Context;)Lorg/gradle/internal/execution/steps/Result; (10 bytes) @ 0x00000001114dca8c [0x00000001114dc9c0+0x00000000000000cc]
J 158513 c1 org.gradle.internal.execution.steps.CaptureOutputsAfterExecutionStep.execute(Lorg/gradle/internal/execution/UnitOfWork;Lorg/gradle/internal/execution/steps/WorkspaceContext;)Lorg/gradle/internal/execution/steps/AfterExecutionResult; (56 bytes) @ 0x0000000110cd4658 [0x0000000110cd4580+0x00000000000000d8]
J 158611 c1 org.gradle.internal.execution.steps.CaptureOutputsAfterExecutionStep.execute(Lorg/gradle/internal/execution/UnitOfWork;Lorg/gradle/internal/execution/steps/Context;)Lorg/gradle/internal/execution/steps/Result; (10 bytes) @ 0x0000000110cbeb0c [0x0000000110cbea40+0x00000000000000cc]
J 195075 c1 org.gradle.internal.execution.steps.BuildCacheStep.executeAndStoreInCache(Lorg/gradle/internal/execution/steps/BuildCacheStep$CacheableWork;Lorg/gradle/caching/BuildCacheKey;Lorg/gradle/internal/execution/steps/WorkspaceContext;)Lorg/gradle/internal/execution/steps/AfterExecutionResult; (101 bytes) @ 0x000000010fbce60c [0x000000010fbce340+0x00000000000002cc]
J 195076 c1 org.gradle.internal.execution.steps.BuildCacheStep$$Lambda+0x000000e00219afa8.get()Ljava/lang/Object; (20 bytes) @ 0x0000000110ad020c [0x0000000110ad0140+0x00000000000000cc]
J 20237 c2 java.util.Optional.orElseGet(Ljava/util/function/Supplier;)Ljava/lang/Object; java.base@21.0.10 (21 bytes) @ 0x00000001149cc354 [0x00000001149cc300+0x0000000000000054]
j  org.gradle.internal.execution.steps.BuildCacheStep.lambda$executeWithCache$1(Lorg/gradle/internal/execution/UnitOfWork;Lorg/gradle/caching/BuildCacheKey;Lorg/gradle/internal/execution/steps/WorkspaceContext;Lorg/gradle/internal/execution/steps/BuildCacheStep$CacheableWork;Ljava/util/Optional;)Lorg/gradle/internal/execution/steps/AfterExecutionResult;+24
j  org.gradle.internal.execution.steps.BuildCacheStep$$Lambda+0x000000e00219ab38.apply(Ljava/lang/Object;)Ljava/lang/Object;+24
J 67560 c2 org.gradle.internal.Try$Success.map(Ljava/util/function/Function;)Lorg/gradle/internal/Try; (14 bytes) @ 0x0000000115a4c894 [0x0000000115a4c840+0x0000000000000054]
J 161554 c1 org.gradle.internal.execution.steps.BuildCacheStep.executeWithCache(Lorg/gradle/internal/execution/UnitOfWork;Lorg/gradle/internal/execution/steps/WorkspaceContext;Lorg/gradle/caching/BuildCacheKey;)Lorg/gradle/internal/execution/steps/AfterExecutionResult; (64 bytes) @ 0x000000010e579c54 [0x000000010e579840+0x0000000000000414]
J 161638 c1 org.gradle.internal.execution.steps.BuildCacheStep$$Lambda+0x000000e002163120.apply(Ljava/lang/Object;)Ljava/lang/Object; (20 bytes) @ 0x000000010f251e44 [0x000000010f251d40+0x0000000000000104]
J 113417 c1 org.gradle.internal.Either$Left.fold(Ljava/util/function/Function;Ljava/util/function/Function;)Ljava/lang/Object; (11 bytes) @ 0x000000010cefeaa8 [0x000000010cefe940+0x0000000000000168]
J 158334 c1 org.gradle.internal.execution.steps.BuildCacheStep.execute(Lorg/gradle/internal/execution/UnitOfWork;Lorg/gradle/internal/execution/steps/WorkspaceContext;)Lorg/gradle/internal/execution/steps/AfterExecutionResult; (32 bytes) @ 0x00000001107c4e3c [0x00000001107c4bc0+0x000000000000027c]
J 158341 c1 org.gradle.internal.execution.steps.BuildCacheStep.execute(Lorg/gradle/internal/execution/UnitOfWork;Lorg/gradle/internal/execution/steps/Context;)Lorg/gradle/internal/execution/steps/Result; (10 bytes) @ 0x00000001107c1d0c [0x00000001107c1c40+0x00000000000000cc]
J 197333 c1 org.gradle.internal.execution.steps.NeverUpToDateStep.execute(Lorg/gradle/internal/execution/UnitOfWork;Lorg/gradle/internal/execution/steps/ImmutableCachingContext;)Lorg/gradle/internal/execution/steps/UpToDateResult; (27 bytes) @ 0x000000010d7c3c78 [0x000000010d7c3bc0+0x00000000000000b8]
J 197351 c1 org.gradle.internal.execution.steps.NeverUpToDateStep.execute(Lorg/gradle/internal/execution/UnitOfWork;Lorg/gradle/internal/execution/steps/Context;)Lorg/gradle/internal/execution/steps/Result; (10 bytes) @ 0x000000010dae7888 [0x000000010dae77c0+0x00000000000000c8]
J 105619 c1 org.gradle.internal.execution.steps.legacy.MarkSnapshottingInputsFinishedStep.execute(Lorg/gradle/internal/execution/UnitOfWork;Lorg/gradle/internal/execution/steps/Context;)Lorg/gradle/internal/execution/steps/Result; (10 bytes) @ 0x000000010fc169fc [0x000000010fc16580+0x000000000000047c]
J 197341 c1 org.gradle.internal.execution.steps.ResolveImmutableCachingStateStep.executeDelegate(Lorg/gradle/internal/execution/UnitOfWork;Lorg/gradle/internal/execution/steps/ImmutableValidationFinishedContext;Lorg/gradle/internal/execution/caching/CachingState;)Lorg/gradle/internal/execution/steps/UpToDateResult; (23 bytes) @ 0x000000010d270214 [0x000000010d270000+0x0000000000000214]
J 197344 c1 org.gradle.internal.execution.steps.ResolveImmutableCachingStateStep.executeDelegate(Lorg/gradle/internal/execution/UnitOfWork;Lorg/gradle/internal/execution/steps/ValidationFinishedContext;Lorg/gradle/internal/execution/caching/CachingState;)Lorg/gradle/internal/execution/steps/UpToDateResult; (11 bytes) @ 0x000000010dae700c [0x000000010dae6f40+0x00000000000000cc]
J 105611 c1 org.gradle.internal.execution.steps.AbstractResolveCachingStateStep.execute(Lorg/gradle/internal/execution/UnitOfWork;Lorg/gradle/internal/execution/steps/ValidationFinishedContext;)Lorg/gradle/internal/execution/steps/CachingResult; (69 bytes) @ 0x000000010d1142d0 [0x000000010d112740+0x0000000000001b90]
J 105616 c1 org.gradle.internal.execution.steps.AbstractResolveCachingStateStep.execute(Lorg/gradle/internal/execution/UnitOfWork;Lorg/gradle/internal/execution/steps/Context;)Lorg/gradle/internal/execution/steps/Result; (10 bytes) @ 0x000000010eb2e798 [0x000000010eb2e540+0x0000000000000258]
j  org.gradle.internal.execution.steps.ValidateStep$Immutable.executeDelegate(Lorg/gradle/internal/execution/UnitOfWork;Lorg/gradle/internal/execution/steps/ImmutableBeforeExecutionContext;Ljava/util/List;)Lorg/gradle/internal/execution/steps/Result;+14
J 197332 c1 org.gradle.internal.execution.steps.ValidateStep$Immutable.executeDelegate(Lorg/gradle/internal/execution/UnitOfWork;Lorg/gradle/internal/execution/steps/BeforeExecutionContext;Ljava/util/List;)Lorg/gradle/internal/execution/steps/Result; (11 bytes) @ 0x000000010d92218c [0x000000010d9220c0+0x00000000000000cc]
J 105610 c1 org.gradle.internal.execution.steps.ValidateStep.execute(Lorg/gradle/internal/execution/UnitOfWork;Lorg/gradle/internal/execution/steps/BeforeExecutionContext;)Lorg/gradle/internal/execution/steps/Result; (89 bytes) @ 0x000000010f88b454 [0x000000010f88a240+0x0000000000001214]
J 197331 c1 org.gradle.internal.execution.steps.ValidateStep$Immutable.execute(Lorg/gradle/internal/execution/UnitOfWork;Lorg/gradle/internal/execution/steps/Context;)Lorg/gradle/internal/execution/steps/Result; (10 bytes) @ 0x000000010db65ca4 [0x000000010db65bc0+0x00000000000000e4]
J 197321 c1 org.gradle.internal.execution.steps.CaptureImmutableStateBeforeExecutionStep.execute(Lorg/gradle/internal/execution/UnitOfWork;Lorg/gradle/internal/execution/steps/WorkspaceContext;)Lorg/gradle/internal/execution/steps/CachingResult; (72 bytes) @ 0x000000010ce202f8 [0x000000010ce1fe80+0x0000000000000478]
J 197320 c1 org.gradle.internal.execution.steps.CaptureImmutableStateBeforeExecutionStep.execute(Lorg/gradle/internal/execution/UnitOfWork;Lorg/gradle/internal/execution/steps/Context;)Lorg/gradle/internal/execution/steps/Result; (10 bytes) @ 0x000000010d85408c [0x000000010d853fc0+0x00000000000000cc]
J 105439 c2 org.gradle.internal.execution.steps.legacy.MarkSnapshottingInputsStartedStep.execute(Lorg/gradle/internal/execution/UnitOfWork;Lorg/gradle/internal/execution/steps/Context;)Lorg/gradle/internal/execution/steps/Result; (37 bytes) @ 0x0000000116bce238 [0x0000000116bce1c0+0x0000000000000078]
J 197319 c1 org.gradle.internal.execution.steps.AssignImmutableWorkspaceStep.executeInWorkspace(Lorg/gradle/internal/execution/UnitOfWork;Lorg/gradle/internal/execution/steps/IdentityContext;Lorg/gradle/internal/execution/workspace/ImmutableWorkspaceProvider$ImmutableWorkspace;)Lorg/gradle/internal/execution/steps/WorkspaceResult; (145 bytes) @ 0x000000010dd8d44c [0x000000010dd8d1c0+0x000000000000028c]
J 197336 c1 org.gradle.internal.execution.steps.AssignImmutableWorkspaceStep.lambda$loadOrCreateWorkspace$0(Lorg/gradle/internal/execution/workspace/ImmutableWorkspaceProvider$ImmutableWorkspace;Lorg/gradle/internal/execution/UnitOfWork;Lorg/gradle/internal/execution/steps/IdentityContext;Lorg/gradle/internal/execution/steps/AssignImmutableWorkspaceStep$WorkspaceLoad;)Lorg/gradle/internal/execution/steps/WorkspaceResult; (61 bytes) @ 0x000000010d950a28 [0x000000010d950880+0x00000000000001a8]
J 197335 c1 org.gradle.internal.execution.steps.AssignImmutableWorkspaceStep$$Lambda+0x000000e0021613f8.get()Ljava/lang/Object; (24 bytes) @ 0x000000010d9c0094 [0x000000010d9bffc0+0x00000000000000d4]
J 197313 c1 org.gradle.cache.internal.DefaultFineGrainedPersistentCache.withFileLock(Ljava/lang/String;Ljava/util/function/Supplier;)Ljava/lang/Object; (58 bytes) @ 0x000000010d19c228 [0x000000010d19c140+0x00000000000000e8]
J 197312 c1 org.gradle.cache.internal.DefaultCacheFactory$ReferenceTrackingFineGrainedCache.withFileLock(Ljava/lang/String;Ljava/util/function/Supplier;)Ljava/lang/Object; (18 bytes) @ 0x000000010d9dc3c0 [0x000000010d9dc2c0+0x0000000000000100]
J 137593 c1 org.gradle.internal.execution.steps.AssignImmutableWorkspaceStep.loadOrCreateWorkspace(Lorg/gradle/internal/execution/UnitOfWork;Lorg/gradle/internal/execution/workspace/ImmutableWorkspaceProvider$ImmutableWorkspace;Lorg/gradle/internal/execution/steps/IdentityContext;)Lorg/gradle/internal/execution/steps/WorkspaceResult; (43 bytes) @ 0x0000000110a0c6b0 [0x0000000110a0bf80+0x0000000000000730]
J 137554 c1 org.gradle.internal.execution.steps.AssignImmutableWorkspaceStep$$Lambda+0x000000e00159c030.get()Ljava/lang/Object; (20 bytes) @ 0x000000010ec92668 [0x000000010ec92540+0x0000000000000128]
J 137503 c1 org.gradle.internal.execution.workspace.impl.CacheBasedImmutableWorkspaceProvider$1.getOrCompute(Lorg/gradle/internal/work/WorkerLeaseService;Ljava/util/function/Supplier;)Lorg/gradle/internal/execution/workspace/ImmutableWorkspaceProvider$ConcurrentResult; (136 bytes) @ 0x0000000110987d90 [0x0000000110987900+0x0000000000000490]
J 137637 c1 org.gradle.internal.execution.steps.AssignImmutableWorkspaceStep.execute(Lorg/gradle/internal/execution/UnitOfWork;Lorg/gradle/internal/execution/steps/IdentityContext;)Lorg/gradle/internal/execution/steps/WorkspaceResult; (88 bytes) @ 0x000000010eeec8c8 [0x000000010eeebfc0+0x0000000000000908]
J 137631 c1 org.gradle.internal.execution.steps.AssignImmutableWorkspaceStep.execute(Lorg/gradle/internal/execution/UnitOfWork;Lorg/gradle/internal/execution/steps/Context;)Lorg/gradle/internal/execution/steps/Result; (10 bytes) @ 0x000000010dd2f7f8 [0x000000010dd2f640+0x00000000000001b8]
J 45574 c1 org.gradle.internal.execution.steps.ChoosePipelineStep.execute(Lorg/gradle/internal/execution/UnitOfWork;Lorg/gradle/internal/execution/steps/IdentityContext;)Lorg/gradle/internal/execution/steps/Result; (73 bytes) @ 0x00000001102aa0a0 [0x00000001102a98c0+0x00000000000007e0]
J 9359 c1 org.gradle.internal.execution.steps.ChoosePipelineStep.execute(Lorg/gradle/internal/execution/UnitOfWork;Lorg/gradle/internal/execution/steps/Context;)Lorg/gradle/internal/execution/steps/Result; (10 bytes) @ 0x000000010de8500c [0x000000010de84e40+0x00000000000001cc]
J 137542 c1 org.gradle.internal.execution.steps.ExecuteWorkBuildOperationFiringStep.lambda$execute$1(Lorg/gradle/internal/execution/UnitOfWork;Lorg/gradle/internal/execution/steps/IdentityContext;Lorg/gradle/internal/operations/BuildOperationContext;)Lorg/gradle/internal/execution/steps/CachingResult; (78 bytes) @ 0x000000010daff064 [0x000000010dafef00+0x0000000000000164]
J 137495 c1 org.gradle.internal.execution.steps.ExecuteWorkBuildOperationFiringStep$$Lambda+0x000000e001924b08.apply(Ljava/lang/Object;)Ljava/lang/Object; (20 bytes) @ 0x000000010eb092c0 [0x000000010eb090c0+0x0000000000000200]
...<more frames>...

siginfo: si_signo: 10 (SIGBUS), si_code: 1 (BUS_ADRALN), si_addr: 0x0000000117c4a1d0

Registers:
 x0=0x0000000000000000  x1=0x00000007203a8728  x2=0x0000000000000001  x3=0x00000007203ab800
 x4=0x0000000680758538  x5=0x0000000000000000  x6=0x0000000720371198  x7=0x0000000000019aff
 x8=0xfffffffffffffffe  x9=0x000000000000005f x10=0x00000007203a8020 x11=0x0000000000000001
x12=0x0000000000000002 x13=0x00000007203a3158 x14=0x0000000000000002 x15=0x00000007203a3660
x16=0x00000007203a3a68 x17=0x00000007203a3618 x18=0x0000000000000000 x19=0x00000007203a3590
x20=0x00000007203ab570 x21=0x00000007203a8728 x22=0x0000000000000000 x23=0x00000000e407573f
x24=0x0000000118998000 x25=0x00000007203a3260 x26=0x00000007203a3264 x27=0x00000007203a31f0
x28=0x00000003809cae00  fp=0x0000000000000001  lr=0x0000000117c4b5d4  sp=0x000000017cfc8c90
pc=0x0000000117c4a1d0 cpsr=0x0000000060000000

Register to memory mapping:

x0 =0x0 is null
x1 =0x00000007203a8728 is an oop: java.util.LinkedHashMap 
{0x00000007203a8728} - klass: 'java/util/LinkedHashMap'
 - ---- fields (total size 8 words):
 - transient 'keySet' 'Ljava/util/Set;' @12  null (0x00000000)
 - transient 'values' 'Ljava/util/Collection;' @16  null (0x00000000)
 - transient 'size' 'I' @20  1 (0x00000001)
 - transient 'modCount' 'I' @24  1 (0x00000001)
 - 'threshold' 'I' @28  12 (0x0000000c)
 - final 'loadFactor' 'F' @32  0.750000 (0x3f400000)
 - transient 'table' '[Ljava/util/HashMap$Node;' @36  a 'java/util/HashMap$Node'[16] {0x00000007203ab9a8} (0xe4075735)
 - transient 'entrySet' 'Ljava/util/Set;' @40  null (0x00000000)
 - transient 'putMode' 'I' @44  0 (0x00000000)
 - final 'accessOrder' 'Z' @48  false (0x00)
 - transient 'head' 'Ljava/util/LinkedHashMap$Entry;' @52  a 'java/util/LinkedHashMap$Entry'{0x00000007203ab9f8} (0xe407573f)
 - transient 'tail' 'Ljava/util/LinkedHashMap$Entry;' @56  a 'java/util/LinkedHashMap$Entry'{0x00000007203ab9f8} (0xe407573f)
x2 =0x0000000000000001 is an unknown value
x3 =0x00000007203ab800 is an oop: com.android.tools.r8.internal.wo3 
{0x00000007203ab800} - klass: 'com/android/tools/r8/internal/wo3'
 - ---- fields (total size 3 words):
 - public 'c' 'Z' @12  false (0x00)
 - public final 'a' 'Ljava/util/LinkedHashSet;' @16  a 'java/util/LinkedHashSet'{0x00000007203ab818} (0xe4075703)
 - public final 'b' 'Ljava/util/LinkedHashSet;' @20  a 'java/util/LinkedHashSet'{0x00000007203ab868} (0xe407570d)
x4 =0x0000000680758538 is an oop: java.lang.Object 
{0x0000000680758538} - klass: 'java/lang/Object'
 - ---- fields (total size 2 words):
x5 =0x0 is null
x6 =0x0000000720371198 is an oop: com.android.tools.r8.internal.jd 
{0x0000000720371198} - klass: 'com/android/tools/r8/internal/jd'
 - ---- fields (total size 9 words):
 - public 'g' 'I' @12  8 (0x00000008)
 - public 'l' 'I' @16  1 (0x00000001)
 - public 'm' 'I' @20  0 (0x00000000)
 - public 'n' 'I' @24  0 (0x00000000)
 - public 'i' 'Z' @28  true (0x01)
 - public 'j' 'Z' @29  true (0x01)
 - public 'a' 'Lcom/android/tools/r8/internal/w91;' @32  null (0x00000000)
 - public final 'b' 'Ljava/util/ArrayList;' @36  a 'java/util/ArrayList'{0x00000007203711e0} (0xe406e23c)
 - public final 'c' 'Ljava/util/ArrayList;' @40  a 'java/util/ArrayList'{0x00000007203711f8} (0xe406e23f)
 - public 'd' 'Ljava/util/Set;' @44  null (0x00000000)
 - public 'e' 'Lcom/android/tools/r8/internal/tj;' @48  a 'com/android/tools/r8/internal/tj'{0x00000006941bb6e0} (0xd28376dc)
 - public final 'f' 'Lcom/android/tools/r8/internal/g51;' @52  a 'com/android/tools/r8/internal/g51'{0x0000000720371210} (0xe406e242)
 - public 'h' 'Ljava/util/ArrayList;' @56  a 'java/util/ArrayList'{0x0000000720371230} (0xe406e246)
 - public final 'k' 'Ljava/util/HashMap;' @60  a 'java/util/HashMap'{0x0000000720371248} (0xe406e249)
 - public 'o' 'Ljava/util/HashMap;' @64  null (0x00000000)
 - public 'p' 'Lcom/android/tools/r8/internal/mz0;' @68  a 'com/android/tools/r8/internal/mz0'{0x0000000720370788} (0xe406e0f1)
x7 =0x0000000000019aff is an unknown value
x8 =0xfffffffffffffffe is an unknown value
x9 =0x000000000000005f is an unknown value
x10=0x00000007203a8020 is an oop: java.util.LinkedHashMap$Entry 
{0x00000007203a8020} - klass: 'java/util/LinkedHashMap$Entry'
 - ---- fields (total size 5 words):
 - final 'hash' 'I' @12  30 (0x0000001e)
 - final 'key' 'Ljava/lang/Object;' @16  a 'com/android/tools/r8/internal/y04'{0x000000072037bb00} (0xe406f760)
 - 'value' 'Ljava/lang/Object;' @20  a 'com/android/tools/r8/internal/wo3'{0x00000007203a7f18} (0xe4074fe3)
 - 'next' 'Ljava/util/HashMap$Node;' @24  null (0x00000000)
 - 'before' 'Ljava/util/LinkedHashMap$Entry;' @28  null (0x00000000)
 - 'after' 'Ljava/util/LinkedHashMap$Entry;' @32  null (0x00000000)
x11=0x0000000000000001 is an unknown value
x12=0x0000000000000002 is an unknown value
x13=0x00000007203a3158 is an oop: java.util.ArrayList 
{0x00000007203a3158} - klass: 'java/util/ArrayList'
 - ---- fields (total size 3 words):
 - protected transient 'modCount' 'I' @12  2 (0x00000002)
 - private 'size' 'I' @16  2 (0x00000002)
 - transient 'elementData' '[Ljava/lang/Object;' @20  a 'java/lang/Object'[10] {0x00000007203a35e0} (0xe40746bc)
x14=0x0000000000000002 is an unknown value
x15=0x00000007203a3660 is an oop: java.util.LinkedHashMap 
{0x00000007203a3660} - klass: 'java/util/LinkedHashMap'
 - ---- fields (total size 8 words):
 - transient 'keySet' 'Ljava/util/Set;' @12  null (0x00000000)
 - transient 'values' 'Ljava/util/Collection;' @16  null (0x00000000)
 - transient 'size' 'I' @20  1 (0x00000001)
 - transient 'modCount' 'I' @24  1 (0x00000001)
 - 'threshold' 'I' @28  12 (0x0000000c)
 - final 'loadFactor' 'F' @32  0.750000 (0x3f400000)
 - transient 'table' '[Ljava/util/HashMap$Node;' @36  a 'java/util/HashMap$Node'[16] {0x00000007203a7fd0} (0xe4074ffa)
 - transient 'entrySet' 'Ljava/util/Set;' @40  null (0x00000000)
 - transient 'putMode' 'I' @44  0 (0x00000000)
 - final 'accessOrder' 'Z' @48  false (0x00)
 - transient 'head' 'Ljava/util/LinkedHashMap$Entry;' @52  a 'java/util/LinkedHashMap$Entry'{0x00000007203a8020} (0xe4075004)
 - transient 'tail' 'Ljava/util/LinkedHashMap$Entry;' @56  a 'java/util/LinkedHashMap$Entry'{0x00000007203a8020} (0xe4075004)
x16=0x00000007203a3a68 is an oop: com.android.tools.r8.internal.eo3 
{0x00000007203a3a68} - klass: 'com/android/tools/r8/internal/eo3'
 - ---- fields (total size 3 words):
 - public 'c' 'Z' @12  false (0x00)
 - public final 'a' 'Ljava/util/LinkedHashMap;' @16  a 'java/util/LinkedHashMap'{0x00000007203a3660} (0xe40746cc)
 - public final 'b' 'Ljava/util/IdentityHashMap;' @20  a 'java/util/IdentityHashMap'{0x00000007203a36a0} (0xe40746d4)
x17=0x00000007203a3618 is an oop: com.android.tools.r8.internal.t50 
{0x00000007203a3618} - klass: 'com/android/tools/r8/internal/t50'
 - ---- fields (total size 3 words):
 - public 'b' 'I' @12  3 (0x00000003)
 - public final 'a' 'Ljava/lang/Object;' @16  a 'com/android/tools/r8/internal/jd'{0x0000000720370f98} (0xe406e1f3)
 - public 'd' 'Ljava/lang/Object;' @20  a 'com/android/tools/r8/internal/eo3'{0x00000007203a3a68} (0xe407474d)
x18=0x0 is null
x19=0x00000007203a3590 is an oop: com.android.tools.r8.internal.eo3 
{0x00000007203a3590} - klass: 'com/android/tools/r8/internal/eo3'
 - ---- fields (total size 3 words):
 - public 'c' 'Z' @12  false (0x00)
 - public final 'a' 'Ljava/util/LinkedHashMap;' @16  a 'java/util/LinkedHashMap'{0x00000007203a3188} (0xe4074631)
 - public final 'b' 'Ljava/util/IdentityHashMap;' @20  a 'java/util/IdentityHashMap'{0x00000007203a31c8} (0xe4074639)
x20=0x00000007203ab570 is an oop: com.android.tools.r8.internal.a43 
{0x00000007203ab570} - klass: 'com/android/tools/r8/internal/a43'
 - ---- fields (total size 9 words):
 - public 'e' 'I' @12  0 (0x00000000)
 - public 'p' 'I' @16  1 (0x00000001)
 - public transient 'h' 'I' @20  31 (0x0000001f)
 - public transient 'j' 'I' @24  21 (0x00000015)
 - public transient 'k' 'I' @28  21 (0x00000015)
 - public transient 'm' 'I' @32  32 (0x00000020)
 - public transient 'n' 'I' @36  24 (0x00000018)
 - public final transient 'o' 'I' @40  32 (0x00000020)
 - public transient 'i' 'Z' @44  false (0x00)
 - public transient 'f' '[Ljava/lang/Object;' @48  a 'java/lang/Object'[33] {0x00000007203ab5b8} (0xe40756b7)
 - public transient 'g' '[I' @52  [I{0x00000007203ab650} (0xe40756ca)
 - public transient 'l' '[J' @56  [J{0x00000007203ab6e8} (0xe40756dd)
 - public transient 'q' 'Lcom/android/tools/r8/internal/y33;' @60  null (0x00000000)
 - public transient 'r' 'Lcom/android/tools/r8/it/unimi/dsi/fastutil/objects/o;' @64  null (0x00000000)
 - public transient 's' 'Lcom/android/tools/r8/internal/w51;' @68  null (0x00000000)
x21=0x00000007203a8728 is an oop: java.util.LinkedHashMap 
{0x00000007203a8728} - klass: 'java/util/LinkedHashMap'
 - ---- fields (total size 8 words):
 - transient 'keySet' 'Ljava/util/Set;' @12  null (0x00000000)
 - transient 'values' 'Ljava/util/Collection;' @16  null (0x00000000)
 - transient 'size' 'I' @20  1 (0x00000001)
 - transient 'modCount' 'I' @24  1 (0x00000001)
 - 'threshold' 'I' @28  12 (0x0000000c)
 - final 'loadFactor' 'F' @32  0.750000 (0x3f400000)
 - transient 'table' '[Ljava/util/HashMap$Node;' @36  a 'java/util/HashMap$Node'[16] {0x00000007203ab9a8} (0xe4075735)
 - transient 'entrySet' 'Ljava/util/Set;' @40  null (0x00000000)
 - transient 'putMode' 'I' @44  0 (0x00000000)
 - final 'accessOrder' 'Z' @48  false (0x00)
 - transient 'head' 'Ljava/util/LinkedHashMap$Entry;' @52  a 'java/util/LinkedHashMap$Entry'{0x00000007203ab9f8} (0xe407573f)
 - transient 'tail' 'Ljava/util/LinkedHashMap$Entry;' @56  a 'java/util/LinkedHashMap$Entry'{0x00000007203ab9f8} (0xe407573f)
x22=0x0 is null
x23=3825686335 is a compressed pointer to object: java.util.LinkedHashMap$Entry 
{0x00000007203ab9f8} - klass: 'java/util/LinkedHashMap$Entry'
 - ---- fields (total size 5 words):
 - final 'hash' 'I' @12  127486982 (0x07994c06)
 - final 'key' 'Ljava/lang/Object;' @16  a 'com/android/tools/r8/internal/wo3'{0x00000007203ab800} (0xe4075700)
 - 'value' 'Ljava/lang/Object;' @20  a 'java/lang/Object'{0x0000000680758538} (0xd00eb0a7)
 - 'next' 'Ljava/util/HashMap$Node;' @24  null (0x00000000)
 - 'before' 'Ljava/util/LinkedHashMap$Entry;' @28  null (0x00000000)
 - 'after' 'Ljava/util/LinkedHashMap$Entry;' @32  null (0x00000000)
x24=0x0000000118998000 is an unknown value
x25=
[error occurred during error reporting (printing register info), id 0xb, SIGSEGV (0xb) at pc=0x0000000103ce3034]
x26=
[error occurred during error reporting (printing register info, attempt 2), id 0xb, SIGSEGV (0xb) at pc=0x0000000103ce3034]
x27=0x00000007203a31f0 is an oop: [Ljava.lang.Object; 
{0x00000007203a31f0} - klass: 'java/lang/Object'[]
 - length: 64
x28=0x00000003809cae00 is a thread
 fp=0x0000000000000001 is an unknown value
 lr=0x0000000117c4b5d4 is at entry_point+6804 in (nmethod*)0x0000000117c49210
Compiled method (c2) 1128134 196623       4       com.android.tools.r8.internal.co3::a (297 bytes)
 total in heap  [0x0000000117c49210,0x0000000117c55488] = 49784
 relocation     [0x0000000117c49360,0x0000000117c49af8] = 1944
 constants      [0x0000000117c49b00,0x0000000117c49b40] = 64
 main code      [0x0000000117c49b40,0x0000000117c4f2b0] = 22384
 stub code      [0x0000000117c4f2b0,0x0000000117c4f8a0] = 1520
 oops           [0x0000000117c4f8a0,0x0000000117c4f8d0] = 48
 metadata       [0x0000000117c4f8d0,0x0000000117c4fbe0] = 784
 scopes data    [0x0000000117c4fbe0,0x0000000117c540b8] = 17624
 scopes pcs     [0x0000000117c540b8,0x0000000117c54cd8] = 3104
 dependencies   [0x0000000117c54cd8,0x0000000117c54d28] = 80
 handler table  [0x0000000117c54d28,0x0000000117c55358] = 1584
 nul chk table  [0x0000000117c55358,0x0000000117c55488] = 304
 sp=0x000000017cfc8c90 is pointing into the stack for thread: 0x00000003809cae00

Top of Stack: (sp=0x000000017cfc8c90)
0x000000017cfc8c90:   001a26603f400000 00000007203ab958
0x000000017cfc8ca0:   ffffffea00000001 0000000100000002
0x000000017cfc8cb0:   00000007203a3158 00000007203a3590
0x000000017cfc8cc0:   00000007203ab570 0000000100000002
0x000000017cfc8cd0:   00000007203a3618 00000007203a3a68
0x000000017cfc8ce0:   00000007203a3660 00000007203a8020
0x000000017cfc8cf0:   00000007203a8728 00000007203ab9f8
0x000000017cfc8d00:   0000000700000006 00000007203ab9a8
0x000000017cfc8d10:   00000007203ab800 00000007203ab930
0x000000017cfc8d20:   00000007203aa930 00000007203ab270
0x000000017cfc8d30:   0000000681004148 00000006896bcd78
0x000000017cfc8d40:   0000000003190d08 00000001173d9400
0x000000017cfc8d50:   e407503403c3c008 0000000720398e60
0x000000017cfc8d60:   0000000720398b58 0000000000000000
0x000000017cfc8d70:   0000000720399420 0000124003190d08
0x000000017cfc8d80:   0000000720398b58 0000000720398d28
0x000000017cfc8d90:   0000000720399420 0000000720399420
0x000000017cfc8da0:   0000000720398d50 0000003a00000040
0x000000017cfc8db0:   00000007203a3158 000000070000003c
0x000000017cfc8dc0:   0000000720399420 0000000111031a28
0x000000017cfc8dd0:   00000006f455bb98 0000000110a30f30
0x000000017cfc8de0:   00000006f455bb98 0000000110a2de68
0x000000017cfc8df0:   000000072038d5e8 000000072038e6a8
0x000000017cfc8e00:   000000017cfc8e60 0000000114953eec
0x000000017cfc8e10:   000000068072d320 000000069e02f310
0x000000017cfc8e20:   000000072038e270 0000000115050404
0x000000017cfc8e30:   00000006f5801780 0000000114b4f39c
0x000000017cfc8e40:   0000000000000001 0000000117a5b820
0x000000017cfc8e50:   00000006f455bb98 0000000111033e14
0x000000017cfc8e60:   0000000000000000 0000000400000001
0x000000017cfc8e70:   00000001e406ff15 000000072038e7f8
0x000000017cfc8e80:   000000072038ee40 00000007203707e0 

Instructions: (pc=0x0000000117c4a1d0)
0x0000000117c4a0d0:   2b 00 c0 f2 60 01 0a 8b 0b 00 c0 39 7f 09 00 71
0x0000000117c4a0e0:   61 1f 01 54 80 df 40 f9 8a e7 40 f9 0b c0 00 91
0x0000000117c4a0f0:   7f 01 0a eb a2 4c 01 54 ea 03 40 b2 8b df 00 f9
0x0000000117c4a100:   0a 00 00 f9 70 c1 80 f9 8c 6e a0 d2 0c 53 8a f2
0x0000000117c4a110:   0a 80 00 91 0c 08 00 b9 5f 7d 00 a9 0a 00 a0 12
0x0000000117c4a120:   0a 0c 00 b9 cb 0d 40 b9 ec 03 5e b2 1d 30 01 a9
0x0000000117c4a130:   ec 03 00 aa 8b 21 00 b9 6a f1 7d d3 8b 29 00 b9
0x0000000117c4a140:   4a 19 40 b9 8a 11 00 b9 bf 3b 03 d5 8b 71 c0 39
0x0000000117c4a150:   6e 01 02 11 8a 11 40 b9 df fd 01 71 69 00 00 54
0x0000000117c4a160:   7f 11 00 71 eb 2f 01 54 5f 05 00 31 ea 07 9f 1a
0x0000000117c4a170:   ca ad 00 35 6a 32 40 39 4a bf 00 35 80 df 40 f9
0x0000000117c4a180:   8a e7 40 f9 0b 40 00 91 7f 01 0a eb 02 4b 01 54
0x0000000117c4a190:   ea 03 40 b2 8b df 00 f9 6c 62 a0 d2 0c 00 99 f2
0x0000000117c4a1a0:   0a 00 00 f9 0c 08 00 b9 70 c1 80 f9 6a fe 43 d3
0x0000000117c4a1b0:   0a 0c 00 b9 bf 3b 03 d5 fd 7b 4b a9 ff 03 03 91
0x0000000117c4a1c0:   88 2b 42 f9 ff 63 28 eb 08 86 02 54 c0 03 5f d6
0x0000000117c4a1d0:   ea 2f 40 f9 4a 11 40 b9 4a f1 7d d3 ea 03 00 f9
0x0000000117c4a1e0:   ea 2f 40 f9 4b 15 40 b9 7d f1 7d d3 ea 03 40 f9
0x0000000117c4a1f0:   4a 09 40 b9 4a 09 5b d2 4a 1d 40 f9 0b 58 9f d2
0x0000000117c4a200:   ab 62 a0 f2 0b 1c c0 f2 5f 01 0b eb 01 f9 01 54
0x0000000117c4a210:   ea 03 40 f9 ea 33 00 f9 aa 0b 40 b9 4a 09 5b d2
0x0000000117c4a220:   eb 33 40 f9 6b 01 40 f9 4a 1d 40 f9 ec 1b 40 f9
0x0000000117c4a230:   8d 31 40 b9 0e bd 98 d2 6e 78 a0 f2 0e 1c c0 f2
0x0000000117c4a240:   6c 05 40 92 5f 01 0e eb c1 f7 01 54 aa f1 7d d3
0x0000000117c4a250:   ea 37 00 f9 9f 05 00 f1 61 2e 01 54 6a fd 48 d3
0x0000000117c4a260:   40 79 00 12 00 2e 01 34 2a 37 8f 52 ea c6 b3 72
0x0000000117c4a270:   0a 7c 0a 1b eb 1b 40 f9 6e 15 40 b9 4b 41 4a 4a
0x0000000117c4a280:   6a 01 0e 0a ea 13 00 b9 40 7d 7e 93 ea 37 40 f9
0x0000000117c4a290:   4d 0d 40 b9 eb 33 40 f9 70 01 40 f9 4a 01 00 8b
0x0000000117c4a2a0:   eb 13 40 b9 7f 01 0d 6b 82 f0 01 54 4c 11 40 b9
0x0000000117c4a2b0:   ea 1b 40 f9 4f 31 40 b9 4b 0d 40 b9 8a f1 7d d3
0x0000000117c4a2c0:   11 06 40 92 4a 06 00 b4 ec 1b 40 f9 8c 35 40 b9 


Stack slot to memory mapping:

stack at sp + 0 slots: 0x001a26603f400000 is an unknown value
stack at sp + 1 slots: 0x00000007203ab958 is pointing into object: [Ljava.util.HashMap$Node; 
{0x00000007203ab930} - klass: 'java/util/HashMap$Node'[]
 - length: 16
stack at sp + 2 slots: 0xffffffea00000001 is an unknown value
stack at sp + 3 slots: 0x0000000100000002 is an unknown value
stack at sp + 4 slots: 0x00000007203a3158 is an oop: java.util.ArrayList 
{0x00000007203a3158} - klass: 'java/util/ArrayList'
 - ---- fields (total size 3 words):
 - protected transient 'modCount' 'I' @12  2 (0x00000002)
 - private 'size' 'I' @16  2 (0x00000002)
 - transient 'elementData' '[Ljava/lang/Object;' @20  a 'java/lang/Object'[10] {0x00000007203a35e0} (0xe40746bc)
stack at sp + 5 slots: 0x00000007203a3590 is an oop: com.android.tools.r8.internal.eo3 
{0x00000007203a3590} - klass: 'com/android/tools/r8/internal/eo3'
 - ---- fields (total size 3 words):
 - public 'c' 'Z' @12  false (0x00)
 - public final 'a' 'Ljava/util/LinkedHashMap;' @16  a 'java/util/LinkedHashMap'{0x00000007203a3188} (0xe4074631)
 - public final 'b' 'Ljava/util/IdentityHashMap;' @20  a 'java/util/IdentityHashMap'{0x00000007203a31c8} (0xe4074639)
stack at sp + 6 slots: 0x00000007203ab570 is an oop: com.android.tools.r8.internal.a43 
{0x00000007203ab570} - klass: 'com/android/tools/r8/internal/a43'
 - ---- fields (total size 9 words):
 - public 'e' 'I' @12  0 (0x00000000)
 - public 'p' 'I' @16  1 (0x00000001)
 - public transient 'h' 'I' @20  31 (0x0000001f)
 - public transient 'j' 'I' @24  21 (0x00000015)
 - public transient 'k' 'I' @28  21 (0x00000015)
 - public transient 'm' 'I' @32  32 (0x00000020)
 - public transient 'n' 'I' @36  24 (0x00000018)
 - public final transient 'o' 'I' @40  32 (0x00000020)
 - public transient 'i' 'Z' @44  false (0x00)
 - public transient 'f' '[Ljava/lang/Object;' @48  a 'java/lang/Object'[33] {0x00000007203ab5b8} (0xe40756b7)
 - public transient 'g' '[I' @52  [I{0x00000007203ab650} (0xe40756ca)
 - public transient 'l' '[J' @56  [J{0x00000007203ab6e8} (0xe40756dd)
 - public transient 'q' 'Lcom/android/tools/r8/internal/y33;' @60  null (0x00000000)
 - public transient 'r' 'Lcom/android/tools/r8/it/unimi/dsi/fastutil/objects/o;' @64  null (0x00000000)
 - public transient 's' 'Lcom/android/tools/r8/internal/w51;' @68  null (0x00000000)
stack at sp + 7 slots: 0x0000000100000002 is an unknown value


Compiled method (c2) 1128138 196623       4       com.android.tools.r8.internal.co3::a (297 bytes)
 total in heap  [0x0000000117c49210,0x0000000117c55488] = 49784
 relocation     [0x0000000117c49360,0x0000000117c49af8] = 1944
 constants      [0x0000000117c49b00,0x0000000117c49b40] = 64
 main code      [0x0000000117c49b40,0x0000000117c4f2b0] = 22384
 stub code      [0x0000000117c4f2b0,0x0000000117c4f8a0] = 1520
 oops           [0x0000000117c4f8a0,0x0000000117c4f8d0] = 48
 metadata       [0x0000000117c4f8d0,0x0000000117c4fbe0] = 784
 scopes data    [0x0000000117c4fbe0,0x0000000117c540b8] = 17624
 scopes pcs     [0x0000000117c540b8,0x0000000117c54cd8] = 3104
 dependencies   [0x0000000117c54cd8,0x0000000117c54d28] = 80
 handler table  [0x0000000117c54d28,0x0000000117c55358] = 1584
 nul chk table  [0x0000000117c55358,0x0000000117c55488] = 304


[Constant Pool]
             Address          hex4                    hex8      
  0x0000000117c49b00:   0x60000000      0x4035555560000000      
  0x0000000117c49b04:   0x40355555                              
  0x0000000117c49b08:   0x00000000      0x0000000000000000      
  0x0000000117c49b0c:   0x00000000                              
  0x0000000117c49b10:   0x00000000      0x0000000000000000      
  0x0000000117c49b14:   0x00000000                              
  0x0000000117c49b18:   0x00000000      0x0000000000000000      
  0x0000000117c49b1c:   0x00000000                              
  0x0000000117c49b20:   0x00000000      0x0000000000000000      
  0x0000000117c49b24:   0x00000000                              
  0x0000000117c49b28:   0x00000000      0x0000000000000000      
  0x0000000117c49b2c:   0x00000000                              
  0x0000000117c49b30:   0x00000000      0x0000000000000000      
  0x0000000117c49b34:   0x00000000                              
  0x0000000117c49b38:   0x00000000      0x0000000000000000      
  0x0000000117c49b3c:   0x00000000                              

[MachCode]
[Entry Point]
  # {method} {0x00000003716a8d28} 'a' '(Lcom/android/tools/r8/internal/t50;Ljava/util/List;)Lcom/android/tools/r8/internal/zv3;' in 'com/android/tools/r8/internal/co3'
  # this:     c_rarg1:c_rarg1 
                        = 'com/android/tools/r8/internal/co3'
  # parm0:    c_rarg2:c_rarg2 
                        = 'com/android/tools/r8/internal/t50'
  # parm1:    c_rarg3:c_rarg3 
                        = 'java/util/List'
  #           [sp+0xc0]  (sp of caller)
  0x0000000117c49b40: ;   {no_reloc}
  0x0000000117c49b40: 2808 40b9 | 3f01 086b | 4000 0054 

  0x0000000117c49b4c: ;   {runtime_call ic_miss_stub}
  0x0000000117c49b4c: cd98 1717 
[Verified Entry Point]
  0x0000000117c49b50: 1f20 03d5 | e953 40d1 | 3f01 00f9 | ff03 03d1 | fd7b 0ba9 | 28ba 0218 | 8923 40b9 | 1f01 09eb 
  0x0000000117c49b70: 21b9 0254 | e303 00f9 

  0x0000000117c49b78: ; implicit exception: dispatches to 0x0000000117c4ee80
  0x0000000117c49b78: 4b14 40b9 | 73f1 7dd3 

  0x0000000117c49b80: ; implicit exception: dispatches to 0x0000000117c4ee94
  0x0000000117c49b80: 6a0a 40b9 

  0x0000000117c49b84: ;   {metadata('com/android/tools/r8/internal/eo3')}
  0x0000000117c49b84: 6c78 a0d2 | 0c3a 9bf2 | 5f01 0c6b | c18f 0254 | 94df 40f9 | 8ae7 40f9 | 8b22 0191 | 7f01 0aeb 
  0x0000000117c49ba4: 0270 0154 | ea03 40b2 | 8bdf 00f9 | 8a02 00f9 

  0x0000000117c49bb4: ;   {metadata('com/android/tools/r8/internal/a43')}
  0x0000000117c49bb4: ea63 a0d2 | 0ab1 86f2 | 8a0a 00b9 | 70c1 80f9 | 9f0e 00b9 | 8a82 0091 | 9f0a 00f9 | 5f01 00f9 
  0x0000000117c49bd4: 5ffd 00a9 | 5ffd 01a9 

  0x0000000117c49bdc: ;   {section_word}
  0x0000000117c49bdc: 30f9 ff5c | 10c2 641e | 0a02 789e | 4a05 00d1 | 4a11 c0da | ec03 1a32 | 8a01 0a4b | eb03 40b2 
  0x0000000117c49bfc: 6a21 ca9a | 0b00 8092 | 8b0e 00f9 | 1310 2d1e | 5f09 00f1 | cc00 0054 | 1010 6f1e | fd03 1f32 
  0x0000000117c49c1c: eb03 0032 | ee07 0032 | 0a00 0014 | fd03 0a2a | b003 221e | 110a 331e | 30c2 221e | ab07 0051 
  0x0000000117c49c3c: ae07 0011 | e803 62b2 | 5f01 08eb | 8c21 0254 | 10c2 641e | 0c02 781e | 9f01 0b6b | 8cb1 8b1a 
  0x0000000117c49c5c: ca7d 4093 | df01 4171 | 2800 0054 | 9d2a 00b9 | 8b16 00b9 | 9d32 0429 | df01 4171 | c86e 0154 
  0x0000000117c49c7c: 4af5 7ed3 | 80df 40f9 | 4a5d 0091 | 4bf1 7d92 | 8ce7 40f9 | 0b00 0b8b | 7f01 0ceb | c26d 0154 
  0x0000000117c49c9c: 8bdf 00f9 | ec03 40b2 | 70c1 80f9 | 0c00 00f9 

  0x0000000117c49cac: ;   {metadata('java/lang/Object'[])}
  0x0000000117c49cac: 0c00 a0d2 | 0c48 82f2 | 7001 81f9 | 0c08 00b9 | 4cfd 43d3 | 7041 81f9 | 0a40 0091 | 0e0c 00b9 
  0x0000000117c49ccc: 8b09 00d1 | 6821 00f1 | 4300 0054 

  0x0000000117c49cd8: ;   {runtime_call StubRoutines (final stubs)}
  0x0000000117c49cd8: 5ab6 1797 | 6b00 1036 | 5f7d 81a8 | 5f7d 81a8 | 4b00 0836 | 5f7d 81a8 | 4b00 0036 | 5f01 00f9 
  0x0000000117c49cf8: bf3a 03d5 | ea03 14aa | eb03 00aa | 6b01 0aca | 0dfc 43d3 | b507 0011 | 6bfd 56d3 | 8d32 00b9 
  0x0000000117c49d18: bd7f 4093 | 2b01 00b4 | 4afd 49d3 | 0b00 90d2 | 2b13 a3f2 | 2b00 c0f2 | 6001 0a8b | 0a00 c039 
  0x0000000117c49d38: 5f09 0071 | 4139 0154 | bf02 4171 | 6866 0154 | aaf7 7ed3 | 96df 40f9 | 4a6d 0091 | 4bf1 7d92 
  0x0000000117c49d58: 8ce7 40f9 | cb02 0b8b | 7f01 0ceb | 6265 0154 | 8bdf 00f9 | ec03 40b2 | 70c1 80f9 | cc02 00f9 
  0x0000000117c49d78: ;   {metadata({type array int})}
  0x0000000117c49d78: 0d00 a0d2 | 0dc7 84f2 | 7001 81f9 | cd0a 00b9 | 4cfd 43d3 | 7041 81f9 | ca42 0091 | d50e 00b9 
  0x0000000117c49d98: 8b09 00d1 | 6821 00f1 | 4300 0054 

  0x0000000117c49da4: ;   {runtime_call StubRoutines (final stubs)}
  0x0000000117c49da4: 27b6 1797 | 6b00 1036 | 5f7d 81a8 | 5f7d 81a8 | 4b00 0836 | 5f7d 81a8 | 4b00 0036 | 5f01 00f9 
  0x0000000117c49dc4: bf3a 03d5 | 8b03 c139 | 2b2a 0135 | eb03 14aa | ea03 16aa | 4a01 0bca | cdfe 43d3 | 4afd 56d3 
  0x0000000117c49de4: 8d36 00b9 | 2a01 00b4 | 6afd 49d3 | 0b00 90d2 | 2b13 a3f2 | 2b00 c0f2 | 6001 0a8b | 0a00 c039 
  0x0000000117c49e04: 5f09 0071 | a12f 0154 | bf82 4071 | 085e 0154 | 96df 40f9 | ca6e 3d8b | 8be7 40f9 | 4a61 0091 
  0x0000000117c49e24: 5f01 0beb | 425d 0154 | 8adf 00f9 | eb03 40b2 | 50c1 80f9 | cb02 00f9 

  0x0000000117c49e3c: ;   {metadata({type array long})}
  0x0000000117c49e3c: 0d00 a0d2 | 0d41 85f2 | 5001 81f9 | ab0f 0091 | cd0a 00b9 | 5041 81f9 | 6bf1 4092 | ca42 0091 
  0x0000000117c49e5c: d50e 00b9 | 6b09 00d1 | 6821 00f1 | 4300 0054 

  0x0000000117c49e6c: ;   {runtime_call StubRoutines (final stubs)}
  0x0000000117c49e6c: f5b5 1797 | 6b00 1036 | 5f7d 81a8 | 5f7d 81a8 | 4b00 0836 | 5f7d 81a8 | 4b00 0036 | 5f01 00f9 
  0x0000000117c49e8c: bf3a 03d5 | 8b03 c139 | 4b25 0135 | eb03 14aa | ea03 16aa | 4a01 0bca | cdfe 43d3 | 4afd 56d3 
  0x0000000117c49eac: 8d3a 00b9 | 2a01 00b4 | 6afd 49d3 | 0b00 90d2 | 2b13 a3f2 | 2b00 c0f2 | 6001 0a8b | 0a00 c039 
  0x0000000117c49ecc: 5f09 0071 | 2126 0154 | bf3b 03d5 | ed03 40f9 

  0x0000000117c49edc: ; implicit exception: dispatches to 0x0000000117c4eea8
  0x0000000117c49edc: ab09 40b9 

  0x0000000117c49ee0: ;   {metadata('java/util/ArrayList')}
  0x0000000117c49ee0: 6a01 a0d2 | 0ab8 96f2 | 7f01 0a6b | 01ef 0154 | ae0d 40b9 | 0c00 a012 | eb03 1f2a | aa11 40b9 
  0x0000000117c49f00: 7f01 0a6b | a100 0054 | 5300 0014 | ec1f 40b9 | f3d3 42a9 | ee3b 40b9 | aa15 40b9 | b1bd 4129 
  0x0000000117c49f20: 50f1 7dd3 | 3f02 0e6b | e103 0254 | 7f01 0f6b | ca04 0254 

  0x0000000117c49f34: ; implicit exception: dispatches to 0x0000000117c4edf0
  0x0000000117c49f34: 0f0e 40b9 | 0aca 2b8b | 7f01 0f6b | 8a05 0254 | 6c05 0011 | 7f01 0f6b | c2ea 0154 | 4f11 40b9 
  0x0000000117c49f54: f1f1 7dd3 

  0x0000000117c49f58: ; implicit exception: dispatches to 0x0000000117c4ee04
  0x0000000117c49f58: 2a0a 40b9 

  0x0000000117c49f5c: ;   {metadata('com/android/tools/r8/internal/t50')}
  0x0000000117c49f5c: 7078 a0d2 | 1001 98f2 | 5f01 106b | c171 0254 | 2a16 40b9 | 50f1 7dd3 

  0x0000000117c49f74: ; implicit exception: dispatches to 0x0000000117c4ee28
  0x0000000117c49f74: 0f0a 40b9 

  0x0000000117c49f78: ;   {metadata('com/android/tools/r8/internal/eo3')}
  0x0000000117c49f78: 6a78 a0d2 | 0a3a 9bf2 | ff01 0a6b | 2172 0254 | 0f12 40b9 | eff1 7dd3 

  0x0000000117c49f90: ; implicit exception: dispatches to 0x0000000117c4ee50
  0x0000000117c49f90: ea35 40b9 | 4af1 7dd3 | eb1f 00b9 | ea2f 00f9 | eb19 40b9 | ea2f 40f9 | f0bf 04a9 | f123 00f9 
  0x0000000117c49fb0: ec1b 00b9 | ee3b 00b9 | ed13 00f9 | f3d3 02a9 | eb3f 00b9 | 6a10 00b5 | ea27 40f9 | 4b11 40b9 
  0x0000000117c49fd0: ea2b 40f9 | 4c19 40b9 | ed3f 40b9 | 6af1 7dd3 | ec13 00b9 | 9f01 0d6b | 8101 0254 

  0x0000000117c49fec: ; implicit exception: dispatches to 0x0000000117c4ee68
  0x0000000117c49fec: 4b35 40b9 | ea2b 00f9 | 6af1 7dd3 | ea2f 00f9 | ea2b 40f9 | 4a19 40b9 | ea3f 00b9 | ea2f 40f9 
  0x0000000117c4a00c: aaaf 00b5 | ea2b 40f9 | 5d19 40b9 | eb3f 40b9 | bf03 0b6b | 8100 0254 | eb23 40f9 | 6c0d 40b9 
  0x0000000117c4a02c: ; ImmutableOopMap {[32]=Oop [40]=Oop [48]=Oop [72]=Oop }
                      ;*if_icmpne {reexecute=1 rethrow=0 return_oop=0}
                      ; - (reexecute) com.android.tools.r8.internal.co3::a@84 (line 29)
  0x0000000117c4a02c: 8a2f 42f9 

  0x0000000117c4a030: ;   {poll}
  0x0000000117c4a030: 5f01 40b9 | 9f09 0071 | e0c7 0054 | ed13 40f9 | aa11 40b9 | eb1b 40b9 | 7f01 0a6b | 01f6 ff54 
  0x0000000117c4a050: f3d3 42a9 | 8a3e 40b9 | 5df1 7dd3 | fdf3 01b5 | 8edf 40f9 | 8ae7 40f9 | cb41 0091 | 7f01 0aeb 
  0x0000000117c4a070: 4252 0154 | ea03 40b2 | 8bdf 00f9 | ca01 00f9 

  0x0000000117c4a080: ;   {metadata('com/android/tools/r8/internal/y33')}
  0x0000000117c4a080: 6a78 a0d2 | 0a06 9cf2 | ca09 00b9 | 70c1 80f9 | 8bfe 43d3 | cb0d 00b9 | bf3b 03d5 | 8a03 c139 
  0x0000000117c4a0a0: 4a16 0135 | ea03 14aa | eb03 0eaa | 6b01 0aca | ccfd 43d3 | 6bfd 56d3 | fd7f 60b2 | 8c3e 00b9 
  0x0000000117c4a0c0: 2b01 00b4 | 4afd 49d3 | 0b00 90d2 | 2b13 a3f2 | 2b00 c0f2 | 6001 0a8b | 0b00 c039 | 7f09 0071 
  0x0000000117c4a0e0: 611f 0154 | 80df 40f9 | 8ae7 40f9 | 0bc0 0091 | 7f01 0aeb | a24c 0154 | ea03 40b2 | 8bdf 00f9 
  0x0000000117c4a100: 0a00 00f9 | 70c1 80f9 

  0x0000000117c4a108: ;   {metadata('com/android/tools/r8/internal/u33')}
  0x0000000117c4a108: 8c6e a0d2 | 0c53 8af2 | 0a80 0091 | 0c08 00b9 | 5f7d 00a9 | 0a00 a012 | 0a0c 00b9 | cb0d 40b9 
  0x0000000117c4a128: ec03 5eb2 | 1d30 01a9 | ec03 00aa | 8b21 00b9 | 6af1 7dd3 | 8b29 00b9 

  0x0000000117c4a140: ; implicit exception: dispatches to 0x0000000117c4eebc
  0x0000000117c4a140: 4a19 40b9 | 8a11 00b9 | bf3b 03d5 | 8b71 c039 | 6e01 0211 | 8a11 40b9 | dffd 0171 | 6900 0054 
  0x0000000117c4a160: 7f11 0071 | eb2f 0154 | 5f05 0031 | ea07 9f1a | caad 0035 | 6a32 4039 | 4abf 0035 | 80df 40f9 
  0x0000000117c4a180: 8ae7 40f9 | 0b40 0091 | 7f01 0aeb | 024b 0154 | ea03 40b2 | 8bdf 00f9 

  0x0000000117c4a198: ;   {metadata('com/android/tools/r8/internal/zv3')}
  0x0000000117c4a198: 6c62 a0d2 | 0c00 99f2 | 0a00 00f9 | 0c08 00b9 | 70c1 80f9 | 6afe 43d3 | 0a0c 00b9 | bf3b 03d5 
  0x0000000117c4a1b8: fd7b 4ba9 | ff03 0391 

  0x0000000117c4a1c0: ;   {poll_return}
  0x0000000117c4a1c0: 882b 42f9 | ff63 28eb | 0886 0254 | c003 5fd6 | ea2f 40f9 | 4a11 40b9 | 4af1 7dd3 | ea03 00f9 
  0x0000000117c4a1e0: ea2f 40f9 | 4b15 40b9 | 7df1 7dd3 | ea03 40f9 

  0x0000000117c4a1f0: ; implicit exception: dispatches to 0x0000000117c4ef48
  0x0000000117c4a1f0: 4a09 40b9 | 4a09 5bd2 | 4a1d 40f9 

  0x0000000117c4a1fc: ;   {metadata('com/android/tools/r8/internal/y04')}
  0x0000000117c4a1fc: 0b58 9fd2 | ab62 a0f2 | 0b1c c0f2 | 5f01 0beb | 01f9 0154 | ea03 40f9 | ea33 00f9 

  0x0000000117c4a218: ; implicit exception: dispatches to 0x0000000117c4ef64
  0x0000000117c4a218: aa0b 40b9 | 4a09 5bd2 | eb33 40f9 | 6b01 40f9 | 4a1d 40f9 | ec1b 40f9 | 8d31 40b9 

  0x0000000117c4a234: ;   {metadata('com/android/tools/r8/internal/zo3')}
  0x0000000117c4a234: 0ebd 98d2 | 6e78 a0f2 | 0e1c c0f2 | 6c05 4092 | 5f01 0eeb | c1f7 0154 | aaf1 7dd3 | ea37 00f9 
  0x0000000117c4a254: 9f05 00f1 | 612e 0154 | 6afd 48d3 | 4079 0012 | 002e 0134 | 2a37 8f52 | eac6 b372 | 0a7c 0a1b 
  0x0000000117c4a274: eb1b 40f9 | 6e15 40b9 | 4b41 4a4a | 6a01 0e0a | ea13 00b9 | 407d 7e93 | ea37 40f9 

  0x0000000117c4a290: ; implicit exception: dispatches to 0x0000000117c4ef7c
  0x0000000117c4a290: 4d0d 40b9 | eb33 40f9 | 7001 40f9 | 4a01 008b | eb13 40b9 | 7f01 0d6b | 82f0 0154 | 4c11 40b9 
  0x0000000117c4a2b0: ea1b 40f9 | 4f31 40b9 | 4b0d 40b9 | 8af1 7dd3 | 1106 4092 | 4a06 00b4 | ec1b 40f9 | 8c35 40b9 
  0x0000000117c4a2d0: 8cf1 7dd3 | ec3b 00f9 | ec33 40f9 | 9f01 0aeb | 6004 0054 | ea13 40b9 | 4c05 0011 | 9d01 0e0a 
  0x0000000117c4a2f0: ea37 40f9 | 4ac9 3d8b | bf03 0d6b | 2221 0254 | 4a11 40b9 | 4af1 7dd3 | 2a04 00b4 | 1f20 03d5 
  0x0000000117c4a310: ; ImmutableOopMap {r10=Oop r15=NarrowOop [32]=Oop [40]=Oop [48]=Oop [64]=Oop [72]=Oop [80]=Oop [88]=Oop [96]=Oop [104]=Oop [112]=Oop }
                      ;*if_acmpne {reexecute=1 rethrow=0 return_oop=0}
                      ; - (reexecute) com.android.tools.r8.internal.a43::e@97 (line 10)
                      ; - com.android.tools.r8.internal.co3::a@3 (line 184)
                      ; - com.android.tools.r8.internal.co3$$Lambda/0x000000e003c47578::accept@12
                      ; - java.util.LinkedHashMap::forEach@35 (line 986)
                      ; - com.android.tools.r8.internal.co3::a@63 (line 24)
  0x0000000117c4a310: 8c2f 42f9 

  0x0000000117c4a314: ;   {poll}
  0x0000000117c4a314: 9f01 40b9 | ec33 40f9 | 9f01 0aeb | 2101 0054 | ea3b 40f9 

  0x0000000117c4a328: ; implicit exception: dispatches to 0x0000000117c4f080
  0x0000000117c4a328: 4a0d 40b9 | bf03 0a6b | 6220 0254 | ea3b 40f9 | 4ac9 3d8b | 4b11 40b9 | 1300 0014 | ac07 0011 
  0x0000000117c4a348: 9d01 0e0a | bf03 0d6b | 0214 0254 | ea37 40f9 | 4ac9 3d8b | 4c11 40b9 | 8af1 7dd3 | 6afd ffb5 
  0x0000000117c4a368: 0900 0014 | ea3b 40f9 

  0x0000000117c4a370: ; implicit exception: dispatches to 0x0000000117c4efe0
  0x0000000117c4a370: 4a0d 40b9 | ec13 40b9 | 9f01 0a6b | c2f5 0154 | ea3b 40f9 | 4a01 008b | 4b11 40b9 | 6b05 0011 
  0x0000000117c4a390: eaf1 7dd3 | eb13 00b9 | ea37 00f9 | 3f06 00f1 | 2125 0154 | 0afe 48d3 | 4079 0012 | c024 0134 
  0x0000000117c4a3b0: 2a37 8f52 | eac6 b372 | 0a7c 0a1b | 4b41 4a4a | 6a01 0e0a | ea17 00b9 | ea37 40f9 

  0x0000000117c4a3cc: ; implicit exception: dispatches to 0x0000000117c4ef90
  0x0000000117c4a3cc: 4d0d 40b9 | eb17 40b9 | 4ac9 2b8b | eb1b 40f9 | 7335 40b9 | ec17 40b9 | 9f01 0d6b | 42e7 0154 
  0x0000000117c4a3ec: 4b11 40b9 | 6af2 7dd3 | ea3b 00f9 | 6af1 7dd3 | ca04 00b4 | eb33 40f9 | 7f01 0aeb | c004 0054 
  0x0000000117c4a40c: ea03 0c2a | 4b05 0011 | 6a01 0e0a | ea17 00b9 | ec17 40b9 | ea37 40f9 | 4ac9 2c8b | 9f01 0d6b 
  0x0000000117c4a42c: 8209 0254 | 4b11 40b9 | 6af1 7dd3 | 4a02 00b4 | 1f20 03d5 

  0x0000000117c4a440: ; ImmutableOopMap {r10=Oop r19=NarrowOop [32]=Oop [40]=Oop [48]=Oop [64]=Oop [72]=Oop [80]=Oop [88]=Oop [96]=Oop [104]=Oop [112]=Oop }
                      ;*if_acmpne {reexecute=1 rethrow=0 return_oop=0}
                      ; - (reexecute) com.android.tools.r8.internal.a43::h@89 (line 10)
                      ; - com.android.tools.r8.internal.a43::a@2 (line 14)
                      ; - com.android.tools.r8.internal.co3::a@11 (line 184)
                      ; - com.android.tools.r8.internal.co3$$Lambda/0x000000e003c47578::accept@12
                      ; - java.util.LinkedHashMap::forEach@35 (line 986)
                      ; - com.android.tools.r8.internal.co3::a@63 (line 24)
  0x0000000117c4a440: 8b2f 42f9 

  0x0000000117c4a444: ;   {poll}
  0x0000000117c4a444: 7f01 40b9 | eb33 40f9 | 7f01 0aeb | 8002 0054 | eb17 40b9 | 6a05 0011 | 4b01 0e0a | eb17 00b9 
  0x0000000117c4a464: 7f01 0d6b | 42f3 0154 | ea37 40f9 | 4ac9 2b8b | 4a11 40b9 | 4af1 7dd3 | 2afe ffb5 | ec17 40b9 
  0x0000000117c4a484: 0a00 a012 | 4a01 0c4b | ea17 00b9 | 0400 0014 | 0a00 a012 | 4b01 0c4b | eb17 00b9 | ea17 40b9 
  0x0000000117c4a4a4: ec17 40b9 | 4a7d 4093 | 0ca3 f836 | 0b00 8092 | 7401 0acb | ea1b 40f9 | 4b31 40b9 | 4c21 40b9 
  0x0000000117c4a4c4: 6af1 7dd3 | ed17 40b9 | 0b00 a012 | 95f6 7ed3 | ea3f 00f9 | 6b01 0d4b | ec6b 00b9 | 4a01 158b 
  0x0000000117c4a4e4: eb6f 00b9 | 7f01 0c6b | 40f9 0154 | eb3f 40f9 

  0x0000000117c4a4f4: ; implicit exception: dispatches to 0x0000000117c4efa4
  0x0000000117c4a4f4: 6c0d 40b9 | 5641 0091 | 6b09 40b9 | ea6f 40b9 | 5f01 0c6b | 22e3 0154 

  0x0000000117c4a50c: ;   {metadata('java/lang/Object'[])}
  0x0000000117c4a50c: 0a00 a0d2 | 0a48 82f2 | 7f01 0a6b | e1e5 0154 | 8a03 c139 | 8a30 0135 | ea33 40f9 | eb03 16aa 
  0x0000000117c4a52c: 4a01 0bca | ec33 40f9 | 8cfd 43d3 | 4afd 56d3 | cc02 00b9 | aa2e 01b4 | 6afd 49d3 | 0b00 90d2 
  0x0000000117c4a54c: 2b13 a3f2 | 2b00 c0f2 | 6001 0a8b | 0b00 c039 | 7f09 0071 | e12f 0154 | ea3b 40f9 | aa2d 01b4 
  0x0000000117c4a56c: ea1b 40f9 | 6bf2 7dd3 | 4a39 40b9 | eb33 00f9 | 6c0d 40b9 | 4af1 7dd3 | eb6f 40b9 | ea3b 00f9 
  0x0000000117c4a58c: 7f01 0c6b | a2df 0154 | ea33 40f9 | 4b01 158b | ea1b 40f9 | 4c11 40b9 | ec63 00b9 | ec13 40b9 
  0x0000000117c4a5ac: 6c11 00b9 | 4a25 40b9 | ec63 40b9 | 91f2 7dd3 | ac07 0134 | eb1b 40f9 | 7d1d 40b9 | 8f05 0011 
  0x0000000117c4a5cc: ab7f 4093 | ec3b 40f9 

  0x0000000117c4a5d4: ; implicit exception: dispatches to 0x0000000117c4efb8
  0x0000000117c4a5d4: 900d 40b9 | 8c6d 2b8b | bf03 106b | e2dd 0154 | 8d09 40f9 | 8e7e 4092 | ce01 0dca | ce7d 4092 
  0x0000000117c4a5f4: cd01 0dca | 6b7d 60d3 | 8d09 00f9 | 7d7d 40b2 | ec6f 40b9 | 9f01 106b | 62dd 0154 | eb1b 40f9 
  0x0000000117c4a614: 6c1d 00b9 | eb3b 40f9 | 6b01 118b | 7d09 00f9 | ed63 40b9 | eb1b 40f9 | 6f11 00b9 | bf01 0a6b 
  0x0000000117c4a634: 8a07 0154 | ea2f 40f9 | 4b21 40b9 | 8a2f 42f9 

  0x0000000117c4a644: ; ImmutableOopMap {r11=Oop [32]=Oop [40]=Oop [48]=Oop [64]=Oop [72]=Oop [80]=Oop }
                      ;*goto {reexecute=1 rethrow=0 return_oop=0}
                      ; - (reexecute) java.util.LinkedHashMap::forEach@45 (line 985)
                      ; - com.android.tools.r8.internal.co3::a@63 (line 24)
  0x0000000117c4a644: 6bf1 7dd3 

  0x0000000117c4a648: ;   {poll}
  0x0000000117c4a648: 5f01 40b9 | eb2f 00f9 | 0bdc ffb5 | 5dfe ff17 | 7f01 0aeb | 0084 0054 | aa1b 40b9 | 4af1 7dd3 
  0x0000000117c4a668: 4a02 00b4 | ac0b 40b9 

  0x0000000117c4a670: ;   {metadata('java/util/HashMap$TreeNode')}
  0x0000000117c4a670: 4b03 a0d2 | 0ba1 85f2 | 9f01 0b6b | e1c5 0054 | ea03 1daa | f303 00bd | e103 0aaa | e333 40f9 
  0x0000000117c4a690: ; ImmutableOopMap {[32]=Oop [40]=Oop [48]=Oop [64]=Oop [72]=Oop [80]=Oop [88]=Oop [96]=Oop [104]=Oop [112]=Oop }
                      ;*invokevirtual getTreeNode {reexecute=0 rethrow=0 return_oop=1}
                      ; - java.util.HashMap::getNode@95 (line 582)
                      ; - java.util.LinkedHashMap::get@2 (line 536)
                      ; - com.android.tools.r8.internal.co3::a@5 (line 185)
                      ; - com.android.tools.r8.internal.co3$$Lambda/0x000000e003c477a0::accept@20
                      ; - java.util.LinkedHashMap::forEach@35 (line 986)
                      ; - com.android.tools.r8.internal.co3::a@77 (line 28)
                      ;   {optimized virtual_call}
  0x0000000117c4a690: bc96 1797 

  0x0000000117c4a694: ;   {other}
  0x0000000117c4a694: 1f20 03d5 | 9f90 82f2 | 1f80 80f2 | 40e3 00b4 | fd03 00aa | f303 40bd | 0c04 0014 | ea03 1faa 
  0x0000000117c4a6b4: ea37 00f9 | ea17 40f9 | 4a15 40b9 | 4af1 7dd3 

  0x0000000117c4a6c4: ; implicit exception: dispatches to 0x0000000117c4ef20
  0x0000000117c4a6c4: 4b1d 40b9 | ea33 40f9 | 4a01 40f9 | 6bf1 7dd3 | eb3f 00f9 | 4b05 4092 | ec3f 40f9 

  0x0000000117c4a6e0: ; implicit exception: dispatches to 0x0000000117c4ef34
  0x0000000117c4a6e0: 8d0d 40b9 | ed83 00b9 | 7f05 00f1 | c108 0154 | 4afd 48d3 | 4079 0012 | 6008 0134 | 0a78 1f53 
  0x0000000117c4a700: 4b21 004b | ea83 40b9 | 4a05 0051 | 7d01 0a0a | ea3f 40f9 | 4ac9 3d8b | ec83 40b9 | 9f01 0071 
  0x0000000117c4a720: 89cf 0154 | 4a11 40b9 | 4bf1 7dd3 | ec33 40f9 | 7f01 0ceb | 8002 0054 | 1f20 03d5 | 1f20 03d5 
  0x0000000117c4a740: 6a04 0034 | bd0b 0011 | ea83 40b9 | bf03 0a6b | 6af5 0054 

  0x0000000117c4a754: ; ImmutableOopMap {[32]=Oop [40]=Oop [48]=Oop [64]=Oop [72]=Oop [80]=Oop [88]=Oop [96]=Oop [104]=Oop [112]=Oop [120]=Oop }
                      ;*goto {reexecute=1 rethrow=0 return_oop=0}
                      ; - (reexecute) java.util.IdentityHashMap::get@57 (line 348)
                      ; - com.android.tools.r8.internal.co3::a@16 (line 186)
                      ; - com.android.tools.r8.internal.co3$$Lambda/0x000000e003c477a0::accept@20
                      ; - java.util.LinkedHashMap::forEach@35 (line 986)
                      ; - com.android.tools.r8.internal.co3::a@77 (line 28)
  0x0000000117c4a754: 8a2f 42f9 

  0x0000000117c4a758: ;   {poll}
  0x0000000117c4a758: 5f01 40b9 | ea3f 40f9 | 4ac9 3d8b | ec83 40b9 | bf03 0c6b | a2dc 0154 | 4a11 40b9 | 4bf1 7dd3 
  0x0000000117c4a778: ec33 40f9 | 7f01 0ceb | 01fe ff54 | ea3f 40f9 | 4ac9 3d8b | bd07 0011 | eb83 40b9 | bf03 0b6b 
  0x0000000117c4a798: a2d2 0154 | 4b15 40b9 | 7df1 7dd3 | 5d01 00b4 | aa0b 40b9 | 4a09 5bd2 | 4a1d 40f9 

  0x0000000117c4a7b4: ;   {metadata('com/android/tools/r8/internal/zo3')}
  0x0000000117c4a7b4: 0bbd 98d2 | 6b78 a0f2 | 0b1c c0f2 | 5f01 0beb | 21d2 0154 | 0200 0014 | fd03 1faa | ea37 40f9 
  0x0000000117c4a7d4: 2a34 00b5 | eb13 40f9 | 6b11 40b9 | eb03 00b9 | eb1b 40f9 | 6c31 40b9 | ea33 40f9 | 4a01 40f9 
  0x0000000117c4a7f4: ed03 40b9 | bf05 0071 | 8cf1 7dd3 | ed17 9f1a | 4b05 4092 | ec37 00f9 | ed7b 00b9 | 7f05 00f1 
  0x0000000117c4a814: 4120 0154 | 4afd 48d3 | 4079 0012 | e01f 0134 | 2b37 8f52 | ebc6 b372 | 0b7c 0b1b | ea1b 40f9 
  0x0000000117c4a834: 4a15 40b9 | 6c41 4b4a | 8b01 0a0a | eb7f 00b9 | 6b7d 7e93 | ec37 40f9 

  0x0000000117c4a84c: ; implicit exception: dispatches to 0x0000000117c4efcc
  0x0000000117c4a84c: 8c0d 40b9 | ed37 40f9 | ad01 0b8b | ef7f 40b9 | ff01 0c6b | e2cd 0154 | ae11 40b9 | ed1b 40f9 
  0x0000000117c4a86c: af0d 40b9 | cdf1 7dd3 | ef83 00b9 | 4d06 00b4 | ee1b 40f9 | ce35 40b9 | cef1 7dd3 | ee47 00f9 
  0x0000000117c4a88c: ee33 40f9 | df01 0deb | 4004 0054 | ed7f 40b9 | ad05 0011 | bd01 0a0a | eb37 40f9 | 6bc9 3d8b 
  0x0000000117c4a8ac: bf03 0c6b | 22f7 0154 | 6d11 40b9 | abf1 7dd3 | 2b04 00b4 

  0x0000000117c4a8c0: ; ImmutableOopMap {r11=Oop [32]=Oop [40]=Oop [48]=Oop [64]=Oop [72]=Oop [80]=Oop [88]=Oop [96]=Oop [104]=Oop [112]=Oop [136]=Oop }
                      ;*if_acmpne {reexecute=1 rethrow=0 return_oop=0}
                      ; - (reexecute) com.android.tools.r8.internal.a43::e@97 (line 10)
                      ; - com.android.tools.r8.internal.co3::a@68 (line 191)
                      ; - com.android.tools.r8.internal.co3$$Lambda/0x000000e003c477a0::accept@20
                      ; - java.util.LinkedHashMap::forEach@35 (line 986)
                      ; - com.android.tools.r8.internal.co3::a@77 (line 28)
  0x0000000117c4a8c0: 8d2f 42f9 

  0x0000000117c4a8c4: ;   {poll}
  0x0000000117c4a8c4: bf01 40b9 | ed33 40f9 | bf01 0beb | 2101 0054 | ea47 40f9 

  0x0000000117c4a8d8: ; implicit exception: dispatches to 0x0000000117c4f0a8
  0x0000000117c4a8d8: 4b0d 40b9 | bf03 0b6b | c2f6 0154 | 4ac9 3d8b | 4b11 40b9 | eb83 00b9 | 1400 0014 | ab07 0011 
  0x0000000117c4a8f8: 7d01 0a0a | bf03 0c6b | 82f3 0154 | eb37 40f9 | 6bc9 3d8b | 6b11 40b9 | 6bf1 7dd3 | 6bfd ffb5 
  0x0000000117c4a918: 0a00 0014 | ea47 40f9 

  0x0000000117c4a920: ; implicit exception: dispatches to 0x0000000117c4f030
  0x0000000117c4a920: 4a0d 40b9 | ec7f 40b9 | 9f01 0a6b | e2cd 0154 | ea47 40f9 | 4a01 0b8b | 4a11 40b9 | ea83 00b9 
  0x0000000117c4a940: ea83 40b9 | 5f05 0071 | 21d7 0154 | eb03 40b9 | 7f05 0071 | e000 0054 | ea3b 40f9 | 4a09 40b9 
  0x0000000117c4a960: ;   {metadata('com/android/tools/r8/internal/wo3')}
  0x0000000117c4a960: 6c78 a0d2 | 0c4b 99f2 | 5f01 0c6b | c127 0054 | ea17 40f9 | 4a11 40b9 | 4af1 7dd3 | ea37 00f9 
  0x0000000117c4a980: ; implicit exception: dispatches to 0x0000000117c4eff4
  0x0000000117c4a980: 4b25 40b9 | ea33 40f9 | 4a0d 40b9 | 4a41 4a4a | ea7b 00b9 | 6af1 7dd3 | ea43 00f9 | ca96 00b4 
  0x0000000117c4a9a0: 4b0d 40b9 | eb7f 00b9 | 7f01 0071 | 49de 0154 | ea7f 40b9 | 4a05 0051 | ec7b 40b9 | 4b01 0c0a 
  0x0000000117c4a9c0: ea43 40f9 | 4ac9 2b8b | eb8b 00b9 | 4a41 0091 | eb7f 40b9 | ea03 00f9 | abc3 0134 | 4b01 40b9 
  0x0000000117c4a9e0: 6af1 7dd3 | ea4b 00f9 | ea33 40f9 | 4afd 43d3 | ea0b 00b9 | ea3b 40f9 | 4bfd 43d3 | ea4b 40f9 
  0x0000000117c4aa00: eb0f 00b9 | 2a03 00b4 | 4a0d 40b9 | 5f01 0c6b | a0bc 0054 | ea4b 40f9 | 4b09 40b9 

  0x0000000117c4aa1c: ;   {metadata('java/util/HashMap$TreeNode')}
  0x0000000117c4aa1c: 4a03 a0d2 | 0aa1 85f2 | 7f01 0a6b | c193 0054 | ea4b 40f9 | f303 00bd | e103 0aaa | e237 40f9 
  0x0000000117c4aa3c: e343 40f9 | e403 0c2a | e533 40f9 | e63b 40f9 

  0x0000000117c4aa4c: ; ImmutableOopMap {[8]=NarrowOop [12]=NarrowOop [32]=Oop [40]=Oop [48]=Oop [64]=Oop [72]=Oop [80]=Oop [88]=Oop [96]=Oop [104]=Oop [112]=Oop }
                      ;*invokevirtual putTreeVal {reexecute=0 rethrow=0 return_oop=1}
                      ; - java.util.HashMap::putVal@123 (line 644)
                      ; - java.util.HashMap::put@9 (line 618)
                      ; - com.android.tools.r8.internal.co3::a@152 (line 197)
                      ; - com.android.tools.r8.internal.co3$$Lambda/0x000000e003c477a0::accept@20
                      ; - java.util.LinkedHashMap::forEach@35 (line 986)
                      ; - com.android.tools.r8.internal.co3::a@77 (line 28)
                      ;   {optimized virtual_call}
  0x0000000117c4aa4c: cd95 1797 

  0x0000000117c4aa50: ;   {other}
  0x0000000117c4aa50: 1f20 03d5 | 1f08 83f2 | 1fe0 80f2 | e0b9 00b5 | f303 40bd | 6f00 0014 | 8adf 40f9 | ec03 0aaa 
  0x0000000117c4aa70: 8ae7 40f9 | 8ba1 0091 | 7f01 0aeb | 6263 0154 | ed03 40b2 | 8bdf 00f9 | ea03 0caa | 4d01 00f9 
  0x0000000117c4aa90: ;   {metadata('java/util/LinkedHashMap$Entry')}
  0x0000000117c4aa90: 4d03 a0d2 | 0dea 85f2 | 4d09 00b9 | 70c1 80f9 | 5f0d 00b9 | 4a41 0091 | 5f01 00f9 | 5ffd 00a9 
  0x0000000117c4aab0: ea03 0caa | ec0b 40b9 | 4c11 00b9 | eb7b 40b9 | 4b0d 00b9 | ec0f 40b9 | 4c15 00b9 | bf3b 03d5 
  0x0000000117c4aad0: ea4b 00f9 | ea37 40f9 | 5d2d 40b9 | bf07 0071 | 60df 0154 | 8b03 c139 | 2b15 0135 | ea37 40f9 
  0x0000000117c4aaf0: eb4b 40f9 | ec37 40f9 | 9339 40b9 | 6b01 0aca | ec43 40f9 | 9509 40b9 | ec4b 40f9 | 94fd 43d3 
  0x0000000117c4ab10: 6bfd 56d3 | 76f2 7dd3 

  0x0000000117c4ab18: ;   {metadata('java/util/HashMap$Node'[])}
  0x0000000117c4ab18: 5703 a0d2 | 17cc 84f2 | ec37 40f9 | 9439 00b9 | 2b01 00b4 | 4afd 49d3 | 0b00 90d2 | 2b13 a3f2 
  0x0000000117c4ab38: 2b00 c0f2 | 6001 0a8b | 0a00 c039 | 5f09 0071 | 0115 0154 | d6d5 00b4 | 8b03 c139 | 8b1c 0135 
  0x0000000117c4ab58: ea4b 40f9 | eb03 16aa | 6b01 0aca | 6bfd 56d3 | ec4b 40f9 | 931d 00b9 | 2b01 00b4 | 4afd 49d3 
  0x0000000117c4ab78: 0b00 90d2 | 2b13 a3f2 | 2b00 c0f2 | 6001 0a8b | 0b00 c039 | 7f09 0071 | 611f 0154 | 8a03 c139 
  0x0000000117c4ab98: 0a19 0135 | eb4b 40f9 | ea03 16aa | 6b01 0aca | 6bfd 56d3 | d422 00b9 | 2b01 00b4 | 4afd 49d3 
  0x0000000117c4abb8: 0b00 90d2 | 2b13 a3f2 | 2b00 c0f2 | 6001 0a8b | 0a00 c039 | 5f09 0071 | 211a 0154 | bf02 176b 
  0x0000000117c4abd8: 21ba 0154 | 8b03 c139 | cb0e 0135 | ea03 40f9 | eb4b 40f9 | 6b01 0aca | 6bfd 56d3 | ec03 40f9 
  0x0000000117c4abf8: 9401 00b9 | 2b01 00b4 | 4afd 49d3 | 0b00 90d2 | 2b13 a3f2 | 2b00 c0f2 | 6001 0a8b | 0b00 c039 
  0x0000000117c4ac18: 7f09 0071 | a111 0154 | eb37 40f9 | 6c19 40b9 | ea37 40f9 | 4a15 40b9 | 8d05 0011 | 4a05 0011 
  0x0000000117c4ac38: 6b1d 40b9 | ec37 40f9 | 8ab5 0229 | 5f01 0b6b | acc7 0054 | eb37 40f9 | 6c35 40b9 | 9df1 7dd3 
  0x0000000117c4ac58: ea37 40f9 | 4a09 40b9 | ddc6 01b4 

  0x0000000117c4ac64: ;   {metadata('java/util/LinkedHashMap')}
  0x0000000117c4ac64: eb01 a0d2 | 0b04 98f2 | 5f01 0b6b | e1b1 0154 | ea17 40f9 | 4a15 40b9 | 4af1 7dd3 | ea37 00f9 
  0x0000000117c4ac84: ; implicit exception: dispatches to 0x0000000117c4f008
  0x0000000117c4ac84: 4b1d 40b9 | ea33 40f9 | 4a01 40f9 | 6bf1 7dd3 | eb3f 00f9 | 4b05 4092 | ec3f 40f9 

  0x0000000117c4aca0: ; implicit exception: dispatches to 0x0000000117c4f01c
  0x0000000117c4aca0: 8d0d 40b9 | ed03 00b9 | 7f05 00f1 | 81fc 0054 | 4afd 48d3 | 4079 0012 | 20fc 0034 | 0a78 1f53 
  0x0000000117c4acc0: 4b21 004b | ec03 40b9 | 8a05 0051 | 6a01 0a0a | ea83 00b9 | ec97 00b9 | eb83 40b9 | ea3f 40f9 
  0x0000000117c4ace0: 4ac9 2b8b | 4b41 0091 | eb0b 00f9 | eb03 40b9 | ec83 40b9 | 9f01 0b6b | e2a2 0154 | eb0b 40f9 
  0x0000000117c4ad00: 6b01 40b9 | 4a51 0091 | ec3f 40f9 | ea47 00f9 | 8d09 40b9 | 6af1 7dd3 | ec83 40b9 | 8b05 0011 
  0x0000000117c4ad20: ed07 00b9 | eb87 00b9 | ea01 00b4 | eb33 40f9 | 5f01 0beb | 20a8 0054 | 8b09 0011 | ec97 40b9 
  0x0000000117c4ad40: eb83 00b9 | 7f01 0c6b | 8ace 0054 

  0x0000000117c4ad4c: ; ImmutableOopMap {[8]=NarrowOop [12]=NarrowOop [32]=Oop [40]=Oop [48]=Oop [64]=Oop [72]=Oop [80]=Oop [88]=Oop [96]=Oop [104]=Oop [112]=Oop [120]=Oop }
                      ;*goto {reexecute=1 rethrow=0 return_oop=0}
                      ; - (reexecute) java.util.IdentityHashMap::put@70 (line 443)
                      ; - com.android.tools.r8.internal.co3::a@164 (line 198)
                      ; - com.android.tools.r8.internal.co3$$Lambda/0x000000e003c477a0::accept@20
                      ; - java.util.LinkedHashMap::forEach@35 (line 986)
                      ; - com.android.tools.r8.internal.co3::a@77 (line 28)
  0x0000000117c4ad4c: 8a2f 42f9 

  0x0000000117c4ad50: ;   {poll}
  0x0000000117c4ad50: 5f01 40b9 | ea3f 40f9 | 4a0d 40b9 | ea03 00b9 | deff ff17 | ea37 40f9 | 4b15 40b9 | 6a05 0b0b 
  0x0000000117c4ad70: 4c0d 0011 | 7d05 0011 | ea97 40b9 | 9f01 0a6b | cccf 0054 | ea37 40f9 | 4a19 40b9 | 4b05 0011 
  0x0000000117c4ad90: ea37 40f9 | 4b19 00b9 

  0x0000000117c4ad98: ;   {metadata('java/lang/Object'[])}
  0x0000000117c4ad98: 0a00 a0d2 | 0a48 82f2 | eb07 40b9 | 7f01 0a6b | 01a7 0154 | 8b03 c139 | 6bf5 0035 | ea0b 40f9 
  0x0000000117c4adb8: eb33 40f9 | 6b01 0aca | ee0b 40b9 | 6bfd 56d3 | ec0b 40f9 | 8e01 00b9 | 2b01 00b4 | 4afd 49d3 
  0x0000000117c4add8: 0b00 90d2 | 2b13 a3f2 | 2b00 c0f2 | 6001 0a8b | 0b00 c039 | 7f09 0071 | 61f6 0054 | ec03 40b9 
  0x0000000117c4adf8: ea87 40b9 | 5f01 0c6b | 22a3 0154 | 8b03 c139 | 2bf4 0035 | ea47 40f9 | eb3b 40f9 | 6b01 0aca 
  0x0000000117c4ae18: ed0f 40b9 | 6bfd 56d3 | ec47 40f9 | 8d01 00b9 | 2b01 00b4 | 4afd 49d3 | 0b00 90d2 | 2b13 a3f2 
  0x0000000117c4ae38: 2b00 c0f2 | 6001 0a8b | 0b00 c039 | 7f09 0071 | e1f6 0054 | ea37 40f9 | 5d15 00b9 | e401 0014 
  0x0000000117c4ae58: 3dbb 01b4 | fd43 00f9 | bc00 0014 | 80df 40f9 | 8ae7 40f9 | 0b60 0091 | 7f01 0aeb | a277 0154 
  0x0000000117c4ae78: ea03 40b2 | 8bdf 00f9 | 0a00 00f9 

  0x0000000117c4ae84: ;   {metadata('com/android/tools/r8/internal/wo3')}
  0x0000000117c4ae84: 6a78 a0d2 | 0a4b 99f2 | 0a7c 0129 | 70c1 80f9 | 1f08 00f9 | ea03 00aa | fd03 0aaa | 8adf 40f9 
  0x0000000117c4aea4: 8be7 40f9 | 4c41 0091 | 9f01 0beb | 6274 0154 | eb03 40b2 | 8cdf 00f9 

  0x0000000117c4aebc: ;   {metadata('java/util/LinkedHashSet')}
  0x0000000117c4aebc: ed01 a0d2 | 0d24 8df2 | 4b01 00f9 | 4d09 00b9 | 90c1 80f9 | 5f0d 00b9 | bf3a 03d5 | 80df 40f9 
  0x0000000117c4aedc: ea03 00f9 | 8ae7 40f9 | 0b00 0191 | 7f01 0aeb | 2275 0154 | ea03 40b2 | 8bdf 00f9 | 0a00 00f9 
  0x0000000117c4aefc: ;   {metadata('java/util/LinkedHashMap')}
  0x0000000117c4aefc: ea01 a0d2 | 0a04 98f2 | 0a08 00b9 | 70c1 80f9 | 1f0c 00b9 | 0aa0 0091 | 1f08 00f9 | 5f01 00f9 
  0x0000000117c4af1c: 5ffd 00a9 | ea03 5cb2 | 0a0c 00f9 | 0ae8 a7d2 | 0a10 00f9 | bf3b 03d5 | 1f2c 00b9 | 1fc0 0039 
  0x0000000117c4af3c: bf3b 03d5 | ea03 40f9 | eb03 00aa | 6b01 0aca | 0dfc 43d3 | ec03 40f9 | 6bfd 56d3 | 93fd 43d3 
  0x0000000117c4af5c: 8d0d 00b9 | 2b01 00b4 | 4afd 49d3 | 0b00 90d2 | 2b13 a3f2 | 2b00 c0f2 | 6001 0a8b | 0a00 c039 
  0x0000000117c4af7c: 5f09 0071 | c126 0154 | 8b03 c139 | 4b1b 0135 | ea03 1daa | eb03 40f9 | 6b01 0aca | 6bfd 56d3 
  0x0000000117c4af9c: b313 00b9 | 2b01 00b4 | 4afd 49d3 | 0b00 90d2 | 2b13 a3f2 | 2b00 c0f2 | 6001 0a8b | 0b00 c039 
  0x0000000117c4afbc: 7f09 0071 | 8121 0154 | 8adf 40f9 | 8be7 40f9 | 4c41 0091 | 9f01 0beb | e269 0154 | eb03 40b2 
  0x0000000117c4afdc: 8cdf 00f9 

  0x0000000117c4afe0: ;   {metadata('java/util/LinkedHashSet')}
  0x0000000117c4afe0: ed01 a0d2 | 0d24 8df2 | 4b01 00f9 | 4d09 00b9 | 90c1 80f9 | 5f0d 00b9 | bf3a 03d5 | 80df 40f9 
  0x0000000117c4b000: ea03 00f9 | 8ae7 40f9 | 0b00 0191 | 7f01 0aeb | c266 0154 | ea03 40b2 | 8bdf 00f9 | 0a00 00f9 
  0x0000000117c4b020: ;   {metadata('java/util/LinkedHashMap')}
  0x0000000117c4b020: ea01 a0d2 | 0a04 98f2 | 0a08 00b9 | 70c1 80f9 | 1f0c 00b9 | 0aa0 0091 | 1f08 00f9 | 5f01 00f9 
  0x0000000117c4b040: 5ffd 00a9 | ea03 5cb2 | 0a0c 00f9 | 0ae8 a7d2 | 0a10 00f9 | bf3b 03d5 | 1f2c 00b9 | 1fc0 0039 
  0x0000000117c4b060: bf3b 03d5 | ea03 40f9 | eb03 00aa | 6b01 0aca | 0dfc 43d3 | ec03 40f9 | 6bfd 56d3 | 94fd 43d3 
  0x0000000117c4b080: 8d0d 00b9 | 2b01 00b4 | 4afd 49d3 | 0b00 90d2 | 2b13 a3f2 | 2b00 c0f2 | 6001 0a8b | 0a00 c039 
  0x0000000117c4b0a0: 5f09 0071 | 2117 0154 | 8b03 c139 | ab10 0135 | ea03 1daa | eb03 40f9 | 6b01 0aca | 6bfd 56d3 
  0x0000000117c4b0c0: b417 00b9 | 2b01 00b4 | 4afd 49d3 | 0b00 90d2 | 2b13 a3f2 | 2b00 c0f2 | 6001 0a8b | 0b00 c039 
  0x0000000117c4b0e0: 7f09 0071 | e111 0154 | ea03 1daa | 5f31 0039 | bf3b 03d5 | ea17 40f9 | 4a11 40b9 | 41f1 7dd3 
  0x0000000117c4b100: 01bc 01b4 | f303 00bd | e233 40f9 | e303 1daa 

  0x0000000117c4b110: ; ImmutableOopMap {rfp=Oop [32]=Oop [40]=Oop [48]=Oop [64]=Oop [72]=Oop [80]=Oop [88]=Oop [96]=Oop [112]=Oop }
                      ;*invokeinterface put {reexecute=0 rethrow=0 return_oop=1}
                      ; - com.android.tools.r8.internal.co3::a@125 (line 195)
                      ; - com.android.tools.r8.internal.co3$$Lambda/0x000000e003c477a0::accept@20
                      ; - java.util.LinkedHashMap::forEach@35 (line 986)
                      ; - com.android.tools.r8.internal.co3::a@77 (line 28)
                      ;   {optimized virtual_call}
  0x0000000117c4b110: 60ad 4997 

  0x0000000117c4b114: ;   {other}
  0x0000000117c4b114: 1f20 03d5 | 9fe0 83f2 | 1f20 81f2 | ea17 40f9 | 4b15 40b9 | 61f1 7dd3 | 41bb 01b4 | e233 40f9 
  0x0000000117c4b134: e303 1daa 

  0x0000000117c4b138: ; ImmutableOopMap {rfp=Oop [32]=Oop [40]=Oop [48]=Oop [64]=Oop [72]=Oop [80]=Oop [88]=Oop [112]=Oop }
                      ;*invokevirtual put {reexecute=0 rethrow=0 return_oop=1}
                      ; - com.android.tools.r8.internal.co3::a@137 (line 196)
                      ; - com.android.tools.r8.internal.co3$$Lambda/0x000000e003c477a0::accept@20
                      ; - java.util.LinkedHashMap::forEach@35 (line 986)
                      ; - com.android.tools.r8.internal.co3::a@77 (line 28)
                      ;   {optimized virtual_call}
  0x0000000117c4b138: 1604 8f97 

  0x0000000117c4b13c: ;   {other}
  0x0000000117c4b13c: 1f20 03d5 | 9fe5 83f2 | 1f40 81f2 | fd43 00f9 | f303 40bd | ea43 40f9 | 4a11 40b9 | eb3b 40f9 
  0x0000000117c4b15c: 4af1 7dd3 | 6b01 40f9 

  0x0000000117c4b164: ; implicit exception: dispatches to 0x0000000117c4f058
  0x0000000117c4b164: 4c0d 40b9 | 8cf1 7dd3 | 6a05 4092 | ec33 00f9 | 6c9b 01b4 | 5f05 00f1 | 81f7 0054 | 6afd 48d3 
  0x0000000117c4b184: 4079 0012 | 20f7 0034 | ea33 40f9 | 4a25 40b9 | 0c40 404a | 4af1 7dd3 | ec6b 00b9 | aa69 00b4 
  0x0000000117c4b1a4: 4b0d 40b9 | eb6f 00b9 | 7f01 0071 | 09b2 0154 | ea47 00f9 | ea6f 40b9 | 4a05 0051 | ec6b 40b9 
  0x0000000117c4b1c4: 4a01 0c0a | ea7b 00b9 | eb7b 40b9 | ea47 40f9 | 4ac9 2b8b | eb6f 40b9 | 4a41 0091 | ab98 0134 
  0x0000000117c4b1e4: 4b01 40b9 | 61f1 7dd3 | 4108 00b4 | 2b0c 40b9 | 7f01 0c6b | c002 0054 | 2a08 40b9 

  0x0000000117c4b200: ;   {metadata('java/util/HashMap$TreeNode')}
  0x0000000117c4b200: 4c03 a0d2 | 0ca1 85f2 | 5f01 0c6b | e16a 0054 | f303 00bd | e233 40f9 | e347 40f9 | e46b 40b9 
  0x0000000117c4b220: e53b 40f9 

  0x0000000117c4b224: ;   {oop(a 'java/lang/Object'{0x0000000680758538})}
  0x0000000117c4b224: 06a7 90d2 | a60e b0f2 | c600 c0f2 

  0x0000000117c4b230: ; ImmutableOopMap {[32]=Oop [40]=Oop [48]=Oop [64]=Oop [72]=Oop [80]=Oop [88]=Oop [96]=Oop [112]=Oop [128]=Oop }
                      ;*invokevirtual putTreeVal {reexecute=0 rethrow=0 return_oop=1}
                      ; - java.util.HashMap::putVal@123 (line 644)
                      ; - java.util.HashMap::put@9 (line 618)
                      ; - java.util.HashSet::add@8 (line 229)
                      ; - com.android.tools.r8.internal.co3::a@200 (line 211)
                      ; - com.android.tools.r8.internal.co3$$Lambda/0x000000e003c477a0::accept@20
                      ; - java.util.LinkedHashMap::forEach@35 (line 986)
                      ; - com.android.tools.r8.internal.co3::a@77 (line 28)
                      ;   {optimized virtual_call}
  0x0000000117c4b230: d493 1797 

  0x0000000117c4b234: ;   {other}
  0x0000000117c4b234: 1f20 03d5 | 9f04 84f2 | 1f60 81f2 | 200b 00b4 | f303 00aa | f303 40bd | 0900 0014 | 2b10 40b9 
  0x0000000117c4b254: 6af1 7dd3 | eb3b 40f9 | 5f01 0beb | 6000 0054 | 7f01 0aeb | a1fc ff54 | f303 01aa | 8b03 c139 
  0x0000000117c4b274: eb4c 0135 

  0x0000000117c4b278: ;   {oop(a 'java/lang/Object'{0x0000000680758538})}
  0x0000000117c4b278: 0ba7 90d2 | ab0e b0f2 | cb00 c0f2 | ea03 13aa | 6b01 0aca | 6d16 40b9 

  0x0000000117c4b290: ;   {oop(a 'java/lang/Object'{0x0000000680758538})}
  0x0000000117c4b290: cf01 bad2 | ef14 96f2 | 6bfd 56d3 | 6f16 00b9 | bdf1 7dd3 | 2b4b 01b4 | 4afd 49d3 | 0b00 90d2 
  0x0000000117c4b2b0: 2b13 a3f2 | 2b00 c0f2 | 6001 0a8b | 0a00 c039 | 5f09 0071 | c14b 0154 | f303 00bd | e133 40f9 
  0x0000000117c4b2d0: e203 13aa | 0904 98d2 | e901 a0f2 | 091c c0f2 

  0x0000000117c4b2e0: ; ImmutableOopMap {rfp=Oop [32]=Oop [40]=Oop [48]=Oop [64]=Oop [72]=Oop [80]=Oop [88]=Oop [112]=Oop [128]=Oop }
                      ;*invokevirtual afterNodeAccess {reexecute=0 rethrow=0 return_oop=0}
                      ; - java.util.HashMap::putVal@253 (line 663)
                      ; - java.util.HashMap::put@9 (line 618)
                      ; - java.util.HashSet::add@8 (line 229)
                      ; - com.android.tools.r8.internal.co3::a@200 (line 211)
                      ; - com.android.tools.r8.internal.co3$$Lambda/0x000000e003c477a0::accept@20
                      ; - java.util.LinkedHashMap::forEach@35 (line 986)
                      ; - com.android.tools.r8.internal.co3::a@77 (line 28)
                      ;   {virtual_call}
  0x0000000117c4b2e0: a803 4e97 

  0x0000000117c4b2e4: ;   {other}
  0x0000000117c4b2e4: 1f20 03d5 | 9f1a 84f2 | 1f80 81f2 | 4000 0014 | ea07 00f9 | ea47 40f9 | f303 00bd | 5d09 40b9 
  0x0000000117c4b304: e133 40f9 | e203 0c2a | e33b 40f9 

  0x0000000117c4b310: ;   {oop(a 'java/lang/Object'{0x0000000680758538})}
  0x0000000117c4b310: 04a7 90d2 | a40e b0f2 | c400 c0f2 | e503 1faa | 0904 98d2 | e901 a0f2 | 091c c0f2 

  0x0000000117c4b32c: ; ImmutableOopMap {[32]=Oop [40]=Oop [48]=Oop [64]=Oop [72]=Oop [80]=Oop [88]=Oop [96]=Oop [112]=Oop [128]=Oop [136]=Oop [8]=Derived_oop_[136] }
                      ;*invokevirtual newNode {reexecute=0 rethrow=0 return_oop=1}
                      ; - java.util.HashMap::putVal@56 (line 637)
                      ; - java.util.HashMap::put@9 (line 618)
                      ; - java.util.HashSet::add@8 (line 229)
                      ; - com.android.tools.r8.internal.co3::a@200 (line 211)
                      ; - com.android.tools.r8.internal.co3$$Lambda/0x000000e003c477a0::accept@20
                      ; - java.util.LinkedHashMap::forEach@35 (line 986)
                      ; - com.android.tools.r8.internal.co3::a@77 (line 28)
                      ;   {virtual_call}
  0x0000000117c4b32c: e56f 3497 

  0x0000000117c4b330: ;   {other}
  0x0000000117c4b330: 1f20 03d5 | 1f24 84f2 | 1fa0 81f2 

  0x0000000117c4b33c: ;   {metadata('java/util/HashMap$Node'[])}
  0x0000000117c4b33c: 4a03 a0d2 | 0acc 84f2 | bf03 0a6b | e037 00f9 | 219d 0154 | 8a03 c139 | eaef 0035 | f307 40f9 
  0x0000000117c4b35c: eb37 40f9 | ea03 13aa | 6b01 0aca | ec37 40f9 | 8cfd 43d3 | 6bfd 56d3 | 6c02 00b9 | 6b01 00b4 
  0x0000000117c4b37c: eb37 40f9 | 2b01 00b4 | 4afd 49d3 | 0b00 90d2 | 2b13 a3f2 | 2b00 c0f2 | 6001 0a8b | 0a00 c039 
  0x0000000117c4b39c: 5f09 0071 | 61f0 0054 | ea33 40f9 | 4ba9 4229 | 4a05 0011 | ec33 40f9 | 8d1d 40b9 | 6c05 0011 
  0x0000000117c4b3bc: eb33 40f9 | 6ca9 0229 | 9f01 0d6b | 0c99 0054 | e133 40f9 | e203 0032 | 0904 98d2 | e901 a0f2 
  0x0000000117c4b3dc: 091c c0f2 

  0x0000000117c4b3e0: ; ImmutableOopMap {[32]=Oop [40]=Oop [48]=Oop [64]=Oop [72]=Oop [80]=Oop [88]=Oop [112]=Oop [128]=Oop }
                      ;*invokevirtual afterNodeInsertion {reexecute=0 rethrow=0 return_oop=0}
                      ; - java.util.HashMap::putVal@295 (line 670)
                      ; - java.util.HashMap::put@9 (line 618)
                      ; - java.util.HashSet::add@8 (line 229)
                      ; - com.android.tools.r8.internal.co3::a@200 (line 211)
                      ; - com.android.tools.r8.internal.co3$$Lambda/0x000000e003c477a0::accept@20
                      ; - java.util.LinkedHashMap::forEach@35 (line 986)
                      ; - com.android.tools.r8.internal.co3::a@77 (line 28)
                      ;   {virtual_call}
  0x0000000117c4b3e0: 1898 4f97 

  0x0000000117c4b3e4: ;   {other}
  0x0000000117c4b3e4: 1f20 03d5 | 9f3a 84f2 | 1fc0 81f2 | ea3b 40f9 | 4b15 40b9 | 6af1 7dd3 | eb43 40f9 | 6b01 40f9 
  0x0000000117c4b404: ; implicit exception: dispatches to 0x0000000117c4f06c
  0x0000000117c4b404: 4a0d 40b9 | 4af1 7dd3 | 6c05 4092 | ea33 00f9 | ca87 01b4 | 9f05 00f1 | 81e3 0054 | 6afd 48d3 
  0x0000000117c4b424: 4079 0012 | 20e3 0034 | ea33 40f9 | 4b25 40b9 | 0a40 404a | ea6b 00b9 | 6af1 7dd3 | 0a56 00b4 
  0x0000000117c4b444: 4c0d 40b9 | ec6f 00b9 | 9f01 0071 | c99d 0154 | ea3f 00f9 | eb6f 40b9 | 6b05 0051 | ea6b 40b9 
  0x0000000117c4b464: 6b01 0a0a | ea3f 40f9 | 4ac9 2b8b | 5d41 0091 | ea6f 40b9 | eb73 00b9 | 2a85 0134 | aa03 40b9 
  0x0000000117c4b484: 41f1 7dd3 | 0103 00b4 | 2a0c 40b9 | eb6b 40b9 | 5f01 0b6b | 2086 0054 | 2b08 40b9 

  0x0000000117c4b4a0: ;   {metadata('java/util/HashMap$TreeNode')}
  0x0000000117c4b4a0: 4a03 a0d2 | 0aa1 85f2 | 7f01 0a6b | c15e 0054 | e233 40f9 | e33f 40f9 | e46b 40b9 | e543 40f9 
  0x0000000117c4b4c0: ;   {oop(a 'java/lang/Object'{0x0000000680758538})}
  0x0000000117c4b4c0: 06a7 90d2 | a60e b0f2 | c600 c0f2 

  0x0000000117c4b4cc: ; ImmutableOopMap {[32]=Oop [40]=Oop [48]=Oop [64]=Oop [72]=Oop [80]=Oop [88]=Oop [96]=Oop }
                      ;*invokevirtual putTreeVal {reexecute=0 rethrow=0 return_oop=1}
                      ; - java.util.HashMap::putVal@123 (line 644)
                      ; - java.util.HashMap::put@9 (line 618)
                      ; - java.util.HashSet::add@8 (line 229)
                      ; - com.android.tools.r8.internal.co3::a@211 (line 212)
                      ; - com.android.tools.r8.internal.co3$$Lambda/0x000000e003c477a0::accept@20
                      ; - java.util.LinkedHashMap::forEach@35 (line 986)
                      ; - com.android.tools.r8.internal.co3::a@77 (line 28)
                      ;   {optimized virtual_call}
  0x0000000117c4b4cc: 2d93 1797 

  0x0000000117c4b4d0: ;   {other}
  0x0000000117c4b4d0: 1f20 03d5 | 1f58 84f2 | 1fe0 81f2 | a005 00b4 | f303 00aa | 2604 0014 | ea3f 40f9 | 4a09 40b9 
  0x0000000117c4b4f0: ea07 00b9 | e133 40f9 | e26b 40b9 | e343 40f9 

  0x0000000117c4b500: ;   {oop(a 'java/lang/Object'{0x0000000680758538})}
  0x0000000117c4b500: 04a7 90d2 | a40e b0f2 | c400 c0f2 | e503 1faa | 0904 98d2 | e901 a0f2 | 091c c0f2 

  0x0000000117c4b51c: ; ImmutableOopMap {[32]=Oop [40]=Oop [48]=Oop [64]=Oop [72]=Oop [80]=Oop [88]=Oop [96]=Oop [120]=Oop rfp=Derived_oop_[120] }
                      ;*invokevirtual newNode {reexecute=0 rethrow=0 return_oop=1}
                      ; - java.util.HashMap::putVal@56 (line 637)
                      ; - java.util.HashMap::put@9 (line 618)
                      ; - java.util.HashSet::add@8 (line 229)
                      ; - com.android.tools.r8.internal.co3::a@211 (line 212)
                      ; - com.android.tools.r8.internal.co3$$Lambda/0x000000e003c477a0::accept@20
                      ; - java.util.LinkedHashMap::forEach@35 (line 986)
                      ; - com.android.tools.r8.internal.co3::a@77 (line 28)
                      ;   {virtual_call}
  0x0000000117c4b51c: 696f 3497 

  0x0000000117c4b520: ;   {other}
  0x0000000117c4b520: 1f20 03d5 | 1f62 84f2 | 1f00 82f2 

  0x0000000117c4b52c: ;   {metadata('java/util/HashMap$Node'[])}
  0x0000000117c4b52c: 4b03 a0d2 | 0bcc 84f2 | ea07 40b9 | 5f01 0b6b | e037 00f9 | 418e 0154 | 8b03 c139 | cbe1 0035 
  0x0000000117c4b54c: eb37 40f9 | ea03 1daa | 6b01 0aca | ec37 40f9 | 8dfd 43d3 | 6bfd 56d3 | ad03 00b9 | 4b01 00b4 
  0x0000000117c4b56c: 2c01 00b4 | 4afd 49d3 | 0b00 90d2 | 2b13 a3f2 | 2b00 c0f2 | 6001 0a8b | 0b00 c039 | 7f09 0071 
  0x0000000117c4b58c: 01e4 0054 | eb33 40f9 | 6c19 40b9 | ea33 40f9 | 4a15 40b9 | 8d05 0011 | 4a05 0011 | 6b1d 40b9 
  0x0000000117c4b5ac: ec33 40f9 | 8ab5 0229 | 5f01 0b6b | 4c8a 0054 | e133 40f9 | e203 0032 | 0904 98d2 | e901 a0f2 
  0x0000000117c4b5cc: 091c c0f2 

  0x0000000117c4b5d0: ; ImmutableOopMap {[32]=Oop [40]=Oop [48]=Oop [64]=Oop [72]=Oop [80]=Oop [88]=Oop }
                      ;*invokevirtual afterNodeInsertion {reexecute=0 rethrow=0 return_oop=0}
                      ; - java.util.HashMap::putVal@295 (line 670)
                      ; - java.util.HashMap::put@9 (line 618)
                      ; - java.util.HashSet::add@8 (line 229)
                      ; - com.android.tools.r8.internal.co3::a@211 (line 212)
                      ; - com.android.tools.r8.internal.co3$$Lambda/0x000000e003c477a0::accept@20
                      ; - java.util.LinkedHashMap::forEach@35 (line 986)
                      ; - com.android.tools.r8.internal.co3::a@77 (line 28)
                      ;   {virtual_call}
  0x0000000117c4b5d0: 9c97 4f97 

  0x0000000117c4b5d4: ;   {other}
  0x0000000117c4b5d4: 1f20 03d5 | 9f78 84f2 | 1f20 82f2 | f303 40bd | ea2f 40f9 | 4a21 40b9 | 8b2f 42f9 

  0x0000000117c4b5f0: ; ImmutableOopMap {r10=Oop [32]=Oop [40]=Oop [48]=Oop [64]=Oop [72]=Oop [80]=Oop }
                      ;*goto {reexecute=1 rethrow=0 return_oop=0}
                      ; - (reexecute) java.util.LinkedHashMap::forEach@45 (line 985)
                      ; - com.android.tools.r8.internal.co3::a@77 (line 28)
  0x0000000117c4b5f0: 4af1 7dd3 

  0x0000000117c4b5f4: ;   {poll}
  0x0000000117c4b5f4: 7f01 40b9 | ea2f 00f9 | aa50 ffb4 | ea2f 40f9 | 4a11 40b9 | 4af1 7dd3 | ea03 00f9 | ea2f 40f9 
  0x0000000117c4b614: 4b15 40b9 | 7df1 7dd3 | ea03 40f9 

  0x0000000117c4b620: ; implicit exception: dispatches to 0x0000000117c4eed0
  0x0000000117c4b620: 4a09 40b9 | 4a09 5bd2 | 4a1d 40f9 

  0x0000000117c4b62c: ;   {metadata('com/android/tools/r8/internal/y04')}
  0x0000000117c4b62c: 0b58 9fd2 | ab62 a0f2 | 0b1c c0f2 | 5f01 0beb | 6155 0154 | ea03 40f9 | ea33 00f9 

  0x0000000117c4b648: ; implicit exception: dispatches to 0x0000000117c4eeec
  0x0000000117c4b648: aa0b 40b9 | eb17 40f9 | 6c11 40b9 | 4a09 5bd2 | 8bf1 7dd3 | 4a1d 40f9 | eb37 00f9 

  0x0000000117c4b664: ;   {metadata('com/android/tools/r8/internal/zo3')}
  0x0000000117c4b664: 0bbd 98d2 | 6b78 a0f2 | 0b1c c0f2 | 5f01 0beb | 4154 0154 | ea37 40f9 

  0x0000000117c4b67c: ; implicit exception: dispatches to 0x0000000117c4ef0c
  0x0000000117c4b67c: 4b25 40b9 | 6af1 7dd3 | fd3b 00f9 | 4a81 ffb4 | eb33 40f9 | 6b0d 40b9 | 5d0d 40b9 | 6241 4b4a 
  0x0000000117c4b69c: ac07 0051 | 8b01 020a | 4ac9 2b8b | bf03 0071 | 4964 0154 | 4a11 40b9 | 5df1 7dd3 | dd7f ffb4 
  0x0000000117c4b6bc: ab0f 40b9 | 7f01 026b | e17c ff54 | ab13 40b9 | 6af1 7dd3 | eb33 40f9 | 5f01 0beb | 017c ff54 
  0x0000000117c4b6dc: ea37 40f9 | 4bc1 4039 | ab23 0135 | aa17 40b9 | 4af1 7dd3 | fd03 0aaa | ea7d ffb4 | 4b09 40b9 
  0x0000000117c4b6fc: 6a09 5bd2 | 4a1d 40f9 

  0x0000000117c4b704: ;   {metadata('com/android/tools/r8/internal/zo3')}
  0x0000000117c4b704: 0bbd 98d2 | 6b78 a0f2 | 0b1c c0f2 | 5f01 0beb | 6167 0154 | ea03 1daa | ea37 00f9 | e6fb ff17 
  0x0000000117c4b724: f303 40f9 | 80df 40f9 | 8ae7 40f9 | 0b60 0091 | 7f01 0aeb | e2da 0054 | ea03 40b2 | 8bdf 00f9 
  0x0000000117c4b744: ;   {metadata('com/android/tools/r8/internal/x33')}
  0x0000000117c4b744: ce63 a0d2 | 0e56 9cf2 | 0a00 00f9 | 0e7c 0129 | 70c1 80f9 | 1f08 00f9 | f337 00a9 | 8b29 40b9 
  0x0000000117c4b764: ec0b 00f9 | e013 00f9 | 7df1 7dd3 | eb1b 00b9 | e103 0caa 

  0x0000000117c4b778: ; ImmutableOopMap {rfp=Oop [0]=Oop [8]=Oop [16]=Oop [24]=NarrowOop [32]=Oop }
                      ;*invokevirtual i {reexecute=0 rethrow=0 return_oop=0}
                      ; - com.android.tools.r8.internal.u33::next@13 (line 1)
                      ; - com.android.tools.r8.internal.co3::a@124 (line 34)
                      ;   {optimized virtual_call}
  0x0000000117c4b778: f6ab 0194 

  0x0000000117c4b77c: ;   {other}
  0x0000000117c4b77c: 1f20 03d5 | 9fad 84f2 | 1f60 82f2 | 8b03 c139 | f303 002a | eb86 0035 | ed13 40f9 | ea03 0daa 
  0x0000000117c4b79c: eb03 1daa | 6b01 0aca | ec1b 40b9 | ac15 00b9 | 6bfd 56d3 | bf41 0039 | b6fd 43d3 | 4b01 00b4 
  0x0000000117c4b7bc: 3d01 00b4 | 4afd 49d3 | 0b00 90d2 | 2b13 a3f2 | 2b00 c0f2 | 6001 0a8b | 0a00 c039 | 5f09 0071 
  0x0000000117c4b7dc: 018b 0054 | b30d 00b9 | bf3b 03d5 | 8b03 c139 | 8b85 0035 | ef0b 40f9 | ea03 0faa | eb03 0daa 
  0x0000000117c4b7fc: 6b01 0aca | 6bfd 56d3 | f625 00b9 | 2b01 00b4 | 4afd 49d3 | 0b00 90d2 | 2b13 a3f2 | 2b00 c0f2 
  0x0000000117c4b81c: 6001 0a8b | 0b00 c039 | 7f09 0071 | 2185 0054 | ef37 01a9 | e103 0daa 

  0x0000000117c4b834: ; ImmutableOopMap {[0]=Oop [8]=Oop [16]=Oop [24]=Oop }
                      ;*invokeinterface getIntValue {reexecute=0 rethrow=0 return_oop=0}
                      ; - com.android.tools.r8.internal.co3::a@167 (line 36)
                      ;   {optimized virtual_call}
  0x0000000117c4b834: df0e 0094 

  0x0000000117c4b838: ;   {other}
  0x0000000117c4b838: 1f20 03d5 | 1fc5 84f2 | 1f80 82f2 | ed07 40f9 | ab11 40b9 

  0x0000000117c4b84c: ; ImmutableOopMap {r13=Oop [0]=Oop [8]=Oop [16]=Oop [24]=Oop }
                      ;*if_icmpge {reexecute=1 rethrow=0 return_oop=0}
                      ; - (reexecute) com.android.tools.r8.internal.co3::a@178 (line 36)
  0x0000000117c4b84c: 8a2f 42f9 

  0x0000000117c4b850: ;   {poll}
  0x0000000117c4b850: 5f01 40b9 | 1f00 0b6b | 0a04 0054 | ea03 40f9 | 4b15 40b9 | 7df1 7dd3 | e10f 40f9 

  0x0000000117c4b86c: ; ImmutableOopMap {rfp=Oop [0]=Oop [8]=Oop [16]=Oop }
                      ;*invokeinterface getKey {reexecute=0 rethrow=0 return_oop=1}
                      ; - com.android.tools.r8.internal.co3::a@188 (line 37)
                      ;   {optimized virtual_call}
  0x0000000117c4b86c: d50e 0094 

  0x0000000117c4b870: ;   {other}
  0x0000000117c4b870: 1f20 03d5 | 1fcc 84f2 | 1fc0 82f2 | e00f 00f9 | bd61 01b4 | e103 1daa | e203 00aa 

  0x0000000117c4b88c: ; ImmutableOopMap {[0]=Oop [8]=Oop [16]=Oop }
                      ;*invokevirtual get {reexecute=0 rethrow=0 return_oop=1}
                      ; - com.android.tools.r8.internal.co3::a@193 (line 37)
                      ;   {optimized virtual_call}
  0x0000000117c4b88c: 5114 fc97 

  0x0000000117c4b890: ;   {other}
  0x0000000117c4b890: 1f20 03d5 | 1fd0 84f2 | 1fe0 82f2 

  0x0000000117c4b89c: ; implicit exception: dispatches to 0x0000000117c4f044
  0x0000000117c4b89c: 0a08 40b9 | 4a09 5bd2 | 4a1d 40f9 

  0x0000000117c4b8a8: ;   {metadata('com/android/tools/r8/internal/zo3')}
  0x0000000117c4b8a8: 0cbd 98d2 | 6c78 a0f2 | 0c1c c0f2 | 5f01 0ceb | 8160 0154 | ec03 00aa | 8a09 40b9 

  0x0000000117c4b8c4: ;   {metadata('com/android/tools/r8/internal/wo3')}
  0x0000000117c4b8c4: 6d78 a0d2 | 0d4b 99f2 | 5f01 0d6b | 2106 0054 | ed07 40f9 | ec0b 40f9 | 8b71 c039 | 6e01 0211 
  0x0000000117c4b8e4: 8a11 40b9 | dffd 0171 | 6900 0054 | 7f11 0071 | 0bcc 0054 | 5f05 0031 | ea07 9f1a | 2af1 ff35 
  0x0000000117c4b904: f303 40f9 | 1bfa ff17 | eb3b 40f9 

  0x0000000117c4b910: ; implicit exception: dispatches to 0x0000000117c4f094
  0x0000000117c4b910: 6c0d 40b9 | eb17 40b9 | 7f01 0c6b | e271 0154 | eb3b 40f9 | 6a69 2a8b | ec13 40b9 | 4c11 00b9 
  0x0000000117c4b930: 42fb ff17 | ec03 0032 | 8a2f 42f9 | eb27 40f9 

  0x0000000117c4b940: ; ImmutableOopMap {[32]=Oop [40]=Oop [48]=Oop }
                      ;*goto {reexecute=1 rethrow=0 return_oop=0}
                      ; - (reexecute) com.android.tools.r8.internal.co3::a@93 (line 30)
  0x0000000117c4b940: 6c31 0039 

  0x0000000117c4b944: ;   {poll}
  0x0000000117c4b944: 5f01 40b9 | ec1f 40b9 | f3d3 42a9 | ed13 40f9 | ee3b 40b9 | eb1b 40b9 | 68f9 ff17 | 6b12 40b9 
  0x0000000117c4b964: 61f1 7dd3 | a173 01b4 | fd03 13aa 

  0x0000000117c4b970: ;   {oop(a 'com/android/tools/r8/internal/co3$$Lambda+0x000000e003c83d18'{0x000000069e039db0})}
  0x0000000117c4b970: 02b6 93d2 | 62c0 b3f2 | c200 c0f2 

  0x0000000117c4b97c: ; ImmutableOopMap {rfp=Oop }
                      ;*invokevirtual replaceAll {reexecute=0 rethrow=0 return_oop=0}
                      ; - com.android.tools.r8.internal.co3::a@285 (line 45)
                      ;   {optimized virtual_call}
  0x0000000117c4b97c: a10e 0094 

  0x0000000117c4b980: ;   {other}
  0x0000000117c4b980: 1f20 03d5 | 1fee 84f2 | 1f20 83f2 | f303 1daa | fbf9 ff17 | 80df 40f9 | 8ae7 40f9 | 0b60 0091 
  0x0000000117c4b9a0: 7f01 0aeb | e226 0154 | ea03 40b2 | 8bdf 00f9 | 0a00 00f9 | 0d7c 0129 | 70c1 80f9 | 1f08 00f9 
  0x0000000117c4b9c0: 90df 40f9 | 8ae7 40f9 | 0b42 0091 | ed03 00aa | 7f01 0aeb | 4222 0154 | ea03 40b2 | 8bdf 00f9 
  0x0000000117c4b9e0: 0a02 00f9 

  0x0000000117c4b9e4: ;   {metadata('java/util/LinkedHashSet')}
  0x0000000117c4b9e4: ea01 a0d2 | 0a24 8df2 | 0a0a 00b9 | 70c1 80f9 | 1f0e 00b9 | bf3a 03d5 | 80df 40f9 | 8ae7 40f9 
  0x0000000117c4ba04: 0b00 0191 | 7f01 0aeb | 2222 0154 | ea03 40b2 | 8bdf 00f9 

  0x0000000117c4ba18: ;   {metadata('java/util/LinkedHashMap')}
  0x0000000117c4ba18: ee01 a0d2 | 0e04 98f2 | 0a00 00f9 | 0e08 00b9 | 70c1 80f9 | 1f0c 00b9 | 0aa0 0091 | 1f08 00f9 
  0x0000000117c4ba38: 5f01 00f9 | 5ffd 00a9 | ea03 5cb2 | 0a0c 00f9 | 0ae8 a7d2 | 0a10 00f9 | bf3b 03d5 | 1f2c 00b9 
  0x0000000117c4ba58: 1fc0 0039 | bf3b 03d5 | 8a03 c139 | 2a00 0034 | eb03 10aa | ea03 00aa | 4a01 0bca | 0ffc 43d3 
  0x0000000117c4ba78: 4afd 56d3 | 13fe 43d3 | 0f0e 00b9 | 2a01 00b4 | 6afd 49d3 | 0b00 90d2 | 2b13 a3f2 | 2b00 c0f2 
  0x0000000117c4ba98: 6001 0a8b | 0a00 c039 | 5f09 0071 | 61de 0054 | 8b03 c139 | 0bd2 0035 | eb03 0daa | ea03 10aa 
  0x0000000117c4bab8: 4a01 0bca | 4afd 56d3 | b311 00b9 | 2a01 00b4 | 6afd 49d3 | 0b00 90d2 | 2b13 a3f2 | 2b00 c0f2 
  0x0000000117c4bad8: 6001 0a8b | 0b00 c039 | 7f09 0071 | 61d5 0054 | 90df 40f9 | 8ae7 40f9 | 0b42 0091 | 7f01 0aeb 
  0x0000000117c4baf8: 8217 0154 | ea03 40b2 | 8bdf 00f9 | 0a02 00f9 

  0x0000000117c4bb08: ;   {metadata('java/util/LinkedHashSet')}
  0x0000000117c4bb08: ea01 a0d2 | 0a24 8df2 | 0a0a 00b9 | 70c1 80f9 | 1f0e 00b9 | bf3a 03d5 | 80df 40f9 | 8ae7 40f9 
  0x0000000117c4bb28: 0b00 0191 | 7f01 0aeb | 4214 0154 | ea03 40b2 | 8bdf 00f9 

  0x0000000117c4bb3c: ;   {metadata('java/util/LinkedHashMap')}
  0x0000000117c4bb3c: ee01 a0d2 | 0e04 98f2 | 0a00 00f9 | 0e08 00b9 | 70c1 80f9 | 1f0c 00b9 | 0aa0 0091 | 1f08 00f9 
  0x0000000117c4bb5c: 5f01 00f9 | 5ffd 00a9 | ea03 5cb2 | 0a0c 00f9 | 0ae8 a7d2 | 0a10 00f9 | bf3b 03d5 | 1f2c 00b9 
  0x0000000117c4bb7c: 1fc0 0039 | bf3b 03d5 | 8b03 c139 | 2b00 0034 | ea03 10aa | eb03 00aa | 6b01 0aca | 0efc 43d3 
  0x0000000117c4bb9c: 6bfd 56d3 | 14fe 43d3 | 0e0e 00b9 | 2b01 00b4 | 4afd 49d3 | 0b00 90d2 | 2b13 a3f2 | 2b00 c0f2 
  0x0000000117c4bbbc: 6001 0a8b | 0b00 c039 | 7f09 0071 | 81ca 0054 | 8a03 c139 | 8ac7 0035 | eb03 0daa | ea03 10aa 
  0x0000000117c4bbdc: 4a01 0bca | 4afd 56d3 | b415 00b9 | 2a01 00b4 | 6afd 49d3 | 0b00 90d2 | 2b13 a3f2 | 2b00 c0f2 
  0x0000000117c4bbfc: 6001 0a8b | 0a00 c039 | 5f09 0071 | c1cf 0054 | bf31 0039 | bf3b 03d5 | 8b11 40b9 | 61f1 7dd3 
  0x0000000117c4bc1c: 6164 01b4 | ed0f 00f9 | fd03 0caa | e203 0daa 

  0x0000000117c4bc2c: ; ImmutableOopMap {rfp=Oop [0]=Oop [8]=Oop [16]=Oop [24]=Oop }
                      ;*invokeinterface add {reexecute=0 rethrow=0 return_oop=0}
                      ; - com.android.tools.r8.internal.co3::a@250 (line 42)
                      ;   {optimized virtual_call}
  0x0000000117c4bc2c: 7911 5097 

  0x0000000117c4bc30: ;   {other}
  0x0000000117c4bc30: 1f20 03d5 | 1f44 85f2 | 1f40 83f2 | ea0f 40f9 | 4a15 40b9 | 41f1 7dd3 | c163 01b4 | e203 1daa 
  0x0000000117c4bc50: ; ImmutableOopMap {[0]=Oop [8]=Oop [16]=Oop }
                      ;*invokeinterface add {reexecute=0 rethrow=0 return_oop=0}
                      ; - com.android.tools.r8.internal.co3::a@260 (line 43)
                      ;   {optimized virtual_call}
  0x0000000117c4bc50: 7011 5097 

  0x0000000117c4bc54: ;   {other}
  0x0000000117c4bc54: 1f20 03d5 | 9f48 85f2 | 1f60 83f2 

  0x0000000117c4bc60: ; ImmutableOopMap {[0]=Oop [8]=Oop [16]=Oop }
                      ;*goto {reexecute=1 rethrow=0 return_oop=0}
                      ; - (reexecute) com.android.tools.r8.internal.co3::a@266 (line 43)
  0x0000000117c4bc60: 8a2f 42f9 

  0x0000000117c4bc64: ;   {poll}
  0x0000000117c4bc64: 5f01 40b9 | f337 40a9 | ec0b 40f9 | 37f9 ff17 | f303 00bd | e137 40f9 

  0x0000000117c4bc7c: ; ImmutableOopMap {[32]=Oop [40]=Oop [48]=Oop [64]=Oop [72]=Oop [80]=Oop [88]=Oop [96]=Oop [104]=Oop [112]=Oop }
                      ;*invokevirtual resize {reexecute=0 rethrow=0 return_oop=1}
                      ; - java.util.HashMap::putVal@20 (line 635)
                      ; - java.util.HashMap::put@9 (line 618)
                      ; - com.android.tools.r8.internal.co3::a@152 (line 197)
                      ; - com.android.tools.r8.internal.co3$$Lambda/0x000000e003c477a0::accept@20
                      ; - java.util.LinkedHashMap::forEach@35 (line 986)
                      ; - com.android.tools.r8.internal.co3::a@77 (line 28)
                      ;   {optimized virtual_call}
  0x0000000117c4bc7c: d565 4497 

  0x0000000117c4bc80: ;   {other}
  0x0000000117c4bc80: 1f20 03d5 | 1f4e 85f2 | 1fa0 83f2 

  0x0000000117c4bc8c: ; implicit exception: dispatches to 0x0000000117c4f0bc
  0x0000000117c4bc8c: 0a0c 40b9 | ea7f 00b9 | e043 00f9 | f303 40bd | 45fb ff17 | ea4b 40f9 | 4a19 40b9 | 4af1 7dd3 
  0x0000000117c4bcac: fd03 0aaa | 6a02 00b4 | ea03 1f2a | ea7f 00b9 | ab0f 40b9 | ea7b 40b9 | 7f01 0a6b | 4078 0054 
  0x0000000117c4bccc: 8a2f 42f9 | ec7f 40b9 

  0x0000000117c4bcd4: ; ImmutableOopMap {rfp=Oop [8]=NarrowOop [12]=NarrowOop [32]=Oop [40]=Oop [48]=Oop [64]=Oop [72]=Oop [80]=Oop [88]=Oop [96]=Oop [104]=Oop [112]=Oop [128]=Oop }
                      ;*goto {reexecute=1 rethrow=0 return_oop=0}
                      ; - (reexecute) java.util.HashMap::putVal@219 (line 646)
                      ; - java.util.HashMap::put@9 (line 618)
                      ; - com.android.tools.r8.internal.co3::a@152 (line 197)
                      ; - com.android.tools.r8.internal.co3$$Lambda/0x000000e003c477a0::accept@20
                      ; - java.util.LinkedHashMap::forEach@35 (line 986)
                      ; - com.android.tools.r8.internal.co3::a@77 (line 28)
  0x0000000117c4bcd4: 8b05 0011 

  0x0000000117c4bcd8: ;   {poll}
  0x0000000117c4bcd8: 5f01 40b9 | eb7f 00b9 | ab1b 40b9 | 6af1 7dd3 | 6a00 00b4 | fd03 0aaa | f3ff ff17 | fd4b 00f9 
  0x0000000117c4bcf8: 0300 0014 | eb03 1f2a | eb7f 00b9 | 8adf 40f9 | ec03 0aaa | 8ae7 40f9 | 8ba1 0091 | 7f01 0aeb 
  0x0000000117c4bd18: a219 0154 | ed03 40b2 | 8bdf 00f9 | ea03 0caa | 4d01 00f9 

  0x0000000117c4bd2c: ;   {metadata('java/util/LinkedHashMap$Entry')}
  0x0000000117c4bd2c: 4d03 a0d2 | 0dea 85f2 | 4d09 00b9 | 70c1 80f9 | 5f0d 00b9 | 4a41 0091 | 5f01 00f9 | 5ffd 00a9 
  0x0000000117c4bd4c: ea03 0caa | ec0b 40b9 | 4c11 00b9 | eb7b 40b9 | 4b0d 00b9 | ec0f 40b9 | 4c15 00b9 | bf3b 03d5 
  0x0000000117c4bd6c: ea47 00f9 | ea37 40f9 | 5d2d 40b9 | bf07 0071 | c069 0154 | 8b03 c139 | 0bce 0035 | eb37 40f9 
  0x0000000117c4bd8c: ea47 40f9 | ec37 40f9 | 9439 40b9 | 4a01 0bca | ec47 40f9 | 95fd 43d3 | 4afd 56d3 | 93f2 7dd3 
  0x0000000117c4bdac: ec37 40f9 | 9539 00b9 | 2a01 00b4 | 6afd 49d3 | 0b00 90d2 | 2b13 a3f2 | 2b00 c0f2 | 6001 0a8b 
  0x0000000117c4bdcc: 0a00 c039 | 5f09 0071 | e1cc 0054 | 7396 00b4 | 8b03 c139 | 6bd4 0035 | ea47 40f9 | eb03 13aa 
  0x0000000117c4bdec: 6b01 0aca | 6bfd 56d3 | ec47 40f9 | 941d 00b9 | 2b01 00b4 | 4afd 49d3 | 0b00 90d2 | 2b13 a3f2 
  0x0000000117c4be0c: 2b00 c0f2 | 6001 0a8b | 0b00 c039 | 7f09 0071 | 41d7 0054 | 8a03 c139 | ead0 0035 | eb47 40f9 
  0x0000000117c4be2c: ea03 13aa | 6b01 0aca | 6bfd 56d3 | 7522 00b9 | 2b01 00b4 | 4afd 49d3 | 0b00 90d2 | 2b13 a3f2 
  0x0000000117c4be4c: 2b00 c0f2 | 6001 0a8b | 0a00 c039 | 5f09 0071 | 01d2 0054 | 8a03 c139 | 8ac5 0035 | eaaf 48a9 
  0x0000000117c4be6c: 4a01 0bca | 4afd 56d3 | ec4b 40f9 | 9519 00b9 | 2a01 00b4 | 6afd 49d3 | 0b00 90d2 | 2b13 a3f2 
  0x0000000117c4be8c: 2b00 c0f2 | 6001 0a8b | 0a00 c039 | 5f09 0071 | e1c9 0054 | ea7f 40b9 | 5f1d 0071 | cb6b ff54 
  0x0000000117c4beac: f303 00bd | e137 40f9 | e243 40f9 | e37b 40b9 

  0x0000000117c4bebc: ; ImmutableOopMap {[8]=NarrowOop [12]=NarrowOop [32]=Oop [40]=Oop [48]=Oop [64]=Oop [72]=Oop [80]=Oop [88]=Oop [96]=Oop [104]=Oop [112]=Oop }
                      ;*invokevirtual treeifyBin {reexecute=0 rethrow=0 return_oop=0}
                      ; - java.util.HashMap::putVal@169 (line 650)
                      ; - java.util.HashMap::put@9 (line 618)
                      ; - com.android.tools.r8.internal.co3::a@152 (line 197)
                      ; - com.android.tools.r8.internal.co3$$Lambda/0x000000e003c477a0::accept@20
                      ; - java.util.LinkedHashMap::forEach@35 (line 986)
                      ; - com.android.tools.r8.internal.co3::a@77 (line 28)
                      ;   {optimized virtual_call}
  0x0000000117c4bebc: b190 1797 

  0x0000000117c4bec0: ;   {other}
  0x0000000117c4bec0: 1f20 03d5 | 1f96 85f2 | 1fe0 83f2 | f303 40bd | 54fb ff17 | f303 00bd | e133 40f9 

  0x0000000117c4bedc: ; ImmutableOopMap {[32]=Oop [40]=Oop [48]=Oop [64]=Oop [72]=Oop [80]=Oop [88]=Oop [96]=Oop [112]=Oop [128]=Oop }
                      ;*invokevirtual resize {reexecute=0 rethrow=0 return_oop=1}
                      ; - java.util.HashMap::putVal@20 (line 635)
                      ; - java.util.HashMap::put@9 (line 618)
                      ; - java.util.HashSet::add@8 (line 229)
                      ; - com.android.tools.r8.internal.co3::a@200 (line 211)
                      ; - com.android.tools.r8.internal.co3$$Lambda/0x000000e003c477a0::accept@20
                      ; - java.util.LinkedHashMap::forEach@35 (line 986)
                      ; - com.android.tools.r8.internal.co3::a@77 (line 28)
                      ;   {optimized virtual_call}
  0x0000000117c4bedc: 3d65 4497 

  0x0000000117c4bee0: ;   {other}
  0x0000000117c4bee0: 1f20 03d5 | 1f9a 85f2 | 1f00 84f2 

  0x0000000117c4beec: ; implicit exception: dispatches to 0x0000000117c4f0d0
  0x0000000117c4beec: 0b0c 40b9 | eb6f 00b9 | e047 00f9 | f303 40bd | affc ff17 | e133 40f9 

  0x0000000117c4bf04: ; ImmutableOopMap {[32]=Oop [40]=Oop [48]=Oop [64]=Oop [72]=Oop [80]=Oop [88]=Oop [96]=Oop [128]=Oop }
                      ;*invokevirtual resize {reexecute=0 rethrow=0 return_oop=1}
                      ; - java.util.HashMap::putVal@20 (line 635)
                      ; - java.util.HashMap::put@9 (line 618)
                      ; - java.util.HashSet::add@8 (line 229)
                      ; - com.android.tools.r8.internal.co3::a@211 (line 212)
                      ; - com.android.tools.r8.internal.co3$$Lambda/0x000000e003c477a0::accept@20
                      ; - java.util.LinkedHashMap::forEach@35 (line 986)
                      ; - com.android.tools.r8.internal.co3::a@77 (line 28)
                      ;   {optimized virtual_call}
  0x0000000117c4bf04: 3365 4497 

  0x0000000117c4bf08: ;   {other}
  0x0000000117c4bf08: 1f20 03d5 | 1f9f 85f2 | 1f20 84f2 

  0x0000000117c4bf14: ; implicit exception: dispatches to 0x0000000117c4f0e4
  0x0000000117c4bf14: 0a0c 40b9 | ea6f 00b9 | e03f 00f9 | 4efd ff17 | 4a19 40b9 | 8b2f 42f9 

  0x0000000117c4bf2c: ; ImmutableOopMap {r10=Oop [32]=Oop [40]=Oop [48]=Oop [64]=Oop [72]=Oop [80]=Oop [88]=Oop [96]=Oop [104]=Oop [112]=Oop }
                      ;*ifnonnull {reexecute=1 rethrow=0 return_oop=0}
                      ; - (reexecute) java.util.HashMap::getNode@145 (line 587)
                      ; - java.util.LinkedHashMap::get@2 (line 536)
                      ; - com.android.tools.r8.internal.co3::a@5 (line 185)
                      ; - com.android.tools.r8.internal.co3$$Lambda/0x000000e003c477a0::accept@20
                      ; - java.util.LinkedHashMap::forEach@35 (line 986)
                      ; - com.android.tools.r8.internal.co3::a@77 (line 28)
  0x0000000117c4bf2c: 4af1 7dd3 

  0x0000000117c4bf30: ;   {poll}
  0x0000000117c4bf30: 7f01 40b9 | ea3b ffb4 | 4b0d 40b9 | 7f01 026b | 21ff ff54 | 4b11 40b9 | 6bf1 7dd3 | ec33 40f9 
  0x0000000117c4bf50: 7f01 0ceb | 6000 0054 | 9f01 0beb | 41fe ff54 | fd03 0aaa | defd ff17 | 2b18 40b9 | 6af1 7dd3 
  0x0000000117c4bf70: fd03 0aaa | 8a02 00b4 | eb03 1f2a | eb07 00b9 | aa0f 40b9 | ec6b 40b9 | 5f01 0c6b | c082 0054 
  0x0000000117c4bf90: 8a2f 42f9 | eb07 40b9 

  0x0000000117c4bf98: ; ImmutableOopMap {rfp=Oop [32]=Oop [40]=Oop [48]=Oop [64]=Oop [72]=Oop [80]=Oop [88]=Oop [96]=Oop [112]=Oop [128]=Oop [136]=Oop }
                      ;*goto {reexecute=1 rethrow=0 return_oop=0}
                      ; - (reexecute) java.util.HashMap::putVal@219 (line 646)
                      ; - java.util.HashMap::put@9 (line 618)
                      ; - java.util.HashSet::add@8 (line 229)
                      ; - com.android.tools.r8.internal.co3::a@200 (line 211)
                      ; - com.android.tools.r8.internal.co3$$Lambda/0x000000e003c477a0::accept@20
                      ; - java.util.LinkedHashMap::forEach@35 (line 986)
                      ; - com.android.tools.r8.internal.co3::a@77 (line 28)
  0x0000000117c4bf98: 6c05 0011 

  0x0000000117c4bf9c: ;   {poll}
  0x0000000117c4bf9c: 5f01 40b9 | aa1b 40b9 | 4af1 7dd3 | ec07 00b9 | 6a00 00b4 | fd03 0aaa | f3ff ff17 | f303 00bd 
  0x0000000117c4bfbc: ea03 0c2a | 0400 0014 | fd03 01aa | ea03 1f2a | f303 00bd | ea07 00b9 | e133 40f9 | e26b 40b9 
  0x0000000117c4bfdc: e33b 40f9 

  0x0000000117c4bfe0: ;   {oop(a 'java/lang/Object'{0x0000000680758538})}
  0x0000000117c4bfe0: 04a7 90d2 | a40e b0f2 | c400 c0f2 | e503 1faa | 0904 98d2 | e901 a0f2 | 091c c0f2 

  0x0000000117c4bffc: ; ImmutableOopMap {rfp=Oop [32]=Oop [40]=Oop [48]=Oop [64]=Oop [72]=Oop [80]=Oop [88]=Oop [96]=Oop [112]=Oop [128]=Oop [136]=Oop }
                      ;*invokevirtual newNode {reexecute=0 rethrow=0 return_oop=1}
                      ; - java.util.HashMap::putVal@152 (line 648)
                      ; - java.util.HashMap::put@9 (line 618)
                      ; - java.util.HashSet::add@8 (line 229)
                      ; - com.android.tools.r8.internal.co3::a@200 (line 211)
                      ; - com.android.tools.r8.internal.co3$$Lambda/0x000000e003c477a0::accept@20
                      ; - java.util.LinkedHashMap::forEach@35 (line 986)
                      ; - com.android.tools.r8.internal.co3::a@77 (line 28)
                      ;   {virtual_call}
  0x0000000117c4bffc: b16c 3497 

  0x0000000117c4c000: ;   {other}
  0x0000000117c4c000: 1f20 03d5 | 1fbe 85f2 | 1f80 84f2 | 8b03 c139 | f303 00aa | ebcf 0035 | eb03 1daa | ea03 13aa 
  0x0000000117c4c020: 4a01 0bca | 6dfe 43d3 | 4afd 56d3 | ad1b 00b9 | 4a01 00b4 | 3301 00b4 | 6afd 49d3 | 0b00 90d2 
  0x0000000117c4c040: 2b13 a3f2 | 2b00 c0f2 | 6001 0a8b | 0b00 c039 | 7f09 0071 | 41cf 0054 | ea07 40b9 | 5f1d 0071 
  0x0000000117c4c060: 2b9a ff54 | e133 40f9 | e247 40f9 | e36b 40b9 

  0x0000000117c4c070: ; ImmutableOopMap {[32]=Oop [40]=Oop [48]=Oop [64]=Oop [72]=Oop [80]=Oop [88]=Oop [96]=Oop [112]=Oop [128]=Oop }
                      ;*invokevirtual treeifyBin {reexecute=0 rethrow=0 return_oop=0}
                      ; - java.util.HashMap::putVal@169 (line 650)
                      ; - java.util.HashMap::put@9 (line 618)
                      ; - java.util.HashSet::add@8 (line 229)
                      ; - com.android.tools.r8.internal.co3::a@200 (line 211)
                      ; - com.android.tools.r8.internal.co3$$Lambda/0x000000e003c477a0::accept@20
                      ; - java.util.LinkedHashMap::forEach@35 (line 986)
                      ; - com.android.tools.r8.internal.co3::a@77 (line 28)
                      ;   {optimized virtual_call}
  0x0000000117c4c070: 4490 1797 

  0x0000000117c4c074: ;   {other}
  0x0000000117c4c074: 1f20 03d5 | 9fcc 85f2 | 1fa0 84f2 | c9fc ff17 | 2a18 40b9 | 4af1 7dd3 | fd03 0aaa | 6a02 00b4 
  0x0000000117c4c094: eb03 1f2a | eb07 00b9 | ab0f 40b9 | ea6b 40b9 | 7f01 0a6b | 407c 0054 | 8a2f 42f9 | ec07 40b9 
  0x0000000117c4c0b4: ; ImmutableOopMap {rfp=Oop [32]=Oop [40]=Oop [48]=Oop [64]=Oop [72]=Oop [80]=Oop [88]=Oop [96]=Oop [120]=Oop [128]=Oop }
                      ;*goto {reexecute=1 rethrow=0 return_oop=0}
                      ; - (reexecute) java.util.HashMap::putVal@219 (line 646)
                      ; - java.util.HashMap::put@9 (line 618)
                      ; - java.util.HashSet::add@8 (line 229)
                      ; - com.android.tools.r8.internal.co3::a@211 (line 212)
                      ; - com.android.tools.r8.internal.co3$$Lambda/0x000000e003c477a0::accept@20
                      ; - java.util.LinkedHashMap::forEach@35 (line 986)
                      ; - com.android.tools.r8.internal.co3::a@77 (line 28)
  0x0000000117c4c0b4: 8b05 0011 

  0x0000000117c4c0b8: ;   {poll}
  0x0000000117c4c0b8: 5f01 40b9 | eb07 00b9 | ab1b 40b9 | 6af1 7dd3 | 6a00 00b4 | fd03 0aaa | f3ff ff17 | ea07 40b9 
  0x0000000117c4c0d8: 0300 0014 | fd03 01aa | ea03 1f2a | ea07 00b9 | e133 40f9 | e26b 40b9 | e343 40f9 

  0x0000000117c4c0f4: ;   {oop(a 'java/lang/Object'{0x0000000680758538})}
  0x0000000117c4c0f4: 04a7 90d2 | a40e b0f2 | c400 c0f2 | e503 1faa | 0904 98d2 | e901 a0f2 | 091c c0f2 

  0x0000000117c4c110: ; ImmutableOopMap {rfp=Oop [32]=Oop [40]=Oop [48]=Oop [64]=Oop [72]=Oop [80]=Oop [88]=Oop [96]=Oop [120]=Oop }
                      ;*invokevirtual newNode {reexecute=0 rethrow=0 return_oop=1}
                      ; - java.util.HashMap::putVal@152 (line 648)
                      ; - java.util.HashMap::put@9 (line 618)
                      ; - java.util.HashSet::add@8 (line 229)
                      ; - com.android.tools.r8.internal.co3::a@211 (line 212)
                      ; - com.android.tools.r8.internal.co3$$Lambda/0x000000e003c477a0::accept@20
                      ; - java.util.LinkedHashMap::forEach@35 (line 986)
                      ; - com.android.tools.r8.internal.co3::a@77 (line 28)
                      ;   {virtual_call}
  0x0000000117c4c110: 6c6c 3497 

  0x0000000117c4c114: ;   {other}
  0x0000000117c4c114: 1f20 03d5 | 9fe0 85f2 | 1fe0 84f2 | 8a03 c139 | f303 00aa | aacb 0035 | ea03 1daa | eb03 13aa 
  0x0000000117c4c134: 6b01 0aca | 6cfe 43d3 | 6bfd 56d3 | ac1b 00b9 | 4b01 00b4 | 3301 00b4 | 4afd 49d3 | 0b00 90d2 
  0x0000000117c4c154: 2b13 a3f2 | 2b00 c0f2 | 6001 0a8b | 0a00 c039 | 5f09 0071 | 01cb 0054 | eb07 40b9 | 7f1d 0071 
  0x0000000117c4c174: eba0 ff54 | e133 40f9 | e23f 40f9 | e36b 40b9 

  0x0000000117c4c184: ; ImmutableOopMap {[32]=Oop [40]=Oop [48]=Oop [64]=Oop [72]=Oop [80]=Oop [88]=Oop [96]=Oop }
                      ;*invokevirtual treeifyBin {reexecute=0 rethrow=0 return_oop=0}
                      ; - java.util.HashMap::putVal@169 (line 650)
                      ; - java.util.HashMap::put@9 (line 618)
                      ; - java.util.HashSet::add@8 (line 229)
                      ; - com.android.tools.r8.internal.co3::a@211 (line 212)
                      ; - com.android.tools.r8.internal.co3$$Lambda/0x000000e003c477a0::accept@20
                      ; - java.util.LinkedHashMap::forEach@35 (line 986)
                      ; - com.android.tools.r8.internal.co3::a@77 (line 28)
                      ;   {optimized virtual_call}
  0x0000000117c4c184: ff8f 1797 

  0x0000000117c4c188: ;   {other}
  0x0000000117c4c188: 1f20 03d5 | 1fef 85f2 | 1f00 85f2 | fffc ff17 | f303 00aa | f303 40bd | 0a00 0014 | ea4b 40f9 
  0x0000000117c4c1a8: 4a11 40b9 | 4af1 7dd3 | eb33 40f9 | 5f01 0beb | 6000 0054 | 7f01 0aeb | a142 ff54 | f34b 40f9 
  0x0000000117c4c1c8: 8a03 c139 | 4abd 0035 | eb3b 40f9 | ea03 13aa | 6b01 0aca | 6c16 40b9 | ee0f 40b9 | 6bfd 56d3 
  0x0000000117c4c1e8: 6e16 00b9 | 9df1 7dd3 | ebbb 00b4 | 4afd 49d3 | 0b00 90d2 | 2b13 a3f2 | 2b00 c0f2 | 6001 0a8b 
  0x0000000117c4c208: 0b00 c039 | 7f09 0071 | 81bc 0054 | f303 00bd | e137 40f9 | e203 13aa 

  0x0000000117c4c220: ; ImmutableOopMap {rfp=Oop [8]=NarrowOop [12]=NarrowOop [32]=Oop [40]=Oop [48]=Oop [64]=Oop [72]=Oop [80]=Oop [88]=Oop [96]=Oop [112]=Oop }
                      ;*invokevirtual afterNodeAccess {reexecute=0 rethrow=0 return_oop=0}
                      ; - java.util.HashMap::putVal@253 (line 663)
                      ; - java.util.HashMap::put@9 (line 618)
                      ; - com.android.tools.r8.internal.co3::a@152 (line 197)
                      ; - com.android.tools.r8.internal.co3$$Lambda/0x000000e003c477a0::accept@20
                      ; - java.util.LinkedHashMap::forEach@35 (line 986)
                      ; - com.android.tools.r8.internal.co3::a@77 (line 28)
                      ;   {optimized virtual_call}
  0x0000000117c4c220: d88f 1797 

  0x0000000117c4c224: ;   {other}
  0x0000000117c4c224: 1f20 03d5 | 9f02 86f2 | 1f20 85f2 | f303 40bd | 90fa ff17 | ec03 40b9 | ea87 40b9 | 5f01 0c6b 
  0x0000000117c4c244: a244 0154 

  0x0000000117c4c248: ;   {metadata('java/lang/Object'[])}
  0x0000000117c4c248: 0c00 a0d2 | 0c48 82f2 | bf01 0c6b | e144 0154 | 8b03 c139 | 6bc6 0035 | ea47 40f9 | eb3b 40f9 
  0x0000000117c4c268: 6b01 0aca | ed0f 40b9 | 6bfd 56d3 | ec47 40f9 | 8d01 00b9 | 4b9b ffb4 | 4afd 49d3 | 0b00 90d2 
  0x0000000117c4c288: 2b13 a3f2 | 2b00 c0f2 | 6001 0a8b | 0b00 c039 | 7f09 0071 | 409a ff54 | 8a2f 40f9 | 8b27 40f9 
  0x0000000117c4c2a8: bf3b 03d5 | 0d00 c039 | ad99 ff34 | 1f00 0039 | eb01 00b5 | 6942 201e | e103 1caa | c900 0010 
  0x0000000117c4c2c8: ;   {runtime_call G1BarrierSetRuntime::write_ref_field_post_entry(unsigned char volatile*, JavaThread*)}
  0x0000000117c4c2c8: 087e 83d2 | c879 a0f2 | 2800 c0f2 | ff27 bfa9 | 0001 3fd6 

  0x0000000117c4c2dc: ;   {other}
  0x0000000117c4c2dc: 1f20 03d5 | 1f00 80f2 | 1f00 80f2 | ff43 0091 | 3341 201e | bdfc ff17 | 6c21 00d1 | 4a01 0b8b 
  0x0000000117c4c2fc: 4081 1ff8 | 8c27 00f9 | b8fc ff17 | f303 40bd | e9f8 ff17 | 8a36 40b9 | 40f1 7dd3 | c0d5 feb4 
  0x0000000117c4c31c: 8a17 40f9 | 6ae0 00b4 | 8b1f 40f9 | 4c21 00d1 | 6a01 0a8b | 4081 1ff8 | 8c17 00f9 | a6f6 ff17 
  0x0000000117c4c33c: 8a3a 40b9 | 40f1 7dd3 | a0da feb4 | 8a17 40f9 | 4add 00b4 | 8b1f 40f9 | 4c21 00d1 | 6a01 0a8b 
  0x0000000117c4c35c: 4081 1ff8 | 8c17 00f9 | cdf6 ff17 | 8b3e 40b9 | 60f1 7dd3 | a0e9 feb4 | 8a17 40f9 | 6adf 00b4 
  0x0000000117c4c37c: 8b1f 40f9 | 4c21 00d1 | 6a01 0a8b | 4081 1ff8 | 8c17 00f9 | 45f7 ff17 | 8a2f 40f9 | 8b27 40f9 
  0x0000000117c4c39c: bf3b 03d5 | 0c00 c039 | 8cd9 fe34 | 1f00 0039 | eb01 00b5 | 6942 201e | e103 1caa | c900 0010 
  0x0000000117c4c3bc: ;   {runtime_call G1BarrierSetRuntime::write_ref_field_post_entry(unsigned char volatile*, JavaThread*)}
  0x0000000117c4c3bc: 087e 83d2 | c879 a0f2 | 2800 c0f2 | ff27 bfa9 | 0001 3fd6 

  0x0000000117c4c3d0: ;   {other}
  0x0000000117c4c3d0: 1f20 03d5 | 1f00 80f2 | 1f00 80f2 | ff43 0091 | 3341 201e | bcf6 ff17 | 6c21 00d1 | 4a01 0b8b 
  0x0000000117c4c3f0: 4081 1ff8 | 8c27 00f9 | b7f6 ff17 | 8a2f 40f9 | 8b27 40f9 | bf3b 03d5 | 0c00 c039 | 0cd0 fe34 
  0x0000000117c4c410: 1f00 0039 | eb01 00b5 | 6942 201e | e103 1caa | c900 0010 

  0x0000000117c4c424: ;   {runtime_call G1BarrierSetRuntime::write_ref_field_post_entry(unsigned char volatile*, JavaThread*)}
  0x0000000117c4c424: 087e 83d2 | c879 a0f2 | 2800 c0f2 | ff27 bfa9 | 0001 3fd6 

  0x0000000117c4c438: ;   {other}
  0x0000000117c4c438: 1f20 03d5 | 1f00 80f2 | 1f00 80f2 | ff43 0091 | 3341 201e | 70f6 ff17 | 6c21 00d1 | 4a01 0b8b 
  0x0000000117c4c458: 4081 1ff8 | 8c27 00f9 | 6bf6 ff17 | 8a27 40f9 | 8b2f 40f9 | bf3b 03d5 | 0c00 c039 | 6cc6 fe34 
  0x0000000117c4c478: 1f00 0039 | ea01 00b5 | 6942 201e | e103 1caa | c900 0010 

  0x0000000117c4c48c: ;   {runtime_call G1BarrierSetRuntime::write_ref_field_post_entry(unsigned char volatile*, JavaThread*)}
  0x0000000117c4c48c: 087e 83d2 | c879 a0f2 | 2800 c0f2 | ff27 bfa9 | 0001 3fd6 

  0x0000000117c4c4a0: ;   {other}
  0x0000000117c4c4a0: 1f20 03d5 | 1f00 80f2 | 1f00 80f2 | ff43 0091 | 3341 201e | 23f6 ff17 | 4c21 00d1 | 6a01 0a8b 
  0x0000000117c4c4c0: 4081 1ff8 | 8c27 00f9 | 1ef6 ff17 | 8a27 40f9 | 8b2f 40f9 | bf3b 03d5 | 0f00 c039 | 4fe0 fe34 
  0x0000000117c4c4e0: 1f00 0039 | 2a02 00b5 | f503 0eaa | f403 0daa | e103 1caa | c900 0010 

  0x0000000117c4c4f8: ;   {runtime_call G1BarrierSetRuntime::write_ref_field_post_entry(unsigned char volatile*, JavaThread*)}
  0x0000000117c4c4f8: 087e 83d2 | c879 a0f2 | 2800 c0f2 | ff27 bfa9 | 0001 3fd6 

  0x0000000117c4c50c: ;   {other}
  0x0000000117c4c50c: 1f20 03d5 | 1f00 80f2 | 1f00 80f2 | ff43 0091 | ed03 14aa | ee03 15aa | f0f6 ff17 | 4c21 00d1 
  0x0000000117c4c52c: 6a01 0a8b | 4081 1ff8 | 8c27 00f9 | ebf6 ff17 | f303 00bd | e103 0caa 

  0x0000000117c4c544: ; ImmutableOopMap {[8]=NarrowOop [12]=NarrowOop [32]=Oop [40]=Oop [48]=Oop [64]=Oop [72]=Oop [80]=Oop [88]=Oop [96]=Oop [104]=Oop [112]=Oop }
                      ;*invokevirtual resize {reexecute=0 rethrow=0 return_oop=1}
                      ; - java.util.HashMap::putVal@288 (line 669)
                      ; - java.util.HashMap::put@9 (line 618)
                      ; - com.android.tools.r8.internal.co3::a@152 (line 197)
                      ; - com.android.tools.r8.internal.co3$$Lambda/0x000000e003c477a0::accept@20
                      ; - java.util.LinkedHashMap::forEach@35 (line 986)
                      ; - com.android.tools.r8.internal.co3::a@77 (line 28)
                      ;   {optimized virtual_call}
  0x0000000117c4c544: a363 4497 

  0x0000000117c4c548: ;   {other}
  0x0000000117c4c548: 1f20 03d5 | 1f67 86f2 | 1f40 85f2 | f303 40bd | bdf9 ff17 | 2a10 40b9 | 4af1 7dd3 | eb43 40f9 
  0x0000000117c4c568: 5f01 0beb | 6000 0054 | 7f01 0aeb | 4179 ff54 | f303 01aa | 8a03 c139 | eaaf 0035 

  0x0000000117c4c584: ;   {oop(a 'java/lang/Object'{0x0000000680758538})}
  0x0000000117c4c584: 0ba7 90d2 | ab0e b0f2 | cb00 c0f2 | ea03 13aa | 6b01 0aca | 6c16 40b9 

  0x0000000117c4c59c: ;   {oop(a 'java/lang/Object'{0x0000000680758538})}
  0x0000000117c4c59c: ce01 bad2 | ee14 96f2 | 6bfd 56d3 | 6e16 00b9 | 9df1 7dd3 | 2b01 00b4 | 4afd 49d3 | 0b00 90d2 
  0x0000000117c4c5bc: 2b13 a3f2 | 2b00 c0f2 | 6001 0a8b | 0b00 c039 | 7f09 0071 | c1ae 0054 | e133 40f9 | e203 13aa 
  0x0000000117c4c5dc: 0904 98d2 | e901 a0f2 | 091c c0f2 

  0x0000000117c4c5e8: ; ImmutableOopMap {rfp=Oop [32]=Oop [40]=Oop [48]=Oop [64]=Oop [72]=Oop [80]=Oop [88]=Oop }
                      ;*invokevirtual afterNodeAccess {reexecute=0 rethrow=0 return_oop=0}
                      ; - java.util.HashMap::putVal@253 (line 663)
                      ; - java.util.HashMap::put@9 (line 618)
                      ; - java.util.HashSet::add@8 (line 229)
                      ; - com.android.tools.r8.internal.co3::a@211 (line 212)
                      ; - com.android.tools.r8.internal.co3$$Lambda/0x000000e003c477a0::accept@20
                      ; - java.util.LinkedHashMap::forEach@35 (line 986)
                      ; - com.android.tools.r8.internal.co3::a@77 (line 28)
                      ;   {virtual_call}
  0x0000000117c4c5e8: e6fe 4d97 

  0x0000000117c4c5ec: ;   {other}
  0x0000000117c4c5ec: 1f20 03d5 | 9f7b 86f2 | 1f60 85f2 | fafb ff17 | fd03 1f2a | 55f8 ff17 | 8b03 c139 | 0bc5 0035 
  0x0000000117c4c60c: ea37 40f9 | eb4b 40f9 | 6b01 0aca | 6bfd 56d3 | ec37 40f9 | 9435 00b9 | 8b2d ffb4 | 4afd 49d3 
  0x0000000117c4c62c: 0b00 90d2 | 2b13 a3f2 | 2b00 c0f2 | 6001 0a8b | 0b00 c039 | 7f09 0071 | 802c ff54 | 8a27 40f9 
  0x0000000117c4c64c: 8b2f 40f9 | bf3b 03d5 | 0d00 c039 | ed2b ff34 | 1f00 0039 | ea01 00b5 | 6942 201e | e103 1caa 
  0x0000000117c4c66c: c900 0010 

  0x0000000117c4c670: ;   {runtime_call G1BarrierSetRuntime::write_ref_field_post_entry(unsigned char volatile*, JavaThread*)}
  0x0000000117c4c670: 087e 83d2 | c879 a0f2 | 2800 c0f2 | ff27 bfa9 | 0001 3fd6 

  0x0000000117c4c684: ;   {other}
  0x0000000117c4c684: 1f20 03d5 | 1f00 80f2 | 1f00 80f2 | ff43 0091 | 3341 201e | 4ff9 ff17 | 4c21 00d1 | 6a01 0a8b 
  0x0000000117c4c6a4: 4081 1ff8 | 8c27 00f9 | 4af9 ff17 | ed6f 40b9 | eb1b 40f9 | 6d35 0329 | eb3b 40f9 

  0x0000000117c4c6c0: ; implicit exception: dispatches to 0x0000000117c4f0f8
  0x0000000117c4c6c0: 6b0d 40b9 | bf01 0b6b | 822c 0154 | eb3b 40f9 | 0c00 8092 | 6b01 118b | 6c09 00f9 | ef03 0032 
  0x0000000117c4c6e0: ed03 1f2a | d1f7 ff17 | e103 0baa 

  0x0000000117c4c6ec: ; ImmutableOopMap {[32]=Oop [40]=Oop [48]=Oop [64]=Oop [72]=Oop [80]=Oop [88]=Oop [96]=Oop [112]=Oop [128]=Oop }
                      ;*invokevirtual resize {reexecute=0 rethrow=0 return_oop=1}
                      ; - java.util.HashMap::putVal@288 (line 669)
                      ; - java.util.HashMap::put@9 (line 618)
                      ; - java.util.HashSet::add@8 (line 229)
                      ; - com.android.tools.r8.internal.co3::a@200 (line 211)
                      ; - com.android.tools.r8.internal.co3$$Lambda/0x000000e003c477a0::accept@20
                      ; - java.util.LinkedHashMap::forEach@35 (line 986)
                      ; - com.android.tools.r8.internal.co3::a@77 (line 28)
                      ;   {optimized virtual_call}
  0x0000000117c4c6ec: 3963 4497 

  0x0000000117c4c6f0: ;   {other}
  0x0000000117c4c6f0: 1f20 03d5 | 1f9c 86f2 | 1f80 85f2 | 34fb ff17 | e103 0caa 

  0x0000000117c4c704: ; ImmutableOopMap {[32]=Oop [40]=Oop [48]=Oop [64]=Oop [72]=Oop [80]=Oop [88]=Oop [96]=Oop }
                      ;*invokevirtual resize {reexecute=0 rethrow=0 return_oop=1}
                      ; - java.util.HashMap::putVal@288 (line 669)
                      ; - java.util.HashMap::put@9 (line 618)
                      ; - java.util.HashSet::add@8 (line 229)
                      ; - com.android.tools.r8.internal.co3::a@211 (line 212)
                      ; - com.android.tools.r8.internal.co3$$Lambda/0x000000e003c477a0::accept@20
                      ; - java.util.LinkedHashMap::forEach@35 (line 986)
                      ; - com.android.tools.r8.internal.co3::a@77 (line 28)
                      ;   {optimized virtual_call}
  0x0000000117c4c704: 3363 4497 

  0x0000000117c4c708: ;   {other}
  0x0000000117c4c708: 1f20 03d5 | 1f9f 86f2 | 1fa0 85f2 | aafb ff17 | ea03 1f2a | ea83 00b9 | 8bf9 ff17 | f303 00bd 
  0x0000000117c4c728: a109 0011 | 6042 201e 

  0x0000000117c4c730: ; ImmutableOopMap {[32]=Oop [40]=Oop [48]=Oop [64]=Oop [72]=Oop [80]=Oop [88]=Oop }
                      ;*invokestatic a {reexecute=0 rethrow=0 return_oop=0}
                      ; - com.android.tools.r8.internal.a43::a@132 (line 13)
                      ; - com.android.tools.r8.internal.a43::a@18 (line 16)
                      ; - com.android.tools.r8.internal.co3::a@11 (line 184)
                      ; - com.android.tools.r8.internal.co3$$Lambda/0x000000e003c47578::accept@12
                      ; - java.util.LinkedHashMap::forEach@35 (line 986)
                      ; - com.android.tools.r8.internal.co3::a@63 (line 24)
                      ;   {static_call}
  0x0000000117c4c730: 1490 1797 

  0x0000000117c4c734: ;   {other}
  0x0000000117c4c734: 1f20 03d5 | 9fa4 86f2 | 1fc0 85f2 | e11b 40f9 | e203 002a 

  0x0000000117c4c748: ; ImmutableOopMap {[32]=Oop [40]=Oop [48]=Oop [64]=Oop [72]=Oop [80]=Oop [88]=Oop }
                      ;*invokevirtual f {reexecute=0 rethrow=0 return_oop=0}
                      ; - com.android.tools.r8.internal.a43::a@135 (line 13)
                      ; - com.android.tools.r8.internal.a43::a@18 (line 16)
                      ; - com.android.tools.r8.internal.co3::a@11 (line 184)
                      ; - com.android.tools.r8.internal.co3$$Lambda/0x000000e003c47578::accept@12
                      ; - java.util.LinkedHashMap::forEach@35 (line 986)
                      ; - com.android.tools.r8.internal.co3::a@63 (line 24)
                      ;   {optimized virtual_call}
  0x0000000117c4c748: 8e8e 1797 

  0x0000000117c4c74c: ;   {other}
  0x0000000117c4c74c: 1f20 03d5 | 9fa7 86f2 | 1fe0 85f2 | f303 40bd | b7f7 ff17 | 7f0d 0071 | 212a 0154 | 5f05 0031 
  0x0000000117c4c76c: 0058 0054 | ea03 0032 | 7ff6 ff17 | f393 00bd | e137 40f9 | e297 40b9 

  0x0000000117c4c784: ; ImmutableOopMap {[8]=NarrowOop [12]=NarrowOop [32]=Oop [40]=Oop [48]=Oop [64]=Oop [72]=Oop [80]=Oop [88]=Oop [96]=Oop [104]=Oop [112]=Oop [120]=Oop [136]=Derived_oop_[120] [16]=Derived_oop_[120] }
                      ;*invokevirtual resize {reexecute=0 rethrow=0 return_oop=0}
                      ; - java.util.IdentityHashMap::put@96 (line 455)
                      ; - com.android.tools.r8.internal.co3::a@164 (line 198)
                      ; - com.android.tools.r8.internal.co3$$Lambda/0x000000e003c477a0::accept@20
                      ; - java.util.LinkedHashMap::forEach@35 (line 986)
                      ; - com.android.tools.r8.internal.co3::a@77 (line 28)
                      ;   {optimized virtual_call}
  0x0000000117c4c784: 7f8e 1797 

  0x0000000117c4c788: ;   {other}
  0x0000000117c4c788: 1f20 03d5 | 1faf 86f2 | 1f00 86f2 | c057 0034 

  0x0000000117c4c798: ; ImmutableOopMap {[8]=NarrowOop [12]=NarrowOop [32]=Oop [40]=Oop [48]=Oop [64]=Oop [72]=Oop [80]=Oop [88]=Oop [96]=Oop [104]=Oop [112]=Oop }
                      ;*goto {reexecute=1 rethrow=0 return_oop=0}
                      ; - (reexecute) java.util.IdentityHashMap::put@102 (line 456)
                      ; - com.android.tools.r8.internal.co3::a@164 (line 198)
                      ; - com.android.tools.r8.internal.co3$$Lambda/0x000000e003c477a0::accept@20
                      ; - java.util.LinkedHashMap::forEach@35 (line 986)
                      ; - com.android.tools.r8.internal.co3::a@77 (line 28)
  0x0000000117c4c798: 8a2f 42f9 

  0x0000000117c4c79c: ;   {poll}
  0x0000000117c4c79c: 5f01 40b9 | ea37 40f9 | 4b1d 40b9 | ea33 40f9 | 4a01 40f9 | 6bf1 7dd3 | eb3f 00f9 | 4b05 4092 
  0x0000000117c4c7bc: ec3f 40f9 

  0x0000000117c4c7c0: ; implicit exception: dispatches to 0x0000000117c4f10c
  0x0000000117c4c7c0: 8d0d 40b9 | ed03 00b9 | 7f05 00f1 | a1c6 0054 | 4afd 48d3 | 4079 0012 | 40c6 0034 | 0a78 1f53 
  0x0000000117c4c7e0: 4b21 004b | ea03 40b9 | 4a05 0051 | 6a01 0a0a | ea83 00b9 | ea03 40b9 | ea97 00b9 | f393 40bd 
  0x0000000117c4c800: 36f9 ff17 | f303 00bd | e133 40f9 

  0x0000000117c4c80c: ; ImmutableOopMap {[32]=Oop [40]=Oop [48]=Oop [64]=Oop [72]=Oop [80]=Oop [88]=Oop [96]=Oop [104]=Oop [112]=Oop [120]=Oop }
                      ;*invokestatic identityHashCode {reexecute=0 rethrow=0 return_oop=0}
                      ; - java.util.IdentityHashMap::hash@1 (line 306)
                      ; - java.util.IdentityHashMap::get@17 (line 340)
                      ; - com.android.tools.r8.internal.co3::a@16 (line 186)
                      ; - com.android.tools.r8.internal.co3$$Lambda/0x000000e003c477a0::accept@20
                      ; - java.util.LinkedHashMap::forEach@35 (line 986)
                      ; - com.android.tools.r8.internal.co3::a@77 (line 28)
                      ;   {static_call}
  0x0000000117c4c80c: dd8f 1797 

  0x0000000117c4c810: ;   {other}
  0x0000000117c4c810: 1f20 03d5 | 1fc0 86f2 | 1f40 86f2 | f303 40bd | b7f7 ff17 | f303 00bd | e133 40f9 

  0x0000000117c4c82c: ; ImmutableOopMap {[32]=Oop [40]=Oop [48]=Oop [64]=Oop [72]=Oop [80]=Oop [88]=Oop [96]=Oop [104]=Oop }
                      ;*invokestatic identityHashCode {reexecute=0 rethrow=0 return_oop=0}
                      ; - com.android.tools.r8.internal.a43::e@33 (line 6)
                      ; - com.android.tools.r8.internal.co3::a@3 (line 184)
                      ; - com.android.tools.r8.internal.co3$$Lambda/0x000000e003c47578::accept@12
                      ; - java.util.LinkedHashMap::forEach@35 (line 986)
                      ; - com.android.tools.r8.internal.co3::a@63 (line 24)
                      ;   {static_call}
  0x0000000117c4c82c: d58f 1797 

  0x0000000117c4c830: ;   {other}
  0x0000000117c4c830: 1f20 03d5 | 1fc4 86f2 | 1f60 86f2 | f303 40bd | 8af6 ff17 | f303 00bd | e133 40f9 

  0x0000000117c4c84c: ; ImmutableOopMap {[32]=Oop [40]=Oop [48]=Oop [64]=Oop [72]=Oop [80]=Oop [88]=Oop [96]=Oop [104]=Oop }
                      ;*invokestatic identityHashCode {reexecute=0 rethrow=0 return_oop=0}
                      ; - com.android.tools.r8.internal.a43::h@30 (line 6)
                      ; - com.android.tools.r8.internal.a43::a@2 (line 14)
                      ; - com.android.tools.r8.internal.co3::a@11 (line 184)
                      ; - com.android.tools.r8.internal.co3$$Lambda/0x000000e003c47578::accept@12
                      ; - java.util.LinkedHashMap::forEach@35 (line 986)
                      ; - com.android.tools.r8.internal.co3::a@63 (line 24)
                      ;   {static_call}
  0x0000000117c4c84c: cd8f 1797 

  0x0000000117c4c850: ;   {other}
  0x0000000117c4c850: 1f20 03d5 | 1fc8 86f2 | 1f80 86f2 | ea1b 40f9 | 4e15 40b9 | f303 40bd | d2f6 ff17 | ed13 40f9 
  0x0000000117c4c870: aa15 40b9 | 40f1 7dd3 | 0079 ffb4 | 8a17 40f9 | 8ad8 00b4 | 8b1f 40f9 | 4c21 00d1 | 6a01 0a8b 
  0x0000000117c4c890: 4081 1ff8 | 8c17 00f9 | c0fb ff17 | ef0b 40f9 | ea25 40b9 | 40f1 7dd3 | 607a ffb4 | 8a17 40f9 
  0x0000000117c4c8b0: 0ad5 00b4 | 8b1f 40f9 | 4c21 00d1 | 6a01 0a8b | 4081 1ff8 | 8c17 00f9 | cbfb ff17 | 8a27 40f9 
  0x0000000117c4c8d0: 8b2f 40f9 | bf3b 03d5 | 0e00 c039 | 8e7a ff34 | 1f00 0039 | 2a02 00b5 | f303 0faa | f403 0daa 
  0x0000000117c4c8f0: e103 1caa | c900 0010 

  0x0000000117c4c8f8: ;   {runtime_call G1BarrierSetRuntime::write_ref_field_post_entry(unsigned char volatile*, JavaThread*)}
  0x0000000117c4c8f8: 087e 83d2 | c879 a0f2 | 2800 c0f2 | ff27 bfa9 | 0001 3fd6 

  0x0000000117c4c90c: ;   {other}
  0x0000000117c4c90c: 1f20 03d5 | 1f00 80f2 | 1f00 80f2 | ff43 0091 | ef03 13aa | ed03 14aa | c2fb ff17 | 4c21 00d1 
  0x0000000117c4c92c: 6a01 0a8b | 4081 1ff8 | 8c27 00f9 | bdfb ff17 | 8a27 40f9 | 8b2f 40f9 | bf3b 03d5 | 0c00 c039 
  0x0000000117c4c94c: ac74 ff34 | 1f00 0039 | ea01 00b5 | f403 0daa | e103 1caa | c900 0010 

  0x0000000117c4c964: ;   {runtime_call G1BarrierSetRuntime::write_ref_field_post_entry(unsigned char volatile*, JavaThread*)}
  0x0000000117c4c964: 087e 83d2 | c879 a0f2 | 2800 c0f2 | ff27 bfa9 | 0001 3fd6 

  0x0000000117c4c978: ;   {other}
  0x0000000117c4c978: 1f20 03d5 | 1f00 80f2 | 1f00 80f2 | ff43 0091 | ed03 14aa | 95fb ff17 | 4c21 00d1 | 6a01 0a8b 
  0x0000000117c4c998: 4081 1ff8 | 8c27 00f9 | 90fb ff17 | fd03 13aa 

  0x0000000117c4c9a8: ;   {metadata('com/android/tools/r8/internal/a43')}
  0x0000000117c4c9a8: 01b1 86d2 | e163 a0f2 | 011c c0f2 

  0x0000000117c4c9b4: ; ImmutableOopMap {rfp=Oop [0]=Oop }
                      ;*new {reexecute=0 rethrow=0 return_oop=1}
                      ; - com.android.tools.r8.internal.co3::a@9 (line 19)
                      ;   {runtime_call _new_instance_Java}
  0x0000000117c4c9b4: d3f8 1a97 

  0x0000000117c4c9b8: ;   {other}
  0x0000000117c4c9b8: 1f20 03d5 | 1ff5 86f2 | 1fa0 86f2 | f303 1daa | f403 00aa | 84f4 ff17 | f313 00bd | f407 00f9 
  0x0000000117c4c9d8: fd03 13aa 

  0x0000000117c4c9dc: ;   {metadata({type array long})}
  0x0000000117c4c9dc: 0141 85d2 | 0100 a0f2 | 011c c0f2 | e203 152a 

  0x0000000117c4c9ec: ; ImmutableOopMap {rfp=Oop [0]=Oop [8]=Oop }
                      ;*newarray {reexecute=0 rethrow=0 return_oop=1}
                      ; - com.android.tools.r8.internal.a43::<init>@76 (line 50)
                      ; - com.android.tools.r8.internal.co3::a@16 (line 20)
                      ;   {runtime_call _new_array_Java}
  0x0000000117c4c9ec: 2505 1b97 

  0x0000000117c4c9f0: ;   {other}
  0x0000000117c4c9f0: 1f20 03d5 | 1ffc 86f2 | 1fc0 86f2 | f303 1daa | f407 40f9 | f313 40bd | f603 00aa | 20f5 ff17 
  0x0000000117c4ca10: f51f 00b9 | f31b 00bd | f3d3 00a9 

  0x0000000117c4ca1c: ;   {metadata({type array int})}
  0x0000000117c4ca1c: 01c7 84d2 | 0100 a0f2 | 011c c0f2 | e203 152a 

  0x0000000117c4ca2c: ; ImmutableOopMap {[0]=Oop [8]=Oop [16]=Oop }
                      ;*newarray {reexecute=0 rethrow=0 return_oop=1}
                      ; - com.android.tools.r8.internal.a43::<init>@70 (line 49)
                      ; - com.android.tools.r8.internal.co3::a@16 (line 20)
                      ;   {runtime_call _new_array_Java}
  0x0000000117c4ca2c: 1505 1b97 

  0x0000000117c4ca30: ;   {other}
  0x0000000117c4ca30: 1f20 03d5 | 1f04 87f2 | 1fe0 86f2 | f3d3 40a9 | f31b 40bd | f51f 40b9 | f603 00aa | def4 ff17 
  0x0000000117c4ca50: ee1f 00b9 | f31b 00bd | f3d3 00a9 

  0x0000000117c4ca5c: ;   {metadata('java/lang/Object'[])}
  0x0000000117c4ca5c: 0148 82d2 | 0100 a0f2 | 011c c0f2 | e203 0e2a 

  0x0000000117c4ca6c: ; ImmutableOopMap {[0]=Oop [8]=Oop [16]=Oop }
                      ;*anewarray {reexecute=0 rethrow=0 return_oop=1}
                      ; - com.android.tools.r8.internal.a43::<init>@63 (line 48)
                      ; - com.android.tools.r8.internal.co3::a@16 (line 20)
                      ;   {runtime_call _new_array_Java}
  0x0000000117c4ca6c: 0505 1b97 

  0x0000000117c4ca70: ;   {other}
  0x0000000117c4ca70: 1f20 03d5 | 1f0c 87f2 | 1f00 87f2 | f3d3 40a9 | f31b 40bd | 9df4 ff17 | edbb 00a9 | f303 00f9 
  0x0000000117c4ca90: ;   {metadata('com/android/tools/r8/internal/u33')}
  0x0000000117c4ca90: 0153 8ad2 | 816e a0f2 | 011c c0f2 

  0x0000000117c4ca9c: ; ImmutableOopMap {[0]=Oop [8]=Oop [16]=Oop }
                      ;*new {reexecute=0 rethrow=0 return_oop=1}
                      ; - com.android.tools.r8.internal.co3::a@104 (line 33)
                      ;   {runtime_call _new_instance_Java}
  0x0000000117c4ca9c: 99f8 1a97 

  0x0000000117c4caa0: ;   {other}
  0x0000000117c4caa0: 1f20 03d5 | 1f12 87f2 | 1f20 87f2 | f337 40a9 | ee0b 40f9 | 9af5 ff17 | f437 00a9 | fd03 13aa 
  0x0000000117c4cac0: ;   {metadata('com/android/tools/r8/internal/y33')}
  0x0000000117c4cac0: 0106 9cd2 | 6178 a0f2 | 011c c0f2 

  0x0000000117c4cacc: ; ImmutableOopMap {rfp=Oop [0]=Oop [8]=Oop }
                      ;*new {reexecute=0 rethrow=0 return_oop=1}
                      ; - com.android.tools.r8.internal.a43::s@9 (line 1)
                      ; - com.android.tools.r8.internal.co3::a@97 (line 31)
                      ;   {runtime_call _new_instance_Java}
  0x0000000117c4cacc: 8df8 1a97 

  0x0000000117c4cad0: ;   {other}
  0x0000000117c4cad0: 1f20 03d5 | 1f18 87f2 | 1f40 87f2 | f303 1daa | f437 40a9 | ee03 00aa | 6af5 ff17 | fd03 13aa 
  0x0000000117c4caf0: ;   {metadata('com/android/tools/r8/internal/zv3')}
  0x0000000117c4caf0: 0100 99d2 | 6162 a0f2 | 011c c0f2 

  0x0000000117c4cafc: ; ImmutableOopMap {rfp=Oop }
                      ;*new {reexecute=0 rethrow=0 return_oop=1}
                      ; - com.android.tools.r8.internal.co3::a@288 (line 46)
                      ;   {runtime_call _new_instance_Java}
  0x0000000117c4cafc: 81f8 1a97 

  0x0000000117c4cb00: ;   {other}
  0x0000000117c4cb00: 1f20 03d5 | 1f1e 87f2 | 1f60 87f2 | f303 1daa | a7f5 ff17 | ea3b 40f9 | aad2 feb5 | 2101 8012 
  0x0000000117c4cb20: ; ImmutableOopMap {}
                      ;*iastore {reexecute=0 rethrow=0 return_oop=0}
                      ; - com.android.tools.r8.internal.a43::a@27 (line 3)
                      ; - com.android.tools.r8.internal.a43::a@18 (line 16)
                      ; - com.android.tools.r8.internal.co3::a@11 (line 184)
                      ; - com.android.tools.r8.internal.co3$$Lambda/0x000000e003c47578::accept@12
                      ; - java.util.LinkedHashMap::forEach@35 (line 986)
                      ; - com.android.tools.r8.internal.co3::a@63 (line 24)
                      ;   {runtime_call UncommonTrapBlob}
  0x0000000117c4cb20: 18a9 1797 

  0x0000000117c4cb24: ;   {other}
  0x0000000117c4cb24: 1f20 03d5 | 9f22 87f2 | 1f80 87f2 | cb02 40b9 | 60f1 7dd3 | 60cf feb4 | 8a17 40f9 | 4ac4 00b4 
  0x0000000117c4cb44: 8b1f 40f9 | 4c21 00d1 | 6a01 0a8b | 4081 1ff8 | 8c17 00f9 | 73f6 ff17 | 8a2f 40f9 | 8b27 40f9 
  0x0000000117c4cb64: bf3b 03d5 | 0d00 c039 | ad02 0034 | 1f00 0039 | cb00 00b4 | 6c21 00d1 | 4a01 0b8b | 4081 1ff8 
  0x0000000117c4cb84: 8c27 00f9 | 0e00 0014 | 6942 201e | e103 1caa | c900 0010 

  0x0000000117c4cb98: ;   {runtime_call G1BarrierSetRuntime::write_ref_field_post_entry(unsigned char volatile*, JavaThread*)}
  0x0000000117c4cb98: 087e 83d2 | c879 a0f2 | 2800 c0f2 | ff27 bfa9 | 0001 3fd6 

  0x0000000117c4cbac: ;   {other}
  0x0000000117c4cbac: 1f20 03d5 | 1f00 80f2 | 1f00 80f2 | ff43 0091 | 3341 201e | ea1b 40f9 | 5335 40b9 | 33cd fe35 
  0x0000000117c4cbcc: d4ff ff17 | ab13 40b9 | 62f1 7dd3 | ea33 40f9 | 5f00 0aeb | 6100 0054 | f303 1daa | 78fd ff17 
  0x0000000117c4cbec: f303 00bd | e103 0aaa 

  0x0000000117c4cbf4: ; ImmutableOopMap {rfp=Oop [8]=NarrowOop [12]=NarrowOop [32]=Oop [40]=Oop [48]=Oop [64]=Oop [72]=Oop [80]=Oop [88]=Oop [96]=Oop [104]=Oop [112]=Oop [128]=Oop }
                      ;*invokevirtual equals {reexecute=0 rethrow=0 return_oop=0}
                      ; - java.util.HashMap::putVal@203 (line 654)
                      ; - java.util.HashMap::put@9 (line 618)
                      ; - com.android.tools.r8.internal.co3::a@152 (line 197)
                      ; - com.android.tools.r8.internal.co3$$Lambda/0x000000e003c477a0::accept@20
                      ; - java.util.LinkedHashMap::forEach@35 (line 986)
                      ; - com.android.tools.r8.internal.co3::a@77 (line 28)
                      ;   {optimized virtual_call}
  0x0000000117c4cbf4: 638d 1797 

  0x0000000117c4cbf8: ;   {other}
  0x0000000117c4cbf8: 1f20 03d5 | 1f3d 87f2 | 1fa0 87f2 | 6000 0035 | f303 40bd | 30fc ff17 | f303 1daa | f303 40bd 
  0x0000000117c4cc18: 6cfd ff17 | f307 00bd | e133 40f9 

  0x0000000117c4cc24: ; ImmutableOopMap {[32]=Oop [40]=Oop [48]=Oop [64]=Oop [72]=Oop [80]=Oop [88]=Oop [96]=Oop [104]=Oop [112]=Oop }
                      ;*invokestatic identityHashCode {reexecute=0 rethrow=0 return_oop=0}
                      ; - com.android.tools.r8.internal.a43::e@33 (line 6)
                      ; - com.android.tools.r8.internal.co3::a@68 (line 191)
                      ; - com.android.tools.r8.internal.co3$$Lambda/0x000000e003c477a0::accept@20
                      ; - java.util.LinkedHashMap::forEach@35 (line 986)
                      ; - com.android.tools.r8.internal.co3::a@77 (line 28)
                      ;   {static_call}
  0x0000000117c4cc24: d78e 1797 

  0x0000000117c4cc28: ;   {other}
  0x0000000117c4cc28: 1f20 03d5 | 1f43 87f2 | 1fc0 87f2 | f307 40bd | fbf6 ff17 | f307 00bd | e133 40f9 

  0x0000000117c4cc44: ; ImmutableOopMap {[8]=NarrowOop [12]=NarrowOop [32]=Oop [40]=Oop [48]=Oop [64]=Oop [72]=Oop [80]=Oop [88]=Oop [96]=Oop [104]=Oop [112]=Oop [120]=Oop }
                      ;*invokestatic identityHashCode {reexecute=0 rethrow=0 return_oop=0}
                      ; - java.util.IdentityHashMap::hash@1 (line 306)
                      ; - java.util.IdentityHashMap::put@19 (line 440)
                      ; - com.android.tools.r8.internal.co3::a@164 (line 198)
                      ; - com.android.tools.r8.internal.co3$$Lambda/0x000000e003c477a0::accept@20
                      ; - java.util.LinkedHashMap::forEach@35 (line 986)
                      ; - com.android.tools.r8.internal.co3::a@77 (line 28)
                      ;   {static_call}
  0x0000000117c4cc44: cf8e 1797 

  0x0000000117c4cc48: ;   {other}
  0x0000000117c4cc48: 1f20 03d5 | 1f47 87f2 | 1fe0 87f2 | f307 40bd | 19f8 ff17 | ea0b 40f9 | 4a01 40b9 | 40f1 7dd3 
  0x0000000117c4cc68: 600a ffb4 | 8a17 40f9 | aabe 00b4 | 8b1f 40f9 | 4c21 00d1 | 6a01 0a8b | 4081 1ff8 | 8c17 00f9 
  0x0000000117c4cc88: 4bf8 ff17 | ea47 40f9 | 4a01 40b9 | 40f1 7dd3 | a00b ffb4 | 8a17 40f9 | eabe 00b4 | 8b1f 40f9 
  0x0000000117c4cca8: 4c21 00d1 | 6a01 0a8b | 4081 1ff8 | 8c17 00f9 | 55f8 ff17 | 8a27 40f9 | 8b2f 40f9 | bf3b 03d5 
  0x0000000117c4ccc8: 0d00 c039 | 4d09 ff34 | 1f00 0039 | ea01 00b5 | 6942 201e | e103 1caa | c900 0010 

  0x0000000117c4cce4: ;   {runtime_call G1BarrierSetRuntime::write_ref_field_post_entry(unsigned char volatile*, JavaThread*)}
  0x0000000117c4cce4: 087e 83d2 | c879 a0f2 | 2800 c0f2 | ff27 bfa9 | 0001 3fd6 

  0x0000000117c4ccf8: ;   {other}
  0x0000000117c4ccf8: 1f20 03d5 | 1f00 80f2 | 1f00 80f2 | ff43 0091 | 3341 201e | 3af8 ff17 | 4c21 00d1 | 6a01 0a8b 
  0x0000000117c4cd18: 4081 1ff8 | 8c27 00f9 | 35f8 ff17 | 8a27 40f9 | 8b2f 40f9 | bf3b 03d5 | 0d00 c039 | cd08 ff34 
  0x0000000117c4cd38: 1f00 0039 | ea01 00b5 | 6942 201e | e103 1caa | c900 0010 

  0x0000000117c4cd4c: ;   {runtime_call G1BarrierSetRuntime::write_ref_field_post_entry(unsigned char volatile*, JavaThread*)}
  0x0000000117c4cd4c: 087e 83d2 | c879 a0f2 | 2800 c0f2 | ff27 bfa9 | 0001 3fd6 

  0x0000000117c4cd60: ;   {other}
  0x0000000117c4cd60: 1f20 03d5 | 1f00 80f2 | 1f00 80f2 | ff43 0091 | 3341 201e | 36f8 ff17 | 4c21 00d1 | 6a01 0a8b 
  0x0000000117c4cd80: 4081 1ff8 | 8c27 00f9 | 31f8 ff17 | 4a39 40b9 | 40f1 7dd3 | c0ea feb4 | 8a17 40f9 | 8ac2 00b4 
  0x0000000117c4cda0: 8b1f 40f9 | 4c21 00d1 | 6a01 0a8b | 4081 1ff8 | 8c17 00f9 | 4ef7 ff17 | ea03 40f9 | 4a01 40b9 
  0x0000000117c4cdc0: 40f1 7dd3 | 00f1 feb4 | 8a17 40f9 | cac2 00b4 | 8b1f 40f9 | 4c21 00d1 | 6a01 0a8b | 4081 1ff8 
  0x0000000117c4cde0: 8c17 00f9 | 80f7 ff17 | 8a27 40f9 | 8b2f 40f9 | bf3b 03d5 | 0c00 c039 | acea fe34 | 1f00 0039 
  0x0000000117c4ce00: ea01 00b5 | 6942 201e | e103 1caa | c900 0010 

  0x0000000117c4ce10: ;   {runtime_call G1BarrierSetRuntime::write_ref_field_post_entry(unsigned char volatile*, JavaThread*)}
  0x0000000117c4ce10: 087e 83d2 | c879 a0f2 | 2800 c0f2 | ff27 bfa9 | 0001 3fd6 

  0x0000000117c4ce24: ;   {other}
  0x0000000117c4ce24: 1f20 03d5 | 1f00 80f2 | 1f00 80f2 | ff43 0091 | 3341 201e | 45f7 ff17 | 4c21 00d1 | 6a01 0a8b 
  0x0000000117c4ce44: 4081 1ff8 | 8c27 00f9 | 40f7 ff17 | 8a27 40f9 | 8b2f 40f9 | bf3b 03d5 | 0d00 c039 | 0dee fe34 
  0x0000000117c4ce64: 1f00 0039 | ea01 00b5 | 6942 201e | e103 1caa | c900 0010 

  0x0000000117c4ce78: ;   {runtime_call G1BarrierSetRuntime::write_ref_field_post_entry(unsigned char volatile*, JavaThread*)}
  0x0000000117c4ce78: 087e 83d2 | c879 a0f2 | 2800 c0f2 | ff27 bfa9 | 0001 3fd6 

  0x0000000117c4ce8c: ;   {other}
  0x0000000117c4ce8c: 1f20 03d5 | 1f00 80f2 | 1f00 80f2 | ff43 0091 | 3341 201e | 60f7 ff17 | 4c21 00d1 | 6a01 0a8b 
  0x0000000117c4ceac: 4081 1ff8 | 8c27 00f9 | 5bf7 ff17 | cb22 40b9 | 60f1 7dd3 | e0e6 feb4 | 8a17 40f9 | aabc 00b4 
  0x0000000117c4cecc: 8b1f 40f9 | 4c21 00d1 | 6a01 0a8b | 4081 1ff8 | 8c17 00f9 | 2ff7 ff17 | ea4b 40f9 | 4a1d 40b9 
  0x0000000117c4ceec: 40f1 7dd3 | 40e3 feb4 | 8a17 40f9 | eabc 00b4 | 8b1f 40f9 | 4c21 00d1 | 6a01 0a8b | 4081 1ff8 
  0x0000000117c4cf0c: 8c17 00f9 | 12f7 ff17 | 8a27 40f9 | 8b2f 40f9 | bf3b 03d5 | 0c00 c039 | 8ce5 fe34 | 1f00 0039 
  0x0000000117c4cf2c: ea01 00b5 | 6942 201e | e103 1caa | c900 0010 

  0x0000000117c4cf3c: ;   {runtime_call G1BarrierSetRuntime::write_ref_field_post_entry(unsigned char volatile*, JavaThread*)}
  0x0000000117c4cf3c: 087e 83d2 | c879 a0f2 | 2800 c0f2 | ff27 bfa9 | 0001 3fd6 

  0x0000000117c4cf50: ;   {other}
  0x0000000117c4cf50: 1f20 03d5 | 1f00 80f2 | 1f00 80f2 | ff43 0091 | 3341 201e | 1cf7 ff17 | 4c21 00d1 | 6a01 0a8b 
  0x0000000117c4cf70: 4081 1ff8 | 8c27 00f9 | 17f7 ff17 | 8a27 40f9 | 8b2f 40f9 | bf3b 03d5 | 0d00 c039 | 4de0 fe34 
  0x0000000117c4cf90: 1f00 0039 | ea01 00b5 | 6942 201e | e103 1caa | c900 0010 

  0x0000000117c4cfa4: ;   {runtime_call G1BarrierSetRuntime::write_ref_field_post_entry(unsigned char volatile*, JavaThread*)}
  0x0000000117c4cfa4: 087e 83d2 | c879 a0f2 | 2800 c0f2 | ff27 bfa9 | 0001 3fd6 

  0x0000000117c4cfb8: ;   {other}
  0x0000000117c4cfb8: 1f20 03d5 | 1f00 80f2 | 1f00 80f2 | ff43 0091 | 3341 201e | f2f6 ff17 | 4c21 00d1 | 6a01 0a8b 
  0x0000000117c4cfd8: 4081 1ff8 | 8c27 00f9 | edf6 ff17 | aa13 40b9 | 42f1 7dd3 | ea3b 40f9 | 5f00 0aeb | 6100 0054 
  0x0000000117c4cff8: f303 1daa | 9df8 ff17 | f303 00bd | e103 0aaa 

  0x0000000117c4d008: ; ImmutableOopMap {rfp=Oop [32]=Oop [40]=Oop [48]=Oop [64]=Oop [72]=Oop [80]=Oop [88]=Oop [96]=Oop [112]=Oop [128]=Oop [136]=Oop }
                      ;*invokevirtual equals {reexecute=0 rethrow=0 return_oop=0}
                      ; - java.util.HashMap::putVal@203 (line 654)
                      ; - java.util.HashMap::put@9 (line 618)
                      ; - java.util.HashSet::add@8 (line 229)
                      ; - com.android.tools.r8.internal.co3::a@200 (line 211)
                      ; - com.android.tools.r8.internal.co3$$Lambda/0x000000e003c477a0::accept@20
                      ; - java.util.LinkedHashMap::forEach@35 (line 986)
                      ; - com.android.tools.r8.internal.co3::a@77 (line 28)
                      ;   {optimized virtual_call}
  0x0000000117c4d008: 5e8c 1797 

  0x0000000117c4d00c: ;   {other}
  0x0000000117c4d00c: 1f20 03d5 | 9fbf 87f2 | 1f00 88f2 | 6000 0035 | f303 40bd | dcfb ff17 | f303 1daa | f303 40bd 
  0x0000000117c4d02c: 91f8 ff17 | ab13 40b9 | 62f1 7dd3 | ea43 40f9 | 5f00 0aeb | 6100 0054 | f303 1daa | 4dfd ff17 
  0x0000000117c4d04c: e143 40f9 

  0x0000000117c4d050: ; ImmutableOopMap {rfp=Oop [32]=Oop [40]=Oop [48]=Oop [64]=Oop [72]=Oop [80]=Oop [88]=Oop [96]=Oop [120]=Oop [128]=Oop }
                      ;*invokevirtual equals {reexecute=0 rethrow=0 return_oop=0}
                      ; - java.util.HashMap::putVal@203 (line 654)
                      ; - java.util.HashMap::put@9 (line 618)
                      ; - java.util.HashSet::add@8 (line 229)
                      ; - com.android.tools.r8.internal.co3::a@211 (line 212)
                      ; - com.android.tools.r8.internal.co3$$Lambda/0x000000e003c477a0::accept@20
                      ; - java.util.LinkedHashMap::forEach@35 (line 986)
                      ; - com.android.tools.r8.internal.co3::a@77 (line 28)
                      ;   {optimized virtual_call}
  0x0000000117c4d050: 4c8c 1797 

  0x0000000117c4d054: ;   {other}
  0x0000000117c4d054: 1f20 03d5 | 9fc8 87f2 | 1f20 88f2 | 6082 ff34 | f303 1daa | 45fd ff17 | f303 00bd | e13b 40f9 
  0x0000000117c4d074: ; ImmutableOopMap {[32]=Oop [40]=Oop [48]=Oop [64]=Oop [72]=Oop [80]=Oop [88]=Oop [96]=Oop [112]=Oop [128]=Oop }
                      ;*invokevirtual hashCode {reexecute=0 rethrow=0 return_oop=0}
                      ; - java.util.HashMap::hash@9 (line 338)
                      ; - java.util.HashMap::put@2 (line 618)
                      ; - java.util.HashSet::add@8 (line 229)
                      ; - com.android.tools.r8.internal.co3::a@200 (line 211)
                      ; - com.android.tools.r8.internal.co3$$Lambda/0x000000e003c477a0::accept@20
                      ; - java.util.LinkedHashMap::forEach@35 (line 986)
                      ; - com.android.tools.r8.internal.co3::a@77 (line 28)
                      ;   {optimized virtual_call}
  0x0000000117c4d074: 97b3 3397 

  0x0000000117c4d078: ;   {other}
  0x0000000117c4d078: 1f20 03d5 | 1fcd 87f2 | 1f40 88f2 | f303 40bd | 41f8 ff17 | e143 40f9 

  0x0000000117c4d090: ; ImmutableOopMap {[32]=Oop [40]=Oop [48]=Oop [64]=Oop [72]=Oop [80]=Oop [88]=Oop [96]=Oop [128]=Oop }
                      ;*invokevirtual hashCode {reexecute=0 rethrow=0 return_oop=0}
                      ; - java.util.HashMap::hash@9 (line 338)
                      ; - java.util.HashMap::put@2 (line 618)
                      ; - java.util.HashSet::add@8 (line 229)
                      ; - com.android.tools.r8.internal.co3::a@211 (line 212)
                      ; - com.android.tools.r8.internal.co3$$Lambda/0x000000e003c477a0::accept@20
                      ; - java.util.LinkedHashMap::forEach@35 (line 986)
                      ; - com.android.tools.r8.internal.co3::a@77 (line 28)
                      ;   {optimized virtual_call}
  0x0000000117c4d090: 90b3 3397 

  0x0000000117c4d094: ;   {other}
  0x0000000117c4d094: 1f20 03d5 | 9fd0 87f2 | 1f60 88f2 | e3f8 ff17 | 8b03 c139 | 2ba7 0035 | eb37 40f9 | ea47 40f9 
  0x0000000117c4d0b4: 4a01 0bca | 4afd 56d3 | ec37 40f9 | 9535 00b9 | ea6c ffb4 | 6afd 49d3 | 0b00 90d2 | 2b13 a3f2 
  0x0000000117c4d0d4: 2b00 c0f2 | 6001 0a8b | 0b00 c039 | 7f09 0071 | e06b ff54 | 8a2f 40f9 | 8b27 40f9 | bf3b 03d5 
  0x0000000117c4d0f4: 0d00 c039 | 4d6b ff34 | 1f00 0039 | eb01 00b5 | 6942 201e | e103 1caa | c900 0010 

  0x0000000117c4d110: ;   {runtime_call G1BarrierSetRuntime::write_ref_field_post_entry(unsigned char volatile*, JavaThread*)}
  0x0000000117c4d110: 087e 83d2 | c879 a0f2 | 2800 c0f2 | ff27 bfa9 | 0001 3fd6 

  0x0000000117c4d124: ;   {other}
  0x0000000117c4d124: 1f20 03d5 | 1f00 80f2 | 1f00 80f2 | ff43 0091 | 3341 201e | 4afb ff17 | 6c21 00d1 | 4a01 0b8b 
  0x0000000117c4d144: 4081 1ff8 | 8c27 00f9 | 45fb ff17 | f307 40f9 | 6b02 40b9 | 60f1 7dd3 | 0010 ffb4 | 8a17 40f9 
  0x0000000117c4d164: eab5 00b4 | 8b1f 40f9 | 4c21 00d1 | 6a01 0a8b | 4081 1ff8 | 8c17 00f9 | 78f8 ff17 | aa03 40b9 
  0x0000000117c4d184: 40f1 7dd3 | 201e ffb4 | 8a17 40f9 | 0ab6 00b4 | 8b1f 40f9 | 4c21 00d1 | 6a01 0a8b | 4081 1ff8 
  0x0000000117c4d1a4: 8c17 00f9 | e9f8 ff17 | 8a2f 40f9 | 8b27 40f9 | bf3b 03d5 | 0c00 c039 | 4c0f ff34 | 1f00 0039 
  0x0000000117c4d1c4: ab01 00b5 | e103 1caa | c900 0010 

  0x0000000117c4d1d0: ;   {runtime_call G1BarrierSetRuntime::write_ref_field_post_entry(unsigned char volatile*, JavaThread*)}
  0x0000000117c4d1d0: 087e 83d2 | c879 a0f2 | 2800 c0f2 | ff27 bfa9 | 0001 3fd6 

  0x0000000117c4d1e4: ;   {other}
  0x0000000117c4d1e4: 1f20 03d5 | 1f00 80f2 | 1f00 80f2 | ff43 0091 | 6cf8 ff17 | 6c21 00d1 | 4a01 0b8b | 4081 1ff8 
  0x0000000117c4d204: 8c27 00f9 | 67f8 ff17 | 8a2f 40f9 | 8b27 40f9 | bf3b 03d5 | 0d00 c039 | ad1b ff34 | 1f00 0039 
  0x0000000117c4d224: ab01 00b5 | e103 1caa | c900 0010 

  0x0000000117c4d230: ;   {runtime_call G1BarrierSetRuntime::write_ref_field_post_entry(unsigned char volatile*, JavaThread*)}
  0x0000000117c4d230: 087e 83d2 | c879 a0f2 | 2800 c0f2 | ff27 bfa9 | 0001 3fd6 

  0x0000000117c4d244: ;   {other}
  0x0000000117c4d244: 1f20 03d5 | 1f00 80f2 | 1f00 80f2 | ff43 0091 | cff8 ff17 | 6c21 00d1 | 4a01 0b8b | 4081 1ff8 
  0x0000000117c4d264: 8c27 00f9 | caf8 ff17 | ea03 1f2a | c0f3 ff17 | 7f0d 0071 | 61d3 0054 | 5f05 0031 | 403c 0054 
  0x0000000117c4d284: ea03 0032 | 9ef9 ff17 | f393 40bd | bdf6 ff17 | fd03 0caa | f337 00a9 

  0x0000000117c4d29c: ;   {metadata('com/android/tools/r8/internal/x33')}
  0x0000000117c4d29c: 0156 9cd2 | c163 a0f2 | 011c c0f2 

  0x0000000117c4d2a8: ; ImmutableOopMap {rfp=Oop [0]=Oop [8]=Oop }
                      ;*new {reexecute=0 rethrow=0 return_oop=1}
                      ; - com.android.tools.r8.internal.u33::next@0 (line 1)
                      ; - com.android.tools.r8.internal.co3::a@124 (line 34)
                      ;   {runtime_call _new_instance_Java}
  0x0000000117c4d2a8: 96f6 1a97 

  0x0000000117c4d2ac: ;   {other}
  0x0000000117c4d2ac: 1f20 03d5 | 9f13 88f2 | 1f80 88f2 | ec03 1daa | 29f9 ff17 | ea03 1daa | 4a15 40b9 | 40f1 7dd3 
  0x0000000117c4d2cc: 20ef feb4 | 8a17 40f9 | 0ab0 00b4 | 8b1f 40f9 | 4c21 00d1 | 6a01 0a8b | 4081 1ff8 | 8c17 00f9 
  0x0000000117c4d2ec: 71f7 ff17 | ea03 1daa | 4a11 40b9 | 40f1 7dd3 | 80e4 feb4 | 8a17 40f9 | 4ab0 00b4 | 8b1f 40f9 
  0x0000000117c4d30c: 4c21 00d1 | 6a01 0a8b | 4081 1ff8 | 8c17 00f9 | 1cf7 ff17 | 8a27 40f9 | 8b2f 40f9 | bf3b 03d5 
  0x0000000117c4d32c: 0d00 c039 | cded fe34 | 1f00 0039 | ea01 00b5 | 6942 201e | e103 1caa | c900 0010 

  0x0000000117c4d348: ;   {runtime_call G1BarrierSetRuntime::write_ref_field_post_entry(unsigned char volatile*, JavaThread*)}
  0x0000000117c4d348: 087e 83d2 | c879 a0f2 | 2800 c0f2 | ff27 bfa9 | 0001 3fd6 

  0x0000000117c4d35c: ;   {other}
  0x0000000117c4d35c: 1f20 03d5 | 1f00 80f2 | 1f00 80f2 | ff43 0091 | 3341 201e | 5ef7 ff17 | 4c21 00d1 | 6a01 0a8b 
  0x0000000117c4d37c: 4081 1ff8 | 8c27 00f9 | 59f7 ff17 | 8a2f 40f9 | 8b27 40f9 | bf3b 03d5 | 0c00 c039 | 8ce8 fe34 
  0x0000000117c4d39c: 1f00 0039 | eb01 00b5 | 6942 201e | e103 1caa | c900 0010 

  0x0000000117c4d3b0: ;   {runtime_call G1BarrierSetRuntime::write_ref_field_post_entry(unsigned char volatile*, JavaThread*)}
  0x0000000117c4d3b0: 087e 83d2 | c879 a0f2 | 2800 c0f2 | ff27 bfa9 | 0001 3fd6 

  0x0000000117c4d3c4: ;   {other}
  0x0000000117c4d3c4: 1f20 03d5 | 1f00 80f2 | 1f00 80f2 | ff43 0091 | 3341 201e | 34f7 ff17 | 6c21 00d1 | 4a01 0b8b 
  0x0000000117c4d3e4: 4081 1ff8 | 8c27 00f9 | 2ff7 ff17 | 8a27 40f9 | 8b2f 40f9 | bf3b 03d5 | 0d00 c039 | 2dde fe34 
  0x0000000117c4d404: 1f00 0039 | ea01 00b5 | 6842 201e | e103 1caa | c900 0010 

  0x0000000117c4d418: ;   {runtime_call G1BarrierSetRuntime::write_ref_field_post_entry(unsigned char volatile*, JavaThread*)}
  0x0000000117c4d418: 087e 83d2 | c879 a0f2 | 2800 c0f2 | ff27 bfa9 | 0001 3fd6 

  0x0000000117c4d42c: ;   {other}
  0x0000000117c4d42c: 1f20 03d5 | 1f00 80f2 | 1f00 80f2 | ff43 0091 | 1341 201e | e1f6 ff17 | 4c21 00d1 | 6a01 0a8b 
  0x0000000117c4d44c: 4081 1ff8 | 8c27 00f9 | dcf6 ff17 | 8a2f 40f9 | 8b27 40f9 | bf3b 03d5 | 0c00 c039 | ecd8 fe34 
  0x0000000117c4d46c: 1f00 0039 | eb01 00b5 | 6842 201e | e103 1caa | c900 0010 

  0x0000000117c4d480: ;   {runtime_call G1BarrierSetRuntime::write_ref_field_post_entry(unsigned char volatile*, JavaThread*)}
  0x0000000117c4d480: 087e 83d2 | c879 a0f2 | 2800 c0f2 | ff27 bfa9 | 0001 3fd6 

  0x0000000117c4d494: ;   {other}
  0x0000000117c4d494: 1f20 03d5 | 1f00 80f2 | 1f00 80f2 | ff43 0091 | 1341 201e | b7f6 ff17 | 6c21 00d1 | 4a01 0b8b 
  0x0000000117c4d4b4: 4081 1ff8 | 8c27 00f9 | b2f6 ff17 | ab15 40b9 | 60f1 7dd3 | 6038 ffb4 | 8a17 40f9 | eaa5 00b4 
  0x0000000117c4d4d4: 8b1f 40f9 | 4e21 00d1 | 6a01 0a8b | 4081 1ff8 | 8e17 00f9 | bbf9 ff17 | aa11 40b9 | 40f1 7dd3 
  0x0000000117c4d4f4: e02d ffb4 | 8a17 40f9 | 4aa2 00b4 | 8b1f 40f9 | 4e21 00d1 | 6a01 0a8b | 4081 1ff8 | 8e17 00f9 
  0x0000000117c4d514: 67f9 ff17 | 8a2f 40f9 | 8b27 40f9 | bf3b 03d5 | 0f00 c039 | 2f35 ff34 | 1f00 0039 | 6b02 00b5 
  0x0000000117c4d534: f603 10aa | f503 0daa | f303 0caa | e103 1caa | c900 0010 

  0x0000000117c4d548: ;   {runtime_call G1BarrierSetRuntime::write_ref_field_post_entry(unsigned char volatile*, JavaThread*)}
  0x0000000117c4d548: 087e 83d2 | c879 a0f2 | 2800 c0f2 | ff27 bfa9 | 0001 3fd6 

  0x0000000117c4d55c: ;   {other}
  0x0000000117c4d55c: 1f20 03d5 | 1f00 80f2 | 1f00 80f2 | ff43 0091 | ec03 13aa | ed03 15aa | f003 16aa | 95f9 ff17 
  0x0000000117c4d57c: 6e21 00d1 | 4a01 0b8b | 4081 1ff8 | 8e27 00f9 | 90f9 ff17 | 8a2f 40f9 | 8b27 40f9 | bf3b 03d5 
  0x0000000117c4d59c: 0f00 c039 | 4f2a ff34 | 1f00 0039 | 2b02 00b5 | f403 0daa | f303 0caa | e103 1caa | c900 0010 
  0x0000000117c4d5bc: ;   {runtime_call G1BarrierSetRuntime::write_ref_field_post_entry(unsigned char volatile*, JavaThread*)}
  0x0000000117c4d5bc: 087e 83d2 | c879 a0f2 | 2800 c0f2 | ff27 bfa9 | 0001 3fd6 

  0x0000000117c4d5d0: ;   {other}
  0x0000000117c4d5d0: 1f20 03d5 | 1f00 80f2 | 1f00 80f2 | ff43 0091 | ec03 13aa | ed03 14aa | 40f9 ff17 | 6e21 00d1 
  0x0000000117c4d5f0: 4a01 0b8b | 4081 1ff8 | 8e27 00f9 | 3bf9 ff17 | 8a2f 40f9 | 8b27 40f9 | bf3b 03d5 | 0e00 c039 
  0x0000000117c4d610: ee2f ff34 | 1f00 0039 | 2b02 00b5 | f403 0daa | f303 0caa | e103 1caa | c900 0010 

  0x0000000117c4d62c: ;   {runtime_call G1BarrierSetRuntime::write_ref_field_post_entry(unsigned char volatile*, JavaThread*)}
  0x0000000117c4d62c: 087e 83d2 | c879 a0f2 | 2800 c0f2 | ff27 bfa9 | 0001 3fd6 

  0x0000000117c4d640: ;   {other}
  0x0000000117c4d640: 1f20 03d5 | 1f00 80f2 | 1f00 80f2 | ff43 0091 | ec03 13aa | ed03 14aa | 6df9 ff17 | 6e21 00d1 
  0x0000000117c4d660: 4a01 0b8b | 4081 1ff8 | 8e27 00f9 | 68f9 ff17 | 8a2f 40f9 | 8b27 40f9 | bf3b 03d5 | 0e00 c039 
  0x0000000117c4d680: 4e21 ff34 | 1f00 0039 | 6b02 00b5 | f603 10aa | f503 0daa | f403 0caa | e103 1caa | c900 0010 
  0x0000000117c4d6a0: ;   {runtime_call G1BarrierSetRuntime::write_ref_field_post_entry(unsigned char volatile*, JavaThread*)}
  0x0000000117c4d6a0: 087e 83d2 | c879 a0f2 | 2800 c0f2 | ff27 bfa9 | 0001 3fd6 

  0x0000000117c4d6b4: ;   {other}
  0x0000000117c4d6b4: 1f20 03d5 | 1f00 80f2 | 1f00 80f2 | ff43 0091 | ec03 14aa | ed03 15aa | f003 16aa | f6f8 ff17 
  0x0000000117c4d6d4: 6e21 00d1 | 4a01 0b8b | 4081 1ff8 | 8e27 00f9 | f1f8 ff17 | f313 00bd 

  0x0000000117c4d6ec: ;   {metadata('java/util/LinkedHashMap$Entry')}
  0x0000000117c4d6ec: 01ea 85d2 | 4103 a0f2 | 011c c0f2 

  0x0000000117c4d6f8: ; ImmutableOopMap {[8]=NarrowOop [12]=NarrowOop [32]=Oop [40]=Oop [48]=Oop [64]=Oop [72]=Oop [80]=Oop [88]=Oop [96]=Oop [104]=Oop [112]=Oop [128]=Oop [0]=Derived_oop_[128] }
                      ;*new {reexecute=0 rethrow=0 return_oop=1}
                      ; - java.util.LinkedHashMap::newNode@0 (line 281)
                      ; - java.util.HashMap::putVal@56 (line 637)
                      ; - java.util.HashMap::put@9 (line 618)
                      ; - com.android.tools.r8.internal.co3::a@152 (line 197)
                      ; - com.android.tools.r8.internal.co3$$Lambda/0x000000e003c477a0::accept@20
                      ; - java.util.LinkedHashMap::forEach@35 (line 986)
                      ; - com.android.tools.r8.internal.co3::a@77 (line 28)
                      ;   {runtime_call _new_instance_Java}
  0x0000000117c4d6f8: 82f5 1a97 

  0x0000000117c4d6fc: ;   {other}
  0x0000000117c4d6fc: 1f20 03d5 | 9f9d 88f2 | 1fa0 88f2 | ec03 00aa | f313 40bd | e8f4 ff17 | ea4b 40f9 | 4b19 40b9 
  0x0000000117c4d71c: 60f1 7dd3 | 403a ffb4 | 8a17 40f9 | 6a95 00b4 | 8b1f 40f9 | 4c21 00d1 | 6a01 0a8b | 4081 1ff8 
  0x0000000117c4d73c: 8c17 00f9 | caf9 ff17 | 4a39 40b9 | 40f1 7dd3 | e031 ffb4 | 8a17 40f9 | ca95 00b4 | 8b1f 40f9 
  0x0000000117c4d75c: 4c21 00d1 | 6a01 0a8b | 4081 1ff8 | 8c17 00f9 | 87f9 ff17 | 8a2f 40f9 | 8b27 40f9 | bf3b 03d5 
  0x0000000117c4d77c: 0c00 c039 | cc32 ff34 | 1f00 0039 | eb01 00b5 | 6942 201e | e103 1caa | c900 0010 

  0x0000000117c4d798: ;   {runtime_call G1BarrierSetRuntime::write_ref_field_post_entry(unsigned char volatile*, JavaThread*)}
  0x0000000117c4d798: 087e 83d2 | c879 a0f2 | 2800 c0f2 | ff27 bfa9 | 0001 3fd6 

  0x0000000117c4d7ac: ;   {other}
  0x0000000117c4d7ac: 1f20 03d5 | 1f00 80f2 | 1f00 80f2 | ff43 0091 | 3341 201e | 86f9 ff17 | 6c21 00d1 | 4a01 0b8b 
  0x0000000117c4d7cc: 4081 1ff8 | 8c27 00f9 | 81f9 ff17 | 8a27 40f9 | 8b2f 40f9 | bf3b 03d5 | 0c00 c039 | cc35 ff34 
  0x0000000117c4d7ec: 1f00 0039 | ea01 00b5 | 6942 201e | e103 1caa | c900 0010 

  0x0000000117c4d800: ;   {runtime_call G1BarrierSetRuntime::write_ref_field_post_entry(unsigned char volatile*, JavaThread*)}
  0x0000000117c4d800: 087e 83d2 | c879 a0f2 | 2800 c0f2 | ff27 bfa9 | 0001 3fd6 

  0x0000000117c4d814: ;   {other}
  0x0000000117c4d814: 1f20 03d5 | 1f00 80f2 | 1f00 80f2 | ff43 0091 | 3341 201e | 9ef9 ff17 | 4c21 00d1 | 6a01 0a8b 
  0x0000000117c4d834: 4081 1ff8 | 8c27 00f9 | 99f9 ff17 | 6b22 40b9 | 60f1 7dd3 | 002f ffb4 | 8a17 40f9 | 6a91 00b4 
  0x0000000117c4d854: 8b1f 40f9 | 4c21 00d1 | 6a01 0a8b | 4081 1ff8 | 8c17 00f9 | 70f9 ff17 | ea47 40f9 | 4a1d 40b9 
  0x0000000117c4d874: 40f1 7dd3 | 602b ffb4 | 8a17 40f9 | 2a8e 00b4 | 8b1f 40f9 | 4c21 00d1 | 6a01 0a8b | 4081 1ff8 
  0x0000000117c4d894: 8c17 00f9 | 53f9 ff17 | 8a2f 40f9 | 8b27 40f9 | bf3b 03d5 | 0c00 c039 | ac2d ff34 | 1f00 0039 
  0x0000000117c4d8b4: eb01 00b5 | 6942 201e | e103 1caa | c900 0010 

  0x0000000117c4d8c4: ;   {runtime_call G1BarrierSetRuntime::write_ref_field_post_entry(unsigned char volatile*, JavaThread*)}
  0x0000000117c4d8c4: 087e 83d2 | c879 a0f2 | 2800 c0f2 | ff27 bfa9 | 0001 3fd6 

  0x0000000117c4d8d8: ;   {other}
  0x0000000117c4d8d8: 1f20 03d5 | 1f00 80f2 | 1f00 80f2 | ff43 0091 | 3341 201e | 5df9 ff17 | 6c21 00d1 | 4a01 0b8b 
  0x0000000117c4d8f8: 4081 1ff8 | 8c27 00f9 | 58f9 ff17 | 8a2f 40f9 | 8b27 40f9 | bf3b 03d5 | 0d00 c039 | 6d28 ff34 
  0x0000000117c4d918: 1f00 0039 | eb01 00b5 | 6942 201e | e103 1caa | c900 0010 

  0x0000000117c4d92c: ;   {runtime_call G1BarrierSetRuntime::write_ref_field_post_entry(unsigned char volatile*, JavaThread*)}
  0x0000000117c4d92c: 087e 83d2 | c879 a0f2 | 2800 c0f2 | ff27 bfa9 | 0001 3fd6 

  0x0000000117c4d940: ;   {other}
  0x0000000117c4d940: 1f20 03d5 | 1f00 80f2 | 1f00 80f2 | ff43 0091 | 3341 201e | 33f9 ff17 | 6c21 00d1 | 4a01 0b8b 
  0x0000000117c4d960: 4081 1ff8 | 8c27 00f9 | 2ef9 ff17 | f303 00bd | 2afa ff17 | 6b16 40b9 | 60f1 7dd3 | a042 ffb4 
  0x0000000117c4d980: 8a17 40f9 | ea8c 00b4 | 8b1f 40f9 | 4c21 00d1 | 6a01 0a8b | 4081 1ff8 | 8c17 00f9 | 0dfa ff17 
  0x0000000117c4d9a0: 8a27 40f9 | 8b2f 40f9 | bf3b 03d5 | 0d00 c039 | 2d43 ff34 | 1f00 0039 | ea01 00b5 | 6942 201e 
  0x0000000117c4d9c0: e103 1caa | c900 0010 

  0x0000000117c4d9c8: ;   {runtime_call G1BarrierSetRuntime::write_ref_field_post_entry(unsigned char volatile*, JavaThread*)}
  0x0000000117c4d9c8: 087e 83d2 | c879 a0f2 | 2800 c0f2 | ff27 bfa9 | 0001 3fd6 

  0x0000000117c4d9dc: ;   {other}
  0x0000000117c4d9dc: 1f20 03d5 | 1f00 80f2 | 1f00 80f2 | ff43 0091 | 3341 201e | 09fa ff17 | 4c21 00d1 | 6a01 0a8b 
  0x0000000117c4d9fc: 4081 1ff8 | 8c27 00f9 | 04fa ff17 | ea03 1f2a | bdf7 ff17 | aa1b 40b9 | 40f1 7dd3 | 0030 ffb4 
  0x0000000117c4da1c: 8a17 40f9 | ca89 00b4 | 8b1f 40f9 | 4c21 00d1 | 6a01 0a8b | 4081 1ff8 | 8c17 00f9 | 78f9 ff17 
  0x0000000117c4da3c: 8a2f 40f9 | 8b27 40f9 | bf3b 03d5 | 0d00 c039 | 6d30 ff34 | 1f00 0039 | ab01 00b5 | e103 1caa 
  0x0000000117c4da5c: c900 0010 

  0x0000000117c4da60: ;   {runtime_call G1BarrierSetRuntime::write_ref_field_post_entry(unsigned char volatile*, JavaThread*)}
  0x0000000117c4da60: 087e 83d2 | c879 a0f2 | 2800 c0f2 | ff27 bfa9 | 0001 3fd6 

  0x0000000117c4da74: ;   {other}
  0x0000000117c4da74: 1f20 03d5 | 1f00 80f2 | 1f00 80f2 | ff43 0091 | 75f9 ff17 | 6c21 00d1 | 4a01 0b8b | 4081 1ff8 
  0x0000000117c4da94: 8c27 00f9 | 70f9 ff17 | ab1b 40b9 | 60f1 7dd3 | 4034 ffb4 | 8a17 40f9 | ea86 00b4 | 8b1f 40f9 
  0x0000000117c4dab4: 4c21 00d1 | 6a01 0a8b | 4081 1ff8 | 8c17 00f9 | 9af9 ff17 | 8a2f 40f9 | 8b27 40f9 | bf3b 03d5 
  0x0000000117c4dad4: 0c00 c039 | ac34 ff34 | 1f00 0039 | ab01 00b5 | e103 1caa | c900 0010 

  0x0000000117c4daec: ;   {runtime_call G1BarrierSetRuntime::write_ref_field_post_entry(unsigned char volatile*, JavaThread*)}
  0x0000000117c4daec: 087e 83d2 | c879 a0f2 | 2800 c0f2 | ff27 bfa9 | 0001 3fd6 

  0x0000000117c4db00: ;   {other}
  0x0000000117c4db00: 1f20 03d5 | 1f00 80f2 | 1f00 80f2 | ff43 0091 | 97f9 ff17 | 6c21 00d1 | 4a01 0b8b | 4081 1ff8 
  0x0000000117c4db20: 8c27 00f9 | 92f9 ff17 | ea47 40f9 | 4a01 40b9 | 40f1 7dd3 | 6039 ffb4 | 8a17 40f9 | ea83 00b4 
  0x0000000117c4db40: 8b1f 40f9 | 4c21 00d1 | 6a01 0a8b | 4081 1ff8 | 8c17 00f9 | c3f9 ff17 | f303 00bd | e103 0aaa 
  0x0000000117c4db60: e203 1daa 

  0x0000000117c4db64: ; ImmutableOopMap {rfp=Oop [32]=Oop [40]=Oop [48]=Oop [64]=Oop [72]=Oop [80]=Oop [88]=Oop [96]=Oop [112]=Oop }
                      ;*invokevirtual afterNodeAccess {reexecute=0 rethrow=0 return_oop=0}
                      ; - java.util.LinkedHashMap::get@21 (line 539)
                      ; - com.android.tools.r8.internal.co3::a@5 (line 185)
                      ; - com.android.tools.r8.internal.co3$$Lambda/0x000000e003c477a0::accept@20
                      ; - java.util.LinkedHashMap::forEach@35 (line 986)
                      ; - com.android.tools.r8.internal.co3::a@77 (line 28)
                      ;   {optimized virtual_call}
  0x0000000117c4db64: 8789 1797 

  0x0000000117c4db68: ;   {other}
  0x0000000117c4db68: 1f20 03d5 | 1f2b 89f2 | 1fc0 88f2 | f303 40bd | dcf6 ff17 | 6b16 40b9 | 60f1 7dd3 | 0050 ffb4 
  0x0000000117c4db88: 8a17 40f9 | 2a83 00b4 | 8b1f 40f9 | 4c21 00d1 | 6a01 0a8b | 4081 1ff8 | 8c17 00f9 | 78fa ff17 
  0x0000000117c4dba8: 8a2f 40f9 | 8b27 40f9 | bf3b 03d5 | 0d00 c039 | ed50 ff34 | 1f00 0039 | ab01 00b5 | e103 1caa 
  0x0000000117c4dbc8: c900 0010 

  0x0000000117c4dbcc: ;   {runtime_call G1BarrierSetRuntime::write_ref_field_post_entry(unsigned char volatile*, JavaThread*)}
  0x0000000117c4dbcc: 087e 83d2 | c879 a0f2 | 2800 c0f2 | ff27 bfa9 | 0001 3fd6 

  0x0000000117c4dbe0: ;   {other}
  0x0000000117c4dbe0: 1f20 03d5 | 1f00 80f2 | 1f00 80f2 | ff43 0091 | 79fa ff17 | 6c21 00d1 | 4a01 0b8b | 4081 1ff8 
  0x0000000117c4dc00: 8c27 00f9 | 74fa ff17 | f303 00bd | b0f5 ff17 | 6a16 40b9 | 40f1 7dd3 | 00b3 feb4 | 8a17 40f9 
  0x0000000117c4dc20: 0a80 00b4 | 8b1f 40f9 | 4c21 00d1 | 6a01 0a8b | 4081 1ff8 | 8c17 00f9 | 90f5 ff17 | 8a27 40f9 
  0x0000000117c4dc40: 8b2f 40f9 | bf3b 03d5 | 0c00 c039 | ecb3 fe34 | 1f00 0039 | ea01 00b5 | 6942 201e | e103 1caa 
  0x0000000117c4dc60: c900 0010 

  0x0000000117c4dc64: ;   {runtime_call G1BarrierSetRuntime::write_ref_field_post_entry(unsigned char volatile*, JavaThread*)}
  0x0000000117c4dc64: 087e 83d2 | c879 a0f2 | 2800 c0f2 | ff27 bfa9 | 0001 3fd6 

  0x0000000117c4dc78: ;   {other}
  0x0000000117c4dc78: 1f20 03d5 | 1f00 80f2 | 1f00 80f2 | ff43 0091 | 3341 201e | 8ff5 ff17 | 4c21 00d1 | 6a01 0a8b 
  0x0000000117c4dc98: 4081 1ff8 | 8c27 00f9 | 8af5 ff17 | f017 00f9 | ee0f 00b9 | f3d3 01a9 | 6103 8012 | ecaf 0029 
  0x0000000117c4dcb8: ed0b 00f9 

  0x0000000117c4dcbc: ; ImmutableOopMap {[16]=Oop [24]=Oop [32]=Oop [40]=Oop }
                      ;*aaload {reexecute=0 rethrow=0 return_oop=0}
                      ; - java.util.ArrayList$Itr::next@64 (line 1057)
                      ; - com.android.tools.r8.internal.co3::a@35 (line 21)
                      ;   {runtime_call UncommonTrapBlob}
  0x0000000117c4dcbc: b1a4 1797 

  0x0000000117c4dcc0: ;   {other}
  0x0000000117c4dcc0: 1f20 03d5 | 1f56 89f2 | 1fe0 88f2 | f353 00a9 | fd03 0daa | 2104 8012 

  0x0000000117c4dcd8: ; ImmutableOopMap {rfp=Oop [0]=Oop [8]=Oop }
                      ;*invokeinterface iterator {reexecute=0 rethrow=0 return_oop=0}
                      ; - com.android.tools.r8.internal.co3::a@19 (line 21)
                      ;   {runtime_call UncommonTrapBlob}
  0x0000000117c4dcd8: aaa4 1797 

  0x0000000117c4dcdc: ;   {other}
  0x0000000117c4dcdc: 1f20 03d5 | 9f59 89f2 | 1f00 89f2 | f30b 00bd 

  0x0000000117c4dcec: ;   {metadata('java/util/LinkedHashMap')}
  0x0000000117c4dcec: 0104 98d2 | e101 a0f2 | 011c c0f2 

  0x0000000117c4dcf8: ; ImmutableOopMap {rfp=Oop [0]=Oop [32]=Oop [40]=Oop [48]=Oop [64]=Oop [72]=Oop [80]=Oop [88]=Oop [96]=Oop [112]=Oop }
                      ;*new {reexecute=0 rethrow=0 return_oop=1}
                      ; - java.util.HashSet::<init>@5 (line 171)
                      ; - java.util.LinkedHashSet::<init>@6 (line 167)
                      ; - com.android.tools.r8.internal.zo3::<init>@23 (line 4)
                      ; - com.android.tools.r8.internal.wo3::<init>@1 (line 1)
                      ; - com.android.tools.r8.internal.co3::a@116 (line 194)
                      ; - com.android.tools.r8.internal.co3$$Lambda/0x000000e003c477a0::accept@20
                      ; - java.util.LinkedHashMap::forEach@35 (line 986)
                      ; - com.android.tools.r8.internal.co3::a@77 (line 28)
                      ;   {runtime_call _new_instance_Java}
  0x0000000117c4dcf8: 02f4 1a97 

  0x0000000117c4dcfc: ;   {other}
  0x0000000117c4dcfc: 1f20 03d5 | 9f5d 89f2 | 1f20 89f2 | f30b 40bd | cef4 ff17 | f303 00bd 

  0x0000000117c4dd14: ;   {metadata('java/util/LinkedHashSet')}
  0x0000000117c4dd14: 0124 8dd2 | e101 a0f2 | 011c c0f2 

  0x0000000117c4dd20: ; ImmutableOopMap {rfp=Oop [32]=Oop [40]=Oop [48]=Oop [64]=Oop [72]=Oop [80]=Oop [88]=Oop [96]=Oop [112]=Oop }
                      ;*new {reexecute=0 rethrow=0 return_oop=1}
                      ; - com.android.tools.r8.internal.zo3::<init>@18 (line 4)
                      ; - com.android.tools.r8.internal.wo3::<init>@1 (line 1)
                      ; - com.android.tools.r8.internal.co3::a@116 (line 194)
                      ; - com.android.tools.r8.internal.co3$$Lambda/0x000000e003c477a0::accept@20
                      ; - java.util.LinkedHashMap::forEach@35 (line 986)
                      ; - com.android.tools.r8.internal.co3::a@77 (line 28)
                      ;   {runtime_call _new_instance_Java}
  0x0000000117c4dd20: f8f3 1a97 

  0x0000000117c4dd24: ;   {other}
  0x0000000117c4dd24: 1f20 03d5 | 9f62 89f2 | 1f40 89f2 | ea03 00aa | f303 40bd | b0f4 ff17 | f303 00bd 

  0x0000000117c4dd40: ;   {metadata('java/util/LinkedHashSet')}
  0x0000000117c4dd40: 0124 8dd2 | e101 a0f2 | 011c c0f2 

  0x0000000117c4dd4c: ; ImmutableOopMap {rfp=Oop [32]=Oop [40]=Oop [48]=Oop [64]=Oop [72]=Oop [80]=Oop [88]=Oop [96]=Oop [112]=Oop }
                      ;*new {reexecute=0 rethrow=0 return_oop=1}
                      ; - com.android.tools.r8.internal.zo3::<init>@6 (line 2)
                      ; - com.android.tools.r8.internal.wo3::<init>@1 (line 1)
                      ; - com.android.tools.r8.internal.co3::a@116 (line 194)
                      ; - com.android.tools.r8.internal.co3$$Lambda/0x000000e003c477a0::accept@20
                      ; - java.util.LinkedHashMap::forEach@35 (line 986)
                      ; - com.android.tools.r8.internal.co3::a@77 (line 28)
                      ;   {runtime_call _new_instance_Java}
  0x0000000117c4dd4c: edf3 1a97 

  0x0000000117c4dd50: ;   {other}
  0x0000000117c4dd50: 1f20 03d5 | 1f68 89f2 | 1f60 89f2 | ea03 00aa | f303 40bd | 5cf4 ff17 | f303 00bd 

  0x0000000117c4dd6c: ;   {metadata('com/android/tools/r8/internal/wo3')}
  0x0000000117c4dd6c: 014b 99d2 | 6178 a0f2 | 011c c0f2 

  0x0000000117c4dd78: ; ImmutableOopMap {[32]=Oop [40]=Oop [48]=Oop [64]=Oop [72]=Oop [80]=Oop [88]=Oop [96]=Oop [112]=Oop }
                      ;*new {reexecute=0 rethrow=0 return_oop=1}
                      ; - com.android.tools.r8.internal.co3::a@110 (line 194)
                      ; - com.android.tools.r8.internal.co3$$Lambda/0x000000e003c477a0::accept@20
                      ; - java.util.LinkedHashMap::forEach@35 (line 986)
                      ; - com.android.tools.r8.internal.co3::a@77 (line 28)
                      ;   {runtime_call _new_instance_Java}
  0x0000000117c4dd78: e2f3 1a97 

  0x0000000117c4dd7c: ;   {other}
  0x0000000117c4dd7c: 1f20 03d5 | 9f6d 89f2 | 1f80 89f2 | f303 40bd | 43f4 ff17 | f30b 00bd 

  0x0000000117c4dd94: ;   {metadata('java/util/LinkedHashMap')}
  0x0000000117c4dd94: 0104 98d2 | e101 a0f2 | 011c c0f2 

  0x0000000117c4dda0: ; ImmutableOopMap {rfp=Oop [0]=Oop [32]=Oop [40]=Oop [48]=Oop [64]=Oop [72]=Oop [80]=Oop [88]=Oop [96]=Oop [112]=Oop }
                      ;*new {reexecute=0 rethrow=0 return_oop=1}
                      ; - java.util.HashSet::<init>@5 (line 171)
                      ; - java.util.LinkedHashSet::<init>@6 (line 167)
                      ; - com.android.tools.r8.internal.zo3::<init>@11 (line 2)
                      ; - com.android.tools.r8.internal.wo3::<init>@1 (line 1)
                      ; - com.android.tools.r8.internal.co3::a@116 (line 194)
                      ; - com.android.tools.r8.internal.co3$$Lambda/0x000000e003c477a0::accept@20
                      ; - java.util.LinkedHashMap::forEach@35 (line 986)
                      ; - com.android.tools.r8.internal.co3::a@77 (line 28)
                      ;   {runtime_call _new_instance_Java}
  0x0000000117c4dda0: d8f3 1a97 

  0x0000000117c4dda4: ;   {other}
  0x0000000117c4dda4: 1f20 03d5 | 9f72 89f2 | 1fa0 89f2 | f30b 40bd | 5bf4 ff17 | edc3 01a9 | fd03 0caa 

  0x0000000117c4ddc0: ;   {metadata('java/util/LinkedHashMap')}
  0x0000000117c4ddc0: 0104 98d2 | e101 a0f2 | 011c c0f2 

  0x0000000117c4ddcc: ; ImmutableOopMap {rfp=Oop [0]=Oop [8]=Oop [16]=Oop [24]=Oop [32]=Oop }
                      ;*new {reexecute=0 rethrow=0 return_oop=1}
                      ; - java.util.HashSet::<init>@5 (line 171)
                      ; - java.util.LinkedHashSet::<init>@6 (line 167)
                      ; - com.android.tools.r8.internal.zo3::<init>@23 (line 4)
                      ; - com.android.tools.r8.internal.wo3::<init>@1 (line 1)
                      ; - com.android.tools.r8.internal.co3::a@242 (line 41)
                      ;   {runtime_call _new_instance_Java}
  0x0000000117c4ddcc: cdf3 1a97 

  0x0000000117c4ddd0: ;   {other}
  0x0000000117c4ddd0: 1f20 03d5 | 1f78 89f2 | 1fc0 89f2 | ec03 1daa | edc3 41a9 | 60f7 ff17 | ed0f 00f9 | fd03 0caa 
  0x0000000117c4ddf0: ;   {metadata('java/util/LinkedHashSet')}
  0x0000000117c4ddf0: 0124 8dd2 | e101 a0f2 | 011c c0f2 

  0x0000000117c4ddfc: ; ImmutableOopMap {rfp=Oop [0]=Oop [8]=Oop [16]=Oop [24]=Oop }
                      ;*new {reexecute=0 rethrow=0 return_oop=1}
                      ; - com.android.tools.r8.internal.zo3::<init>@18 (line 4)
                      ; - com.android.tools.r8.internal.wo3::<init>@1 (line 1)
                      ; - com.android.tools.r8.internal.co3::a@242 (line 41)
                      ;   {runtime_call _new_instance_Java}
  0x0000000117c4ddfc: c1f3 1a97 

  0x0000000117c4de00: ;   {other}
  0x0000000117c4de00: 1f20 03d5 | 1f7e 89f2 | 1fe0 89f2 | ec03 1daa | ed0f 40f9 | f003 00aa | 41f7 ff17 | ed0f 00f9 
  0x0000000117c4de20: fd03 0caa 

  0x0000000117c4de24: ;   {metadata('java/util/LinkedHashSet')}
  0x0000000117c4de24: 0124 8dd2 | e101 a0f2 | 011c c0f2 

  0x0000000117c4de30: ; ImmutableOopMap {rfp=Oop [0]=Oop [8]=Oop [16]=Oop [24]=Oop }
                      ;*new {reexecute=0 rethrow=0 return_oop=1}
                      ; - com.android.tools.r8.internal.zo3::<init>@6 (line 2)
                      ; - com.android.tools.r8.internal.wo3::<init>@1 (line 1)
                      ; - com.android.tools.r8.internal.co3::a@242 (line 41)
                      ;   {runtime_call _new_instance_Java}
  0x0000000117c4de30: b4f3 1a97 

  0x0000000117c4de34: ;   {other}
  0x0000000117c4de34: 1f20 03d5 | 9f84 89f2 | 1f00 8af2 | ec03 1daa | ed0f 40f9 | f003 00aa | ebf6 ff17 | edc3 01a9 
  0x0000000117c4de54: fd03 0caa 

  0x0000000117c4de58: ;   {metadata('java/util/LinkedHashMap')}
  0x0000000117c4de58: 0104 98d2 | e101 a0f2 | 011c c0f2 

  0x0000000117c4de64: ; ImmutableOopMap {rfp=Oop [0]=Oop [8]=Oop [16]=Oop [24]=Oop [32]=Oop }
                      ;*new {reexecute=0 rethrow=0 return_oop=1}
                      ; - java.util.HashSet::<init>@5 (line 171)
                      ; - java.util.LinkedHashSet::<init>@6 (line 167)
                      ; - com.android.tools.r8.internal.zo3::<init>@11 (line 2)
                      ; - com.android.tools.r8.internal.wo3::<init>@1 (line 1)
                      ; - com.android.tools.r8.internal.co3::a@242 (line 41)
                      ;   {runtime_call _new_instance_Java}
  0x0000000117c4de64: a7f3 1a97 

  0x0000000117c4de68: ;   {other}
  0x0000000117c4de68: 1f20 03d5 | 1f8b 89f2 | 1f20 8af2 | ec03 1daa | edc3 41a9 | f1f6 ff17 | fd03 0caa 

  0x0000000117c4de84: ;   {metadata('com/android/tools/r8/internal/wo3')}
  0x0000000117c4de84: 014b 99d2 | 6178 a0f2 | 011c c0f2 

  0x0000000117c4de90: ; ImmutableOopMap {rfp=Oop [0]=Oop [8]=Oop [16]=Oop }
                      ;*new {reexecute=0 rethrow=0 return_oop=1}
                      ; - com.android.tools.r8.internal.co3::a@233 (line 41)
                      ;   {runtime_call _new_instance_Java}
  0x0000000117c4de90: 9cf3 1a97 

  0x0000000117c4de94: ;   {other}
  0x0000000117c4de94: 1f20 03d5 | 9f90 89f2 | 1f40 8af2 | ec03 1daa | c7f6 ff17 | ea37 40f9 | 4a35 40b9 | 40f1 7dd3 
  0x0000000117c4deb4: c03a ffb4 | 8a17 40f9 | aa6d 00b4 | 8b1f 40f9 | 4c21 00d1 | 6a01 0a8b | 4081 1ff8 | 8c17 00f9 
  0x0000000117c4ded4: cef9 ff17 | f307 00f9 | 4117 8012 | ed03 00f9 

  0x0000000117c4dee4: ; ImmutableOopMap {rfp=Oop [0]=Oop [8]=Oop }
                      ;*ifnonnull {reexecute=1 rethrow=0 return_oop=0}
                      ; - (reexecute) com.android.tools.r8.internal.a43::s@6 (line 1)
                      ; - com.android.tools.r8.internal.co3::a@97 (line 31)
                      ;   {runtime_call UncommonTrapBlob}
  0x0000000117c4dee4: 27a4 1797 

  0x0000000117c4dee8: ;   {other}
  0x0000000117c4dee8: 1f20 03d5 | 1f9b 89f2 | 1f60 8af2 | 6842 201e | e103 1caa | c900 0010 

  0x0000000117c4df00: ;   {runtime_call G1BarrierSetRuntime::write_ref_field_pre_entry(oopDesc*, JavaThread*)}
  0x0000000117c4df00: 0879 83d2 | c879 a0f2 | 2800 c0f2 | ff27 bfa9 | 0001 3fd6 

  0x0000000117c4df14: ;   {other}
  0x0000000117c4df14: 1f20 03d5 | 1f00 80f2 | 1f00 80f2 | ff43 0091 | 1341 201e | dcef ff17 | 6842 201e | e103 1caa 
  0x0000000117c4df34: c900 0010 

  0x0000000117c4df38: ;   {runtime_call G1BarrierSetRuntime::write_ref_field_pre_entry(oopDesc*, JavaThread*)}
  0x0000000117c4df38: 0879 83d2 | c879 a0f2 | 2800 c0f2 | ff27 bfa9 | 0001 3fd6 

  0x0000000117c4df4c: ;   {other}
  0x0000000117c4df4c: 1f20 03d5 | 1f00 80f2 | 1f00 80f2 | ff43 0091 | 1341 201e | 9cef ff17 | f603 0eaa | f503 0daa 
  0x0000000117c4df6c: e103 1caa | c900 0010 

  0x0000000117c4df74: ;   {runtime_call G1BarrierSetRuntime::write_ref_field_pre_entry(oopDesc*, JavaThread*)}
  0x0000000117c4df74: 0879 83d2 | c879 a0f2 | 2800 c0f2 | ff27 bfa9 | 0001 3fd6 

  0x0000000117c4df88: ;   {other}
  0x0000000117c4df88: 1f20 03d5 | 1f00 80f2 | 1f00 80f2 | ff43 0091 | ed03 15aa | ee03 16aa | 41f0 ff17 | ee47 0429 
  0x0000000117c4dfa8: f353 01a9 | 4117 8012 | eb33 0029 | ed07 00f9 

  0x0000000117c4dfb8: ; ImmutableOopMap {[8]=Oop [16]=Oop [24]=Oop }
                      ;*if_icmpeq {reexecute=1 rethrow=0 return_oop=0}
                      ; - (reexecute) java.util.ArrayList$Itr::checkForComodification@11 (line 1094)
                      ; - java.util.ArrayList$Itr::next@1 (line 1049)
                      ; - com.android.tools.r8.internal.co3::a@35 (line 21)
                      ;   {runtime_call UncommonTrapBlob}
  0x0000000117c4dfb8: f2a3 1797 

  0x0000000117c4dfbc: ;   {other}
  0x0000000117c4dfbc: 1f20 03d5 | 9fb5 89f2 | 1f80 8af2 | ee3f 0529 | f3d3 01a9 | 4117 8012 | ebaf 0029 | ec0f 00b9 
  0x0000000117c4dfdc: ed0b 00f9 

  0x0000000117c4dfe0: ; ImmutableOopMap {[16]=Oop [24]=Oop [32]=Oop }
                      ;*if_icmplt {reexecute=1 rethrow=0 return_oop=0}
                      ; - (reexecute) java.util.ArrayList$Itr::next@17 (line 1051)
                      ; - com.android.tools.r8.internal.co3::a@35 (line 21)
                      ;   {runtime_call UncommonTrapBlob}
  0x0000000117c4dfe0: e8a3 1797 

  0x0000000117c4dfe4: ;   {other}
  0x0000000117c4dfe4: 1f20 03d5 | 9fba 89f2 | 1fa0 8af2 | ef2b 00b9 | ee0f 00b9 | f3d3 01a9 | 4117 8012 | ebb3 0029 
  0x0000000117c4e004: ed0b 00f9 

  0x0000000117c4e008: ; ImmutableOopMap {[16]=Oop [24]=Oop [32]=Oop }
                      ;*if_icmplt {reexecute=1 rethrow=0 return_oop=0}
                      ; - (reexecute) java.util.ArrayList$Itr::next@39 (line 1054)
                      ; - com.android.tools.r8.internal.co3::a@35 (line 21)
                      ;   {runtime_call UncommonTrapBlob}
  0x0000000117c4e008: dea3 1797 

  0x0000000117c4e00c: ;   {other}
  0x0000000117c4e00c: 1f20 03d5 | 9fbf 89f2 | 1fc0 8af2 | 4117 8012 | fd13 40f9 

  0x0000000117c4e020: ; ImmutableOopMap {rfp=Oop [40]=Oop [48]=Oop [64]=Oop [72]=Oop }
                      ;*if_icmpeq {reexecute=1 rethrow=0 return_oop=0}
                      ; - (reexecute) java.util.LinkedHashMap::forEach@53 (line 987)
                      ; - com.android.tools.r8.internal.co3::a@63 (line 24)
                      ;   {runtime_call UncommonTrapBlob}
  0x0000000117c4e020: d8a3 1797 

  0x0000000117c4e024: ;   {other}
  0x0000000117c4e024: 1f20 03d5 | 9fc2 89f2 | 1fe0 8af2 | ea13 40f9 | 4117 8012 | ea03 00f9 

  0x0000000117c4e03c: ; ImmutableOopMap {[0]=Oop [40]=Oop [48]=Oop [64]=Oop [72]=Oop }
                      ;*if_icmpeq {reexecute=1 rethrow=0 return_oop=0}
                      ; - (reexecute) java.util.LinkedHashMap::forEach@53 (line 987)
                      ; - com.android.tools.r8.internal.co3::a@77 (line 28)
                      ;   {runtime_call UncommonTrapBlob}
  0x0000000117c4e03c: d1a3 1797 

  0x0000000117c4e040: ;   {other}
  0x0000000117c4e040: 1f20 03d5 | 1fc6 89f2 | 1f00 8bf2 | f303 00bd 

  0x0000000117c4e050: ;   {metadata('java/util/LinkedHashMap$Entry')}
  0x0000000117c4e050: 01ea 85d2 | 4103 a0f2 | 011c c0f2 

  0x0000000117c4e05c: ; ImmutableOopMap {[8]=NarrowOop [12]=NarrowOop [32]=Oop [40]=Oop [48]=Oop [64]=Oop [72]=Oop [80]=Oop [88]=Oop [96]=Oop [104]=Oop [112]=Oop [128]=Oop [144]=Oop }
                      ;*new {reexecute=0 rethrow=0 return_oop=1}
                      ; - java.util.LinkedHashMap::newNode@0 (line 281)
                      ; - java.util.HashMap::putVal@152 (line 648)
                      ; - java.util.HashMap::put@9 (line 618)
                      ; - com.android.tools.r8.internal.co3::a@152 (line 197)
                      ; - com.android.tools.r8.internal.co3$$Lambda/0x000000e003c477a0::accept@20
                      ; - java.util.LinkedHashMap::forEach@35 (line 986)
                      ; - com.android.tools.r8.internal.co3::a@77 (line 28)
                      ;   {runtime_call _new_instance_Java}
  0x0000000117c4e05c: 29f3 1a97 

  0x0000000117c4e060: ;   {other}
  0x0000000117c4e060: 1f20 03d5 | 1fca 89f2 | 1f20 8bf2 | ec03 00aa | f303 40bd | 36f7 ff17 | eb03 62b2 | f3d3 00a9 
  0x0000000117c4e080: 5f01 0beb | fd07 9f1a | bda7 9d5a | 4117 8012 

  0x0000000117c4e090: ; ImmutableOopMap {[0]=Oop [8]=Oop [16]=Oop }
                      ;*ifgt {reexecute=1 rethrow=0 return_oop=0}
                      ; - (reexecute) com.android.tools.r8.internal.jh3::a@26 (line 7)
                      ; - com.android.tools.r8.internal.a43::<init>@27 (line 45)
                      ; - com.android.tools.r8.internal.co3::a@16 (line 20)
                      ;   {runtime_call UncommonTrapBlob}
  0x0000000117c4e090: bca3 1797 

  0x0000000117c4e094: ;   {other}
  0x0000000117c4e094: 1f20 03d5 | 9fd0 89f2 | 1f40 8bf2 | e133 40f9 

  0x0000000117c4e0a4: ; ImmutableOopMap {[8]=NarrowOop [12]=NarrowOop [32]=Oop [40]=Oop [48]=Oop [64]=Oop [72]=Oop [80]=Oop [88]=Oop [96]=Oop [104]=Oop [112]=Oop [120]=Oop }
                      ;*invokestatic identityHashCode {reexecute=0 rethrow=0 return_oop=0}
                      ; - java.util.IdentityHashMap::hash@1 (line 306)
                      ; - java.util.IdentityHashMap::put@19 (line 440)
                      ; - com.android.tools.r8.internal.co3::a@164 (line 198)
                      ; - com.android.tools.r8.internal.co3$$Lambda/0x000000e003c477a0::accept@20
                      ; - java.util.LinkedHashMap::forEach@35 (line 986)
                      ; - com.android.tools.r8.internal.co3::a@77 (line 28)
                      ;   {static_call}
  0x0000000117c4e0a4: b789 1797 

  0x0000000117c4e0a8: ;   {other}
  0x0000000117c4e0a8: 1f20 03d5 | 1fd3 89f2 | 1f60 8bf2 | caf9 ff17 | 6103 8012 | fd13 40f9 

  0x0000000117c4e0c0: ; ImmutableOopMap {rfp=Oop [40]=Oop [48]=Oop [64]=Oop [72]=Oop [80]=Oop [88]=Oop [96]=Oop [104]=Oop }
                      ;*aaload {reexecute=0 rethrow=0 return_oop=0}
                      ; - com.android.tools.r8.internal.a43::e@46 (line 6)
                      ; - com.android.tools.r8.internal.co3::a@3 (line 184)
                      ; - com.android.tools.r8.internal.co3$$Lambda/0x000000e003c47578::accept@12
                      ; - java.util.LinkedHashMap::forEach@35 (line 986)
                      ; - com.android.tools.r8.internal.co3::a@63 (line 24)
                      ;   {runtime_call UncommonTrapBlob}
  0x0000000117c4e0c0: b0a3 1797 

  0x0000000117c4e0c4: ;   {other}
  0x0000000117c4e0c4: 1f20 03d5 | 9fd6 89f2 | 1f80 8bf2 | 6103 8012 | fd13 40f9 

  0x0000000117c4e0d8: ; ImmutableOopMap {rfp=Oop [40]=Oop [48]=Oop [64]=Oop [72]=Oop [80]=Oop [88]=Oop [96]=Oop [104]=Oop }
                      ;*aaload {reexecute=0 rethrow=0 return_oop=0}
                      ; - com.android.tools.r8.internal.a43::h@43 (line 6)
                      ; - com.android.tools.r8.internal.a43::a@2 (line 14)
                      ; - com.android.tools.r8.internal.co3::a@11 (line 184)
                      ; - com.android.tools.r8.internal.co3$$Lambda/0x000000e003c47578::accept@12
                      ; - java.util.LinkedHashMap::forEach@35 (line 986)
                      ; - com.android.tools.r8.internal.co3::a@63 (line 24)
                      ;   {runtime_call UncommonTrapBlob}
  0x0000000117c4e0d8: aaa3 1797 

  0x0000000117c4e0dc: ;   {other}
  0x0000000117c4e0dc: 1f20 03d5 | 9fd9 89f2 | 1fa0 8bf2 | 2104 8012 

  0x0000000117c4e0ec: ; ImmutableOopMap {[0]=Oop }
                      ;*checkcast {reexecute=0 rethrow=0 return_oop=0}
                      ; - com.android.tools.r8.internal.co3$$Lambda/0x000000e003c477a0::accept@13
                      ; - java.util.LinkedHashMap::forEach@35 (line 986)
                      ; - com.android.tools.r8.internal.co3::a@77 (line 28)
                      ;   {runtime_call UncommonTrapBlob}
  0x0000000117c4e0ec: a5a3 1797 

  0x0000000117c4e0f0: ;   {other}
  0x0000000117c4e0f0: 1f20 03d5 | 1fdc 89f2 | 1fc0 8bf2 | 2104 8012 

  0x0000000117c4e100: ; ImmutableOopMap {rfp=Oop }
                      ;*checkcast {reexecute=0 rethrow=0 return_oop=0}
                      ; - com.android.tools.r8.internal.co3$$Lambda/0x000000e003c477a0::accept@17
                      ; - java.util.LinkedHashMap::forEach@35 (line 986)
                      ; - com.android.tools.r8.internal.co3::a@77 (line 28)
                      ;   {runtime_call UncommonTrapBlob}
  0x0000000117c4e100: a0a3 1797 

  0x0000000117c4e104: ;   {other}
  0x0000000117c4e104: 1f20 03d5 | 9fde 89f2 | 1fe0 8bf2 | ea13 40f9 | 6103 8012 | eaab 00a9 

  0x0000000117c4e11c: ; ImmutableOopMap {[8]=Oop [16]=Oop [40]=Oop [48]=Oop [64]=Oop [72]=Oop [80]=Oop [88]=Oop [96]=Oop [104]=Oop [112]=Oop [120]=Oop }
                      ;*aaload {reexecute=0 rethrow=0 return_oop=0}
                      ; - java.util.IdentityHashMap::get@25 (line 342)
                      ; - com.android.tools.r8.internal.co3::a@16 (line 186)
                      ; - com.android.tools.r8.internal.co3$$Lambda/0x000000e003c477a0::accept@20
                      ; - java.util.LinkedHashMap::forEach@35 (line 986)
                      ; - com.android.tools.r8.internal.co3::a@77 (line 28)
                      ;   {runtime_call UncommonTrapBlob}
  0x0000000117c4e11c: 99a3 1797 

  0x0000000117c4e120: ;   {other}
  0x0000000117c4e120: 1f20 03d5 | 1fe2 89f2 | 1f00 8cf2 | 2104 8012 

  0x0000000117c4e130: ; ImmutableOopMap {[0]=Oop }
                      ;*checkcast {reexecute=0 rethrow=0 return_oop=0}
                      ; - com.android.tools.r8.internal.co3$$Lambda/0x000000e003c47578::accept@5
                      ; - java.util.LinkedHashMap::forEach@35 (line 986)
                      ; - com.android.tools.r8.internal.co3::a@63 (line 24)
                      ;   {runtime_call UncommonTrapBlob}
  0x0000000117c4e130: 94a3 1797 

  0x0000000117c4e134: ;   {other}
  0x0000000117c4e134: 1f20 03d5 | 9fe4 89f2 | 1f20 8cf2 | 2104 8012 

  0x0000000117c4e144: ; ImmutableOopMap {rfp=Oop }
                      ;*checkcast {reexecute=0 rethrow=0 return_oop=0}
                      ; - com.android.tools.r8.internal.co3$$Lambda/0x000000e003c47578::accept@9
                      ; - java.util.LinkedHashMap::forEach@35 (line 986)
                      ; - com.android.tools.r8.internal.co3::a@63 (line 24)
                      ;   {runtime_call UncommonTrapBlob}
  0x0000000117c4e144: 8fa3 1797 

  0x0000000117c4e148: ;   {other}
  0x0000000117c4e148: 1f20 03d5 | 1fe7 89f2 | 1f40 8cf2 | 6103 8012 | fd13 40f9 

  0x0000000117c4e15c: ; ImmutableOopMap {rfp=Oop [40]=Oop [48]=Oop [64]=Oop [72]=Oop [80]=Oop [88]=Oop [96]=Oop [104]=Oop [112]=Oop [120]=Oop }
                      ;*aaload {reexecute=0 rethrow=0 return_oop=0}
                      ; - java.util.IdentityHashMap::put@28 (line 442)
                      ; - com.android.tools.r8.internal.co3::a@164 (line 198)
                      ; - com.android.tools.r8.internal.co3$$Lambda/0x000000e003c477a0::accept@20
                      ; - java.util.LinkedHashMap::forEach@35 (line 986)
                      ; - com.android.tools.r8.internal.co3::a@77 (line 28)
                      ;   {runtime_call UncommonTrapBlob}
  0x0000000117c4e15c: 89a3 1797 

  0x0000000117c4e160: ;   {other}
  0x0000000117c4e160: 1f20 03d5 | 1fea 89f2 | 1f60 8cf2 | 6103 8012 | fd13 40f9 

  0x0000000117c4e174: ; ImmutableOopMap {rfp=Oop [40]=Oop [48]=Oop [64]=Oop [72]=Oop [80]=Oop [88]=Oop [96]=Oop [120]=Oop }
                      ;*aastore {reexecute=1 rethrow=0 return_oop=0}
                      ; - (reexecute) com.android.tools.r8.internal.a43::a@21 (line 2)
                      ; - com.android.tools.r8.internal.a43::a@18 (line 16)
                      ; - com.android.tools.r8.internal.co3::a@11 (line 184)
                      ; - com.android.tools.r8.internal.co3$$Lambda/0x000000e003c47578::accept@12
                      ; - java.util.LinkedHashMap::forEach@35 (line 986)
                      ; - com.android.tools.r8.internal.co3::a@63 (line 24)
                      ;   {runtime_call UncommonTrapBlob}
  0x0000000117c4e174: 83a3 1797 

  0x0000000117c4e178: ;   {other}
  0x0000000117c4e178: 1f20 03d5 | 1fed 89f2 | 1f80 8cf2 | 6103 8012 | fd13 40f9 

  0x0000000117c4e18c: ; ImmutableOopMap {rfp=Oop [40]=Oop [48]=Oop [64]=Oop [72]=Oop [80]=Oop [88]=Oop [96]=Oop }
                      ;*iastore {reexecute=0 rethrow=0 return_oop=0}
                      ; - com.android.tools.r8.internal.a43::a@27 (line 3)
                      ; - com.android.tools.r8.internal.a43::a@18 (line 16)
                      ; - com.android.tools.r8.internal.co3::a@11 (line 184)
                      ; - com.android.tools.r8.internal.co3$$Lambda/0x000000e003c47578::accept@12
                      ; - java.util.LinkedHashMap::forEach@35 (line 986)
                      ; - com.android.tools.r8.internal.co3::a@63 (line 24)
                      ;   {runtime_call UncommonTrapBlob}
  0x0000000117c4e18c: 7da3 1797 

  0x0000000117c4e190: ;   {other}
  0x0000000117c4e190: 1f20 03d5 | 1ff0 89f2 | 1fa0 8cf2 | ea13 40f9 | 6103 8012 | ea03 00f9 

  0x0000000117c4e1a8: ; ImmutableOopMap {[0]=Oop [40]=Oop [48]=Oop [64]=Oop [72]=Oop [80]=Oop [88]=Oop [112]=Oop }
                      ;*laload {reexecute=0 rethrow=0 return_oop=0}
                      ; - com.android.tools.r8.internal.a43::a@74 (line 9)
                      ; - com.android.tools.r8.internal.a43::a@18 (line 16)
                      ; - com.android.tools.r8.internal.co3::a@11 (line 184)
                      ; - com.android.tools.r8.internal.co3$$Lambda/0x000000e003c47578::accept@12
                      ; - java.util.LinkedHashMap::forEach@35 (line 986)
                      ; - com.android.tools.r8.internal.co3::a@63 (line 24)
                      ;   {runtime_call UncommonTrapBlob}
  0x0000000117c4e1a8: 76a3 1797 

  0x0000000117c4e1ac: ;   {other}
  0x0000000117c4e1ac: 1f20 03d5 | 9ff3 89f2 | 1fc0 8cf2 | ea13 40f9 | 6103 8012 | ea03 00f9 

  0x0000000117c4e1c4: ; ImmutableOopMap {[0]=Oop [40]=Oop [48]=Oop [64]=Oop [72]=Oop [80]=Oop [88]=Oop [112]=Oop }
                      ;*lastore {reexecute=0 rethrow=0 return_oop=0}
                      ; - com.android.tools.r8.internal.a43::a@107 (line 10)
                      ; - com.android.tools.r8.internal.a43::a@18 (line 16)
                      ; - com.android.tools.r8.internal.co3::a@11 (line 184)
                      ; - com.android.tools.r8.internal.co3$$Lambda/0x000000e003c47578::accept@12
                      ; - java.util.LinkedHashMap::forEach@35 (line 986)
                      ; - com.android.tools.r8.internal.co3::a@63 (line 24)
                      ;   {runtime_call UncommonTrapBlob}
  0x0000000117c4e1c4: 6fa3 1797 

  0x0000000117c4e1c8: ;   {other}
  0x0000000117c4e1c8: 1f20 03d5 | 1ff7 89f2 | 1fe0 8cf2 | 2105 8012 | fd13 40f9 

  0x0000000117c4e1dc: ; ImmutableOopMap {rfp=Oop [40]=Oop [48]=Oop [64]=Oop [72]=Oop [80]=Oop [88]=Oop [96]=Oop [120]=Oop }
                      ;*aastore {reexecute=1 rethrow=0 return_oop=0}
                      ; - (reexecute) com.android.tools.r8.internal.a43::a@21 (line 2)
                      ; - com.android.tools.r8.internal.a43::a@18 (line 16)
                      ; - com.android.tools.r8.internal.co3::a@11 (line 184)
                      ; - com.android.tools.r8.internal.co3$$Lambda/0x000000e003c47578::accept@12
                      ; - java.util.LinkedHashMap::forEach@35 (line 986)
                      ; - com.android.tools.r8.internal.co3::a@63 (line 24)
                      ;   {runtime_call UncommonTrapBlob}
  0x0000000117c4e1dc: 69a3 1797 

  0x0000000117c4e1e0: ;   {other}
  0x0000000117c4e1e0: 1f20 03d5 | 1ffa 89f2 | 1f00 8df2 | ea13 40f9 | 6103 8012 | eaab 00a9 

  0x0000000117c4e1f8: ; ImmutableOopMap {[8]=Oop [16]=Oop [40]=Oop [48]=Oop [64]=Oop [72]=Oop [80]=Oop [88]=Oop [96]=Oop [104]=Oop [112]=Oop [120]=Oop }
                      ;*aaload {reexecute=0 rethrow=0 return_oop=0}
                      ; - java.util.IdentityHashMap::get@39 (line 344)
                      ; - com.android.tools.r8.internal.co3::a@16 (line 186)
                      ; - com.android.tools.r8.internal.co3$$Lambda/0x000000e003c477a0::accept@20
                      ; - java.util.LinkedHashMap::forEach@35 (line 986)
                      ; - com.android.tools.r8.internal.co3::a@77 (line 28)
                      ;   {runtime_call UncommonTrapBlob}
  0x0000000117c4e1f8: 62a3 1797 

  0x0000000117c4e1fc: ;   {other}
  0x0000000117c4e1fc: 1f20 03d5 | 9ffd 89f2 | 1f20 8df2 | 2104 8012 

  0x0000000117c4e20c: ; ImmutableOopMap {rfp=Oop }
                      ;*checkcast {reexecute=0 rethrow=0 return_oop=0}
                      ; - com.android.tools.r8.internal.co3::a@19 (line 186)
                      ; - com.android.tools.r8.internal.co3$$Lambda/0x000000e003c477a0::accept@20
                      ; - java.util.LinkedHashMap::forEach@35 (line 986)
                      ; - com.android.tools.r8.internal.co3::a@77 (line 28)
                      ;   {runtime_call UncommonTrapBlob}
  0x0000000117c4e20c: 5da3 1797 

  0x0000000117c4e210: ;   {other}
  0x0000000117c4e210: 1f20 03d5 | 1f00 8af2 | 1f40 8df2 | 6103 8012 | fd13 40f9 

  0x0000000117c4e224: ; ImmutableOopMap {rfp=Oop [40]=Oop [48]=Oop [64]=Oop [72]=Oop [80]=Oop [88]=Oop [96]=Oop [104]=Oop [112]=Oop }
                      ;*aaload {reexecute=0 rethrow=0 return_oop=0}
                      ; - com.android.tools.r8.internal.a43::e@46 (line 6)
                      ; - com.android.tools.r8.internal.co3::a@68 (line 191)
                      ; - com.android.tools.r8.internal.co3$$Lambda/0x000000e003c477a0::accept@20
                      ; - java.util.LinkedHashMap::forEach@35 (line 986)
                      ; - com.android.tools.r8.internal.co3::a@77 (line 28)
                      ;   {runtime_call UncommonTrapBlob}
  0x0000000117c4e224: 57a3 1797 

  0x0000000117c4e228: ;   {other}
  0x0000000117c4e228: 1f20 03d5 | 1f03 8af2 | 1f60 8df2 | 6103 8012 | fd13 40f9 

  0x0000000117c4e23c: ; ImmutableOopMap {rfp=Oop [40]=Oop [48]=Oop [64]=Oop [72]=Oop [80]=Oop [88]=Oop [96]=Oop [112]=Oop }
                      ;*iaload {reexecute=0 rethrow=0 return_oop=0}
                      ; - com.android.tools.r8.internal.a43::e@69 (line 7)
                      ; - com.android.tools.r8.internal.co3::a@3 (line 184)
                      ; - com.android.tools.r8.internal.co3$$Lambda/0x000000e003c47578::accept@12
                      ; - java.util.LinkedHashMap::forEach@35 (line 986)
                      ; - com.android.tools.r8.internal.co3::a@63 (line 24)
                      ;   {runtime_call UncommonTrapBlob}
  0x0000000117c4e23c: 51a3 1797 

  0x0000000117c4e240: ;   {other}
  0x0000000117c4e240: 1f20 03d5 | 1f06 8af2 | 1f80 8df2 | 6103 8012 | fd13 40f9 

  0x0000000117c4e254: ; ImmutableOopMap {rfp=Oop [40]=Oop [48]=Oop [64]=Oop [72]=Oop [80]=Oop [88]=Oop [96]=Oop [104]=Oop [112]=Oop [128]=Oop }
                      ;*aaload {reexecute=0 rethrow=0 return_oop=0}
                      ; - java.util.HashMap::putVal@40 (line 636)
                      ; - java.util.HashMap::put@9 (line 618)
                      ; - com.android.tools.r8.internal.co3::a@152 (line 197)
                      ; - com.android.tools.r8.internal.co3$$Lambda/0x000000e003c477a0::accept@20
                      ; - java.util.LinkedHashMap::forEach@35 (line 986)
                      ; - com.android.tools.r8.internal.co3::a@77 (line 28)
                      ;   {runtime_call UncommonTrapBlob}
  0x0000000117c4e254: 4ba3 1797 

  0x0000000117c4e258: ;   {other}
  0x0000000117c4e258: 1f20 03d5 | 1f09 8af2 | 1fa0 8df2 | ea13 40f9 | ea03 00f9 | ea2f 4329 | 6103 8012 | ea2f 0229 
  0x0000000117c4e278: ; ImmutableOopMap {[0]=Oop [40]=Oop [48]=Oop [64]=Oop [72]=Oop [80]=Oop [88]=Oop [104]=Oop [112]=Oop [120]=Oop }
                      ;*aastore {reexecute=1 rethrow=0 return_oop=0}
                      ; - (reexecute) java.util.IdentityHashMap::put@128 (line 460)
                      ; - com.android.tools.r8.internal.co3::a@164 (line 198)
                      ; - com.android.tools.r8.internal.co3$$Lambda/0x000000e003c477a0::accept@20
                      ; - java.util.LinkedHashMap::forEach@35 (line 986)
                      ; - com.android.tools.r8.internal.co3::a@77 (line 28)
                      ;   {runtime_call UncommonTrapBlob}
  0x0000000117c4e278: 42a3 1797 

  0x0000000117c4e27c: ;   {other}
  0x0000000117c4e27c: 1f20 03d5 | 9f0d 8af2 | 1fc0 8df2 | ea13 40f9 | ea03 00f9 | eb2b 4329 | 2105 8012 | eb2b 0229 
  0x0000000117c4e29c: ; ImmutableOopMap {[0]=Oop [40]=Oop [48]=Oop [64]=Oop [72]=Oop [80]=Oop [88]=Oop [96]=Oop [104]=Oop [112]=Oop [120]=Oop }
                      ;*aastore {reexecute=1 rethrow=0 return_oop=0}
                      ; - (reexecute) java.util.IdentityHashMap::put@120 (line 459)
                      ; - com.android.tools.r8.internal.co3::a@164 (line 198)
                      ; - com.android.tools.r8.internal.co3$$Lambda/0x000000e003c477a0::accept@20
                      ; - java.util.LinkedHashMap::forEach@35 (line 986)
                      ; - com.android.tools.r8.internal.co3::a@77 (line 28)
                      ;   {runtime_call UncommonTrapBlob}
  0x0000000117c4e29c: 39a3 1797 

  0x0000000117c4e2a0: ;   {other}
  0x0000000117c4e2a0: 1f20 03d5 | 1f12 8af2 | 1fe0 8df2 | ea13 40f9 | ea03 00f9 | eb2b 4329 | 2113 8012 | eb2b 0229 
  0x0000000117c4e2c0: ; ImmutableOopMap {rfp=Oop [0]=Oop [40]=Oop [48]=Oop [64]=Oop [72]=Oop [80]=Oop [88]=Oop [96]=Oop [104]=Oop [112]=Oop }
                      ;*invokevirtual removeEldestEntry {reexecute=0 rethrow=0 return_oop=0}
                      ; - java.util.LinkedHashMap::afterNodeInsertion@15 (line 324)
                      ; - java.util.HashMap::putVal@295 (line 670)
                      ; - java.util.HashMap::put@9 (line 618)
                      ; - com.android.tools.r8.internal.co3::a@152 (line 197)
                      ; - com.android.tools.r8.internal.co3$$Lambda/0x000000e003c477a0::accept@20
                      ; - java.util.LinkedHashMap::forEach@35 (line 986)
                      ; - com.android.tools.r8.internal.co3::a@77 (line 28)
                      ;   {runtime_call UncommonTrapBlob}
  0x0000000117c4e2c0: 30a3 1797 

  0x0000000117c4e2c4: ;   {other}
  0x0000000117c4e2c4: 1f20 03d5 | 9f16 8af2 | 1f00 8ef2 | 6103 8012 | fd13 40f9 

  0x0000000117c4e2d8: ; ImmutableOopMap {rfp=Oop [40]=Oop [48]=Oop [64]=Oop [72]=Oop [80]=Oop [88]=Oop [96]=Oop [104]=Oop }
                      ;*aaload {reexecute=0 rethrow=0 return_oop=0}
                      ; - com.android.tools.r8.internal.a43::h@74 (line 10)
                      ; - com.android.tools.r8.internal.a43::a@2 (line 14)
                      ; - com.android.tools.r8.internal.co3::a@11 (line 184)
                      ; - com.android.tools.r8.internal.co3$$Lambda/0x000000e003c47578::accept@12
                      ; - java.util.LinkedHashMap::forEach@35 (line 986)
                      ; - com.android.tools.r8.internal.co3::a@63 (line 24)
                      ;   {runtime_call UncommonTrapBlob}
  0x0000000117c4e2d8: 2aa3 1797 

  0x0000000117c4e2dc: ;   {other}
  0x0000000117c4e2dc: 1f20 03d5 | 9f19 8af2 | 1f20 8ef2 | 6103 8012 | fd13 40f9 

  0x0000000117c4e2f0: ; ImmutableOopMap {rfp=Oop [40]=Oop [48]=Oop [64]=Oop [72]=Oop [80]=Oop [88]=Oop [96]=Oop [112]=Oop [136]=Oop }
                      ;*iaload {reexecute=0 rethrow=0 return_oop=0}
                      ; - com.android.tools.r8.internal.a43::e@69 (line 7)
                      ; - com.android.tools.r8.internal.co3::a@68 (line 191)
                      ; - com.android.tools.r8.internal.co3$$Lambda/0x000000e003c477a0::accept@20
                      ; - java.util.LinkedHashMap::forEach@35 (line 986)
                      ; - com.android.tools.r8.internal.co3::a@77 (line 28)
                      ;   {runtime_call UncommonTrapBlob}
  0x0000000117c4e2f0: 24a3 1797 

  0x0000000117c4e2f4: ;   {other}
  0x0000000117c4e2f4: 1f20 03d5 | 9f1c 8af2 | 1f40 8ef2 | ea13 40f9 | 6103 8012 | eaab 00a9 

  0x0000000117c4e30c: ; ImmutableOopMap {[8]=Oop [16]=Oop [40]=Oop [48]=Oop [64]=Oop [72]=Oop [80]=Oop [88]=Oop [96]=Oop [104]=Oop [112]=Oop [120]=Oop }
                      ;*aaload {reexecute=0 rethrow=0 return_oop=0}
                      ; - java.util.IdentityHashMap::get@25 (line 342)
                      ; - com.android.tools.r8.internal.co3::a@16 (line 186)
                      ; - com.android.tools.r8.internal.co3$$Lambda/0x000000e003c477a0::accept@20
                      ; - java.util.LinkedHashMap::forEach@35 (line 986)
                      ; - com.android.tools.r8.internal.co3::a@77 (line 28)
                      ;   {runtime_call UncommonTrapBlob}
  0x0000000117c4e30c: 1da3 1797 

  0x0000000117c4e310: ;   {other}
  0x0000000117c4e310: 1f20 03d5 | 1f20 8af2 | 1f60 8ef2 | 2105 8012 | fd13 40f9 

  0x0000000117c4e324: ; ImmutableOopMap {rfp=Oop [40]=Oop [48]=Oop [64]=Oop [72]=Oop [80]=Oop [88]=Oop [96]=Oop [104]=Oop [112]=Oop [128]=Oop [144]=Oop }
                      ;*aastore {reexecute=1 rethrow=0 return_oop=0}
                      ; - (reexecute) java.util.HashMap::putVal@59 (line 637)
                      ; - java.util.HashMap::put@9 (line 618)
                      ; - com.android.tools.r8.internal.co3::a@152 (line 197)
                      ; - com.android.tools.r8.internal.co3$$Lambda/0x000000e003c477a0::accept@20
                      ; - java.util.LinkedHashMap::forEach@35 (line 986)
                      ; - com.android.tools.r8.internal.co3::a@77 (line 28)
                      ;   {runtime_call UncommonTrapBlob}
  0x0000000117c4e324: 17a3 1797 

  0x0000000117c4e328: ;   {other}
  0x0000000117c4e328: 1f20 03d5 | 1f23 8af2 | 1f80 8ef2 | ea13 40f9 | 4117 8012 | eaab 00a9 

  0x0000000117c4e340: ; ImmutableOopMap {[8]=Oop [16]=Oop [40]=Oop [48]=Oop [64]=Oop [72]=Oop [80]=Oop [88]=Oop [96]=Oop [104]=Oop [112]=Oop }
                      ;*ifle {reexecute=1 rethrow=0 return_oop=0}
                      ; - (reexecute) java.util.HashMap::getNode@14 (line 575)
                      ; - java.util.LinkedHashMap::get@2 (line 536)
                      ; - com.android.tools.r8.internal.co3::a@5 (line 185)
                      ; - com.android.tools.r8.internal.co3$$Lambda/0x000000e003c477a0::accept@20
                      ; - java.util.LinkedHashMap::forEach@35 (line 986)
                      ; - com.android.tools.r8.internal.co3::a@77 (line 28)
                      ;   {runtime_call UncommonTrapBlob}
  0x0000000117c4e340: 10a3 1797 

  0x0000000117c4e344: ;   {other}
  0x0000000117c4e344: 1f20 03d5 | 9f26 8af2 | 1fa0 8ef2 | f303 0faa | f403 0daa | e103 1caa | c900 0010 

  0x0000000117c4e360: ;   {runtime_call G1BarrierSetRuntime::write_ref_field_pre_entry(oopDesc*, JavaThread*)}
  0x0000000117c4e360: 0879 83d2 | c879 a0f2 | 2800 c0f2 | ff27 bfa9 | 0001 3fd6 

  0x0000000117c4e374: ;   {other}
  0x0000000117c4e374: 1f20 03d5 | 1f00 80f2 | 1f00 80f2 | ff43 0091 | ef03 13aa | ed03 14aa | 1af5 ff17 | f403 0daa 
  0x0000000117c4e394: e103 1caa | c900 0010 

  0x0000000117c4e39c: ;   {runtime_call G1BarrierSetRuntime::write_ref_field_pre_entry(oopDesc*, JavaThread*)}
  0x0000000117c4e39c: 0879 83d2 | c879 a0f2 | 2800 c0f2 | ff27 bfa9 | 0001 3fd6 

  0x0000000117c4e3b0: ;   {other}
  0x0000000117c4e3b0: 1f20 03d5 | 1f00 80f2 | 1f00 80f2 | ff43 0091 | ed03 14aa | f5f4 ff17 | 6842 201e | e103 1caa 
  0x0000000117c4e3d0: c900 0010 

  0x0000000117c4e3d4: ;   {runtime_call G1BarrierSetRuntime::write_ref_field_pre_entry(oopDesc*, JavaThread*)}
  0x0000000117c4e3d4: 0879 83d2 | c879 a0f2 | 2800 c0f2 | ff27 bfa9 | 0001 3fd6 

  0x0000000117c4e3e8: ;   {other}
  0x0000000117c4e3e8: 1f20 03d5 | 1f00 80f2 | 1f00 80f2 | ff43 0091 | 1341 201e | 4af0 ff17 | 2104 8012 

  0x0000000117c4e404: ; ImmutableOopMap {rfp=Oop }
                      ;*checkcast {reexecute=0 rethrow=0 return_oop=0}
                      ; - com.android.tools.r8.internal.co3::a@8 (line 185)
                      ; - com.android.tools.r8.internal.co3$$Lambda/0x000000e003c477a0::accept@20
                      ; - java.util.LinkedHashMap::forEach@35 (line 986)
                      ; - com.android.tools.r8.internal.co3::a@77 (line 28)
                      ;   {runtime_call UncommonTrapBlob}
  0x0000000117c4e404: dfa2 1797 

  0x0000000117c4e408: ;   {other}
  0x0000000117c4e408: 1f20 03d5 | 1f3f 8af2 | 1fc0 8ef2 | 4117 8012 | fd13 40f9 

  0x0000000117c4e41c: ; ImmutableOopMap {rfp=Oop [40]=Oop [48]=Oop [64]=Oop [72]=Oop [80]=Oop [88]=Oop [96]=Oop }
                      ;*if_icmpne {reexecute=1 rethrow=0 return_oop=0}
                      ; - (reexecute) com.android.tools.r8.internal.a43::a@5 (line 1)
                      ; - com.android.tools.r8.internal.a43::a@18 (line 16)
                      ; - com.android.tools.r8.internal.co3::a@11 (line 184)
                      ; - com.android.tools.r8.internal.co3$$Lambda/0x000000e003c47578::accept@12
                      ; - java.util.LinkedHashMap::forEach@35 (line 986)
                      ; - com.android.tools.r8.internal.co3::a@63 (line 24)
                      ;   {runtime_call UncommonTrapBlob}
  0x0000000117c4e41c: d9a2 1797 

  0x0000000117c4e420: ;   {other}
  0x0000000117c4e420: 1f20 03d5 | 1f42 8af2 | 1fe0 8ef2 | 4117 8012 | fd13 40f9 

  0x0000000117c4e434: ; ImmutableOopMap {rfp=Oop [40]=Oop [48]=Oop [64]=Oop [72]=Oop [80]=Oop [88]=Oop [96]=Oop [112]=Oop }
                      ;*if_icmpne {reexecute=1 rethrow=0 return_oop=0}
                      ; - (reexecute) com.android.tools.r8.internal.co3::a@74 (line 191)
                      ; - com.android.tools.r8.internal.co3$$Lambda/0x000000e003c477a0::accept@20
                      ; - java.util.LinkedHashMap::forEach@35 (line 986)
                      ; - com.android.tools.r8.internal.co3::a@77 (line 28)
                      ;   {runtime_call UncommonTrapBlob}
  0x0000000117c4e434: d3a2 1797 

  0x0000000117c4e438: ;   {other}
  0x0000000117c4e438: 1f20 03d5 | 1f45 8af2 | 1f00 8ff2 | 6842 201e | e103 1caa | c900 0010 

  0x0000000117c4e450: ;   {runtime_call G1BarrierSetRuntime::write_ref_field_pre_entry(oopDesc*, JavaThread*)}
  0x0000000117c4e450: 0879 83d2 | c879 a0f2 | 2800 c0f2 | ff27 bfa9 | 0001 3fd6 

  0x0000000117c4e464: ;   {other}
  0x0000000117c4e464: 1f20 03d5 | 1f00 80f2 | 1f00 80f2 | ff43 0091 | 1341 201e | 4ff2 ff17 | 6842 201e | e103 1caa 
  0x0000000117c4e484: c900 0010 

  0x0000000117c4e488: ;   {runtime_call G1BarrierSetRuntime::write_ref_field_pre_entry(oopDesc*, JavaThread*)}
  0x0000000117c4e488: 0879 83d2 | c879 a0f2 | 2800 c0f2 | ff27 bfa9 | 0001 3fd6 

  0x0000000117c4e49c: ;   {other}
  0x0000000117c4e49c: 1f20 03d5 | 1f00 80f2 | 1f00 80f2 | ff43 0091 | 1341 201e | 57f2 ff17 | 2101 8012 

  0x0000000117c4e4b8: ; ImmutableOopMap {[24]=Oop }
                      ;*invokevirtual get {reexecute=0 rethrow=0 return_oop=0}
                      ; - com.android.tools.r8.internal.co3::a@193 (line 37)
                      ;   {runtime_call UncommonTrapBlob}
  0x0000000117c4e4b8: b2a2 1797 

  0x0000000117c4e4bc: ;   {other}
  0x0000000117c4e4bc: 1f20 03d5 | 9f55 8af2 | 1f20 8ff2 | fd03 00aa | 2104 8012 

  0x0000000117c4e4d0: ; ImmutableOopMap {rfp=Oop }
                      ;*checkcast {reexecute=0 rethrow=0 return_oop=0}
                      ; - com.android.tools.r8.internal.co3::a@196 (line 37)
                      ;   {runtime_call UncommonTrapBlob}
  0x0000000117c4e4d0: aca2 1797 

  0x0000000117c4e4d4: ;   {other}
  0x0000000117c4e4d4: 1f20 03d5 | 9f58 8af2 | 1f40 8ff2 | 2101 8012 

  0x0000000117c4e4e4: ; ImmutableOopMap {[112]=Oop }
                      ;*invokevirtual put {reexecute=0 rethrow=0 return_oop=0}
                      ; - java.util.HashSet::add@8 (line 229)
                      ; - com.android.tools.r8.internal.co3::a@200 (line 211)
                      ; - com.android.tools.r8.internal.co3$$Lambda/0x000000e003c477a0::accept@20
                      ; - java.util.LinkedHashMap::forEach@35 (line 986)
                      ; - com.android.tools.r8.internal.co3::a@77 (line 28)
                      ;   {runtime_call UncommonTrapBlob}
  0x0000000117c4e4e4: a7a2 1797 

  0x0000000117c4e4e8: ;   {other}
  0x0000000117c4e4e8: 1f20 03d5 | 1f5b 8af2 | 1f60 8ff2 | 6103 8012 | fd13 40f9 

  0x0000000117c4e4fc: ; ImmutableOopMap {rfp=Oop [40]=Oop [48]=Oop [64]=Oop [72]=Oop [80]=Oop [88]=Oop [96]=Oop [112]=Oop [128]=Oop [136]=Oop }
                      ;*aaload {reexecute=0 rethrow=0 return_oop=0}
                      ; - java.util.HashMap::putVal@40 (line 636)
                      ; - java.util.HashMap::put@9 (line 618)
                      ; - java.util.HashSet::add@8 (line 229)
                      ; - com.android.tools.r8.internal.co3::a@200 (line 211)
                      ; - com.android.tools.r8.internal.co3$$Lambda/0x000000e003c477a0::accept@20
                      ; - java.util.LinkedHashMap::forEach@35 (line 986)
                      ; - com.android.tools.r8.internal.co3::a@77 (line 28)
                      ;   {runtime_call UncommonTrapBlob}
  0x0000000117c4e4fc: a1a2 1797 

  0x0000000117c4e500: ;   {other}
  0x0000000117c4e500: 1f20 03d5 | 1f5e 8af2 | 1f80 8ff2 | 2101 8012 

  0x0000000117c4e510: ; ImmutableOopMap {[128]=Oop }
                      ;*invokevirtual put {reexecute=0 rethrow=0 return_oop=0}
                      ; - java.util.HashSet::add@8 (line 229)
                      ; - com.android.tools.r8.internal.co3::a@211 (line 212)
                      ; - com.android.tools.r8.internal.co3$$Lambda/0x000000e003c477a0::accept@20
                      ; - java.util.LinkedHashMap::forEach@35 (line 986)
                      ; - com.android.tools.r8.internal.co3::a@77 (line 28)
                      ;   {runtime_call UncommonTrapBlob}
  0x0000000117c4e510: 9ca2 1797 

  0x0000000117c4e514: ;   {other}
  0x0000000117c4e514: 1f20 03d5 | 9f60 8af2 | 1fa0 8ff2 | 6103 8012 | fd13 40f9 

  0x0000000117c4e528: ; ImmutableOopMap {rfp=Oop [40]=Oop [48]=Oop [64]=Oop [72]=Oop [80]=Oop [88]=Oop [96]=Oop [120]=Oop [128]=Oop }
                      ;*aaload {reexecute=0 rethrow=0 return_oop=0}
                      ; - java.util.HashMap::putVal@40 (line 636)
                      ; - java.util.HashMap::put@9 (line 618)
                      ; - java.util.HashSet::add@8 (line 229)
                      ; - com.android.tools.r8.internal.co3::a@211 (line 212)
                      ; - com.android.tools.r8.internal.co3$$Lambda/0x000000e003c477a0::accept@20
                      ; - java.util.LinkedHashMap::forEach@35 (line 986)
                      ; - com.android.tools.r8.internal.co3::a@77 (line 28)
                      ;   {runtime_call UncommonTrapBlob}
  0x0000000117c4e528: 96a2 1797 

  0x0000000117c4e52c: ;   {other}
  0x0000000117c4e52c: 1f20 03d5 | 9f63 8af2 | 1fc0 8ff2 | ea13 40f9 | ea03 00f9 | ea2f 4329 | 4117 8012 | ea2f 0229 
  0x0000000117c4e54c: ; ImmutableOopMap {rfp=Oop [0]=Oop [40]=Oop [48]=Oop [64]=Oop [72]=Oop [80]=Oop [88]=Oop [96]=Oop [112]=Oop }
                      ;*ifnull {reexecute=1 rethrow=0 return_oop=0}
                      ; - (reexecute) java.util.LinkedHashMap::afterNodeInsertion@10 (line 324)
                      ; - java.util.HashMap::putVal@295 (line 670)
                      ; - java.util.HashMap::put@9 (line 618)
                      ; - com.android.tools.r8.internal.co3::a@152 (line 197)
                      ; - com.android.tools.r8.internal.co3$$Lambda/0x000000e003c477a0::accept@20
                      ; - java.util.LinkedHashMap::forEach@35 (line 986)
                      ; - com.android.tools.r8.internal.co3::a@77 (line 28)
                      ;   {runtime_call UncommonTrapBlob}
  0x0000000117c4e54c: 8da2 1797 

  0x0000000117c4e550: ;   {other}
  0x0000000117c4e550: 1f20 03d5 | 1f68 8af2 | 1fe0 8ff2 | 6103 8012 | fd13 40f9 

  0x0000000117c4e564: ; ImmutableOopMap {rfp=Oop [40]=Oop [48]=Oop [64]=Oop [72]=Oop [80]=Oop [88]=Oop [96]=Oop [104]=Oop }
                      ;*aaload {reexecute=0 rethrow=0 return_oop=0}
                      ; - com.android.tools.r8.internal.a43::h@74 (line 10)
                      ; - com.android.tools.r8.internal.a43::a@2 (line 14)
                      ; - com.android.tools.r8.internal.co3::a@11 (line 184)
                      ; - com.android.tools.r8.internal.co3$$Lambda/0x000000e003c47578::accept@12
                      ; - java.util.LinkedHashMap::forEach@35 (line 986)
                      ; - com.android.tools.r8.internal.co3::a@63 (line 24)
                      ;   {runtime_call UncommonTrapBlob}
  0x0000000117c4e564: 87a2 1797 

  0x0000000117c4e568: ;   {other}
  0x0000000117c4e568: 1f20 03d5 | 1f6b 8af2 | 1f00 90f2 | 4117 8012 | fd13 40f9 

  0x0000000117c4e57c: ; ImmutableOopMap {rfp=Oop [40]=Oop [48]=Oop [64]=Oop [72]=Oop [80]=Oop [88]=Oop [96]=Oop [104]=Oop [112]=Oop }
                      ;*ifne {reexecute=1 rethrow=0 return_oop=0}
                      ; - (reexecute) java.util.HashMap::putVal@16 (line 634)
                      ; - java.util.HashMap::put@9 (line 618)
                      ; - com.android.tools.r8.internal.co3::a@152 (line 197)
                      ; - com.android.tools.r8.internal.co3$$Lambda/0x000000e003c477a0::accept@20
                      ; - java.util.LinkedHashMap::forEach@35 (line 986)
                      ; - com.android.tools.r8.internal.co3::a@77 (line 28)
                      ;   {runtime_call UncommonTrapBlob}
  0x0000000117c4e57c: 81a2 1797 

  0x0000000117c4e580: ;   {other}
  0x0000000117c4e580: 1f20 03d5 | 1f6e 8af2 | 1f20 90f2 | ea37 40f9 | 4a35 40b9 | 40f1 7dd3 | a058 ffb4 | 8a17 40f9 
  0x0000000117c4e5a0: 0a3c 00b4 | 8b1f 40f9 | 4c21 00d1 | 6a01 0a8b | 4081 1ff8 | 8c17 00f9 | bdfa ff17 | 2101 8012 
  0x0000000117c4e5c0: ; ImmutableOopMap {}
                      ;*getfield a {reexecute=1 rethrow=0 return_oop=0}
                      ; - (reexecute) com.android.tools.r8.internal.co3::a@195 (line 210)
                      ; - com.android.tools.r8.internal.co3$$Lambda/0x000000e003c477a0::accept@20
                      ; - java.util.LinkedHashMap::forEach@35 (line 986)
                      ; - com.android.tools.r8.internal.co3::a@77 (line 28)
                      ;   {runtime_call UncommonTrapBlob}
  0x0000000117c4e5c0: 70a2 1797 

  0x0000000117c4e5c4: ;   {other}
  0x0000000117c4e5c4: 1f20 03d5 | 9f76 8af2 | 1f40 90f2 | ea13 40f9 | 6103 8012 | ea03 00f9 

  0x0000000117c4e5dc: ; ImmutableOopMap {[0]=Oop [40]=Oop [48]=Oop [64]=Oop [72]=Oop [80]=Oop [88]=Oop [96]=Oop [104]=Oop }
                      ;*aaload {reexecute=0 rethrow=0 return_oop=0}
                      ; - com.android.tools.r8.internal.a43::e@82 (line 10)
                      ; - com.android.tools.r8.internal.co3::a@3 (line 184)
                      ; - com.android.tools.r8.internal.co3$$Lambda/0x000000e003c47578::accept@12
                      ; - java.util.LinkedHashMap::forEach@35 (line 986)
                      ; - com.android.tools.r8.internal.co3::a@63 (line 24)
                      ;   {runtime_call UncommonTrapBlob}
  0x0000000117c4e5dc: 69a2 1797 

  0x0000000117c4e5e0: ;   {other}
  0x0000000117c4e5e0: 1f20 03d5 | 1f7a 8af2 | 1f60 90f2 | 6842 201e | e103 1caa | c900 0010 

  0x0000000117c4e5f8: ;   {runtime_call G1BarrierSetRuntime::write_ref_field_pre_entry(oopDesc*, JavaThread*)}
  0x0000000117c4e5f8: 0879 83d2 | c879 a0f2 | 2800 c0f2 | ff27 bfa9 | 0001 3fd6 

  0x0000000117c4e60c: ;   {other}
  0x0000000117c4e60c: 1f20 03d5 | 1f00 80f2 | 1f00 80f2 | ff43 0091 | 1341 201e | 33f1 ff17 | 6842 201e | e103 1caa 
  0x0000000117c4e62c: c900 0010 

  0x0000000117c4e630: ;   {runtime_call G1BarrierSetRuntime::write_ref_field_pre_entry(oopDesc*, JavaThread*)}
  0x0000000117c4e630: 0879 83d2 | c879 a0f2 | 2800 c0f2 | ff27 bfa9 | 0001 3fd6 

  0x0000000117c4e644: ;   {other}
  0x0000000117c4e644: 1f20 03d5 | 1f00 80f2 | 1f00 80f2 | ff43 0091 | 1341 201e | 63f1 ff17 | 6842 201e | e103 1caa 
  0x0000000117c4e664: c900 0010 

  0x0000000117c4e668: ;   {runtime_call G1BarrierSetRuntime::write_ref_field_pre_entry(oopDesc*, JavaThread*)}
  0x0000000117c4e668: 0879 83d2 | c879 a0f2 | 2800 c0f2 | ff27 bfa9 | 0001 3fd6 

  0x0000000117c4e67c: ;   {other}
  0x0000000117c4e67c: 1f20 03d5 | 1f00 80f2 | 1f00 80f2 | ff43 0091 | 1341 201e | 43f1 ff17 | 6842 201e | e103 1caa 
  0x0000000117c4e69c: c900 0010 

  0x0000000117c4e6a0: ;   {runtime_call G1BarrierSetRuntime::write_ref_field_pre_entry(oopDesc*, JavaThread*)}
  0x0000000117c4e6a0: 0879 83d2 | c879 a0f2 | 2800 c0f2 | ff27 bfa9 | 0001 3fd6 

  0x0000000117c4e6b4: ;   {other}
  0x0000000117c4e6b4: 1f20 03d5 | 1f00 80f2 | 1f00 80f2 | ff43 0091 | 1341 201e | 24f1 ff17 | ea13 40f9 | ea03 00f9 
  0x0000000117c4e6d4: ea2f 4329 | 4117 8012 | ea2f 0229 

  0x0000000117c4e6e0: ; ImmutableOopMap {[0]=Oop [40]=Oop [48]=Oop [64]=Oop [72]=Oop [80]=Oop [88]=Oop [96]=Oop [104]=Oop [112]=Oop [128]=Oop [144]=Oop }
                      ;*if_icmpne {reexecute=1 rethrow=0 return_oop=0}
                      ; - (reexecute) java.util.LinkedHashMap::linkNodeAtEnd@5 (line 237)
                      ; - java.util.LinkedHashMap::newNode@17 (line 283)
                      ; - java.util.HashMap::putVal@56 (line 637)
                      ; - java.util.HashMap::put@9 (line 618)
                      ; - com.android.tools.r8.internal.co3::a@152 (line 197)
                      ; - com.android.tools.r8.internal.co3$$Lambda/0x000000e003c477a0::accept@20
                      ; - java.util.LinkedHashMap::forEach@35 (line 986)
                      ; - com.android.tools.r8.internal.co3::a@77 (line 28)
                      ;   {runtime_call UncommonTrapBlob}
  0x0000000117c4e6e0: 28a2 1797 

  0x0000000117c4e6e4: ;   {other}
  0x0000000117c4e6e4: 1f20 03d5 | 9f9a 8af2 | 1f80 90f2 | 2105 8012 | fd13 40f9 

  0x0000000117c4e6f8: ; ImmutableOopMap {rfp=Oop [40]=Oop [48]=Oop [64]=Oop [72]=Oop [80]=Oop [88]=Oop [96]=Oop [104]=Oop [112]=Oop [128]=Oop [136]=Oop }
                      ;*aastore {reexecute=1 rethrow=0 return_oop=0}
                      ; - (reexecute) java.util.HashMap::putVal@59 (line 637)
                      ; - java.util.HashMap::put@9 (line 618)
                      ; - java.util.HashSet::add@8 (line 229)
                      ; - com.android.tools.r8.internal.co3::a@200 (line 211)
                      ; - com.android.tools.r8.internal.co3$$Lambda/0x000000e003c477a0::accept@20
                      ; - java.util.LinkedHashMap::forEach@35 (line 986)
                      ; - com.android.tools.r8.internal.co3::a@77 (line 28)
                      ;   {runtime_call UncommonTrapBlob}
  0x0000000117c4e6f8: 22a2 1797 

  0x0000000117c4e6fc: ;   {other}
  0x0000000117c4e6fc: 1f20 03d5 | 9f9d 8af2 | 1fa0 90f2 | 2105 8012 | fd13 40f9 

  0x0000000117c4e710: ; ImmutableOopMap {rfp=Oop [40]=Oop [48]=Oop [64]=Oop [72]=Oop [80]=Oop [88]=Oop [96]=Oop [104]=Oop [120]=Oop }
                      ;*aastore {reexecute=1 rethrow=0 return_oop=0}
                      ; - (reexecute) java.util.HashMap::putVal@59 (line 637)
                      ; - java.util.HashMap::put@9 (line 618)
                      ; - java.util.HashSet::add@8 (line 229)
                      ; - com.android.tools.r8.internal.co3::a@211 (line 212)
                      ; - com.android.tools.r8.internal.co3$$Lambda/0x000000e003c477a0::accept@20
                      ; - java.util.LinkedHashMap::forEach@35 (line 986)
                      ; - com.android.tools.r8.internal.co3::a@77 (line 28)
                      ;   {runtime_call UncommonTrapBlob}
  0x0000000117c4e710: 1ca2 1797 

  0x0000000117c4e714: ;   {other}
  0x0000000117c4e714: 1f20 03d5 | 9fa0 8af2 | 1fc0 90f2 | ea13 40f9 | 6103 8012 | ea03 00f9 

  0x0000000117c4e72c: ; ImmutableOopMap {[0]=Oop [40]=Oop [48]=Oop [64]=Oop [72]=Oop [80]=Oop [88]=Oop [96]=Oop [104]=Oop }
                      ;*aaload {reexecute=0 rethrow=0 return_oop=0}
                      ; - com.android.tools.r8.internal.a43::e@82 (line 10)
                      ; - com.android.tools.r8.internal.co3::a@3 (line 184)
                      ; - com.android.tools.r8.internal.co3$$Lambda/0x000000e003c47578::accept@12
                      ; - java.util.LinkedHashMap::forEach@35 (line 986)
                      ; - com.android.tools.r8.internal.co3::a@63 (line 24)
                      ;   {runtime_call UncommonTrapBlob}
  0x0000000117c4e72c: 15a2 1797 

  0x0000000117c4e730: ;   {other}
  0x0000000117c4e730: 1f20 03d5 | 1fa4 8af2 | 1fe0 90f2 | ea13 40f9 | 6103 8012 | ea03 00f9 

  0x0000000117c4e748: ; ImmutableOopMap {[0]=Oop [40]=Oop [48]=Oop [64]=Oop [72]=Oop [80]=Oop [88]=Oop [96]=Oop [112]=Oop }
                      ;*iaload {reexecute=0 rethrow=0 return_oop=0}
                      ; - com.android.tools.r8.internal.a43::e@105 (line 11)
                      ; - com.android.tools.r8.internal.co3::a@3 (line 184)
                      ; - com.android.tools.r8.internal.co3$$Lambda/0x000000e003c47578::accept@12
                      ; - java.util.LinkedHashMap::forEach@35 (line 986)
                      ; - com.android.tools.r8.internal.co3::a@63 (line 24)
                      ;   {runtime_call UncommonTrapBlob}
  0x0000000117c4e748: 0ea2 1797 

  0x0000000117c4e74c: ;   {other}
  0x0000000117c4e74c: 1f20 03d5 | 9fa7 8af2 | 1f00 91f2 | 6103 8012 | fd13 40f9 

  0x0000000117c4e760: ; ImmutableOopMap {rfp=Oop [40]=Oop [48]=Oop [64]=Oop [72]=Oop [80]=Oop [88]=Oop [112]=Oop }
                      ;*iaload {reexecute=0 rethrow=0 return_oop=0}
                      ; - com.android.tools.r8.internal.a43::a@32 (line 19)
                      ; - com.android.tools.r8.internal.co3::a@11 (line 184)
                      ; - com.android.tools.r8.internal.co3$$Lambda/0x000000e003c47578::accept@12
                      ; - java.util.LinkedHashMap::forEach@35 (line 986)
                      ; - com.android.tools.r8.internal.co3::a@63 (line 24)
                      ;   {runtime_call UncommonTrapBlob}
  0x0000000117c4e760: 08a2 1797 

  0x0000000117c4e764: ;   {other}
  0x0000000117c4e764: 1f20 03d5 | 9faa 8af2 | 1f20 91f2 | ea13 40f9 | ea03 00f9 | eb2b 4329 | 6103 8012 | eb2b 0229 
  0x0000000117c4e784: ; ImmutableOopMap {[0]=Oop [40]=Oop [48]=Oop [64]=Oop [72]=Oop [80]=Oop [88]=Oop [96]=Oop [104]=Oop [112]=Oop }
                      ;*aaload {reexecute=0 rethrow=0 return_oop=0}
                      ; - com.android.tools.r8.internal.a43::e@82 (line 10)
                      ; - com.android.tools.r8.internal.co3::a@68 (line 191)
                      ; - com.android.tools.r8.internal.co3$$Lambda/0x000000e003c477a0::accept@20
                      ; - java.util.LinkedHashMap::forEach@35 (line 986)
                      ; - com.android.tools.r8.internal.co3::a@77 (line 28)
                      ;   {runtime_call UncommonTrapBlob}
  0x0000000117c4e784: ffa1 1797 

  0x0000000117c4e788: ;   {other}
  0x0000000117c4e788: 1f20 03d5 | 1faf 8af2 | 1f40 91f2 | ea13 40f9 | ea03 00f9 | eb2b 4329 | 6103 8012 | eb2b 0229 
  0x0000000117c4e7a8: ; ImmutableOopMap {[0]=Oop [40]=Oop [48]=Oop [64]=Oop [72]=Oop [80]=Oop [88]=Oop [96]=Oop [104]=Oop [112]=Oop }
                      ;*aaload {reexecute=0 rethrow=0 return_oop=0}
                      ; - com.android.tools.r8.internal.a43::e@82 (line 10)
                      ; - com.android.tools.r8.internal.co3::a@68 (line 191)
                      ; - com.android.tools.r8.internal.co3$$Lambda/0x000000e003c477a0::accept@20
                      ; - java.util.LinkedHashMap::forEach@35 (line 986)
                      ; - com.android.tools.r8.internal.co3::a@77 (line 28)
                      ;   {runtime_call UncommonTrapBlob}
  0x0000000117c4e7a8: f6a1 1797 

  0x0000000117c4e7ac: ;   {other}
  0x0000000117c4e7ac: 1f20 03d5 | 9fb3 8af2 | 1f60 91f2 | ea13 40f9 | ea03 00f9 | ea2f 4329 | 6103 8012 | ea2f 0229 
  0x0000000117c4e7cc: ; ImmutableOopMap {[0]=Oop [40]=Oop [48]=Oop [64]=Oop [72]=Oop [80]=Oop [88]=Oop [96]=Oop [112]=Oop [136]=Oop }
                      ;*iaload {reexecute=0 rethrow=0 return_oop=0}
                      ; - com.android.tools.r8.internal.a43::e@105 (line 11)
                      ; - com.android.tools.r8.internal.co3::a@68 (line 191)
                      ; - com.android.tools.r8.internal.co3$$Lambda/0x000000e003c477a0::accept@20
                      ; - java.util.LinkedHashMap::forEach@35 (line 986)
                      ; - com.android.tools.r8.internal.co3::a@77 (line 28)
                      ;   {runtime_call UncommonTrapBlob}
  0x0000000117c4e7cc: eda1 1797 

  0x0000000117c4e7d0: ;   {other}
  0x0000000117c4e7d0: 1f20 03d5 | 1fb8 8af2 | 1f80 91f2 | 2101 8012 

  0x0000000117c4e7e0: ; ImmutableOopMap {}
                      ;*invokevirtual replaceAll {reexecute=0 rethrow=0 return_oop=0}
                      ; - com.android.tools.r8.internal.co3::a@285 (line 45)
                      ;   {runtime_call UncommonTrapBlob}
  0x0000000117c4e7e0: e8a1 1797 

  0x0000000117c4e7e4: ;   {other}
  0x0000000117c4e7e4: 1f20 03d5 | 9fba 8af2 | 1fa0 91f2 | 4117 8012 | fd13 40f9 

  0x0000000117c4e7f8: ; ImmutableOopMap {rfp=Oop [40]=Oop [48]=Oop [64]=Oop [72]=Oop [80]=Oop [88]=Oop [96]=Oop [112]=Oop [128]=Oop }
                      ;*ifne {reexecute=1 rethrow=0 return_oop=0}
                      ; - (reexecute) java.util.HashMap::putVal@16 (line 634)
                      ; - java.util.HashMap::put@9 (line 618)
                      ; - java.util.HashSet::add@8 (line 229)
                      ; - com.android.tools.r8.internal.co3::a@200 (line 211)
                      ; - com.android.tools.r8.internal.co3$$Lambda/0x000000e003c477a0::accept@20
                      ; - java.util.LinkedHashMap::forEach@35 (line 986)
                      ; - com.android.tools.r8.internal.co3::a@77 (line 28)
                      ;   {runtime_call UncommonTrapBlob}
  0x0000000117c4e7f8: e2a1 1797 

  0x0000000117c4e7fc: ;   {other}
  0x0000000117c4e7fc: 1f20 03d5 | 9fbd 8af2 | 1fc0 91f2 | 4117 8012 | fd13 40f9 

  0x0000000117c4e810: ; ImmutableOopMap {rfp=Oop [40]=Oop [48]=Oop [64]=Oop [72]=Oop [80]=Oop [88]=Oop [96]=Oop [128]=Oop }
                      ;*ifne {reexecute=1 rethrow=0 return_oop=0}
                      ; - (reexecute) java.util.HashMap::putVal@16 (line 634)
                      ; - java.util.HashMap::put@9 (line 618)
                      ; - java.util.HashSet::add@8 (line 229)
                      ; - com.android.tools.r8.internal.co3::a@211 (line 212)
                      ; - com.android.tools.r8.internal.co3$$Lambda/0x000000e003c477a0::accept@20
                      ; - java.util.LinkedHashMap::forEach@35 (line 986)
                      ; - com.android.tools.r8.internal.co3::a@77 (line 28)
                      ;   {runtime_call UncommonTrapBlob}
  0x0000000117c4e810: dca1 1797 

  0x0000000117c4e814: ;   {other}
  0x0000000117c4e814: 1f20 03d5 | 9fc0 8af2 | 1fe0 91f2 | e103 1caa | c900 0010 

  0x0000000117c4e828: ;   {runtime_call G1BarrierSetRuntime::write_ref_field_pre_entry(oopDesc*, JavaThread*)}
  0x0000000117c4e828: 0879 83d2 | c879 a0f2 | 2800 c0f2 | ff27 bfa9 | 0001 3fd6 

  0x0000000117c4e83c: ;   {other}
  0x0000000117c4e83c: 1f20 03d5 | 1f00 80f2 | 1f00 80f2 | ff43 0091 | c4f2 ff17 | e103 1caa | c900 0010 

  0x0000000117c4e858: ;   {runtime_call G1BarrierSetRuntime::write_ref_field_pre_entry(oopDesc*, JavaThread*)}
  0x0000000117c4e858: 0879 83d2 | c879 a0f2 | 2800 c0f2 | ff27 bfa9 | 0001 3fd6 

  0x0000000117c4e86c: ;   {other}
  0x0000000117c4e86c: 1f20 03d5 | 1f00 80f2 | 1f00 80f2 | ff43 0091 | 34f3 ff17 | 2101 8012 

  0x0000000117c4e884: ; ImmutableOopMap {rfp=Oop [96]=Oop }
                      ;*invokeinterface put {reexecute=0 rethrow=0 return_oop=0}
                      ; - com.android.tools.r8.internal.co3::a@125 (line 195)
                      ; - com.android.tools.r8.internal.co3$$Lambda/0x000000e003c477a0::accept@20
                      ; - java.util.LinkedHashMap::forEach@35 (line 986)
                      ; - com.android.tools.r8.internal.co3::a@77 (line 28)
                      ;   {runtime_call UncommonTrapBlob}
  0x0000000117c4e884: bfa1 1797 

  0x0000000117c4e888: ;   {other}
  0x0000000117c4e888: 1f20 03d5 | 1fcf 8af2 | 1f00 92f2 | 2101 8012 

  0x0000000117c4e898: ; ImmutableOopMap {rfp=Oop [96]=Oop }
                      ;*invokevirtual put {reexecute=0 rethrow=0 return_oop=0}
                      ; - com.android.tools.r8.internal.co3::a@137 (line 196)
                      ; - com.android.tools.r8.internal.co3$$Lambda/0x000000e003c477a0::accept@20
                      ; - java.util.LinkedHashMap::forEach@35 (line 986)
                      ; - com.android.tools.r8.internal.co3::a@77 (line 28)
                      ;   {runtime_call UncommonTrapBlob}
  0x0000000117c4e898: baa1 1797 

  0x0000000117c4e89c: ;   {other}
  0x0000000117c4e89c: 1f20 03d5 | 9fd1 8af2 | 1f20 92f2 | fd03 0daa | 2101 8012 

  0x0000000117c4e8b0: ; ImmutableOopMap {rfp=Oop }
                      ;*invokeinterface add {reexecute=0 rethrow=0 return_oop=0}
                      ; - com.android.tools.r8.internal.co3::a@250 (line 42)
                      ;   {runtime_call UncommonTrapBlob}
  0x0000000117c4e8b0: b4a1 1797 

  0x0000000117c4e8b4: ;   {other}
  0x0000000117c4e8b4: 1f20 03d5 | 9fd4 8af2 | 1f40 92f2 | 2101 8012 

  0x0000000117c4e8c4: ; ImmutableOopMap {rfp=Oop }
                      ;*invokeinterface add {reexecute=0 rethrow=0 return_oop=0}
                      ; - com.android.tools.r8.internal.co3::a@260 (line 43)
                      ;   {runtime_call UncommonTrapBlob}
  0x0000000117c4e8c4: afa1 1797 

  0x0000000117c4e8c8: ;   {other}
  0x0000000117c4e8c8: 1f20 03d5 | 1fd7 8af2 | 1f60 92f2 | 6842 201e | e103 1caa | c900 0010 

  0x0000000117c4e8e0: ;   {runtime_call G1BarrierSetRuntime::write_ref_field_pre_entry(oopDesc*, JavaThread*)}
  0x0000000117c4e8e0: 0879 83d2 | c879 a0f2 | 2800 c0f2 | ff27 bfa9 | 0001 3fd6 

  0x0000000117c4e8f4: ;   {other}
  0x0000000117c4e8f4: 1f20 03d5 | 1f00 80f2 | 1f00 80f2 | ff43 0091 | 1341 201e | eaf1 ff17 | 6942 201e | e103 1caa 
  0x0000000117c4e914: c900 0010 

  0x0000000117c4e918: ;   {runtime_call G1BarrierSetRuntime::write_ref_field_pre_entry(oopDesc*, JavaThread*)}
  0x0000000117c4e918: 0879 83d2 | c879 a0f2 | 2800 c0f2 | ff27 bfa9 | 0001 3fd6 

  0x0000000117c4e92c: ;   {other}
  0x0000000117c4e92c: 1f20 03d5 | 1f00 80f2 | 1f00 80f2 | ff43 0091 | 3341 201e | 93f1 ff17 | f603 10aa | f503 0daa 
  0x0000000117c4e94c: f403 0caa | e103 1caa | c900 0010 

  0x0000000117c4e958: ;   {runtime_call G1BarrierSetRuntime::write_ref_field_pre_entry(oopDesc*, JavaThread*)}
  0x0000000117c4e958: 0879 83d2 | c879 a0f2 | 2800 c0f2 | ff27 bfa9 | 0001 3fd6 

  0x0000000117c4e96c: ;   {other}
  0x0000000117c4e96c: 1f20 03d5 | 1f00 80f2 | 1f00 80f2 | ff43 0091 | ec03 14aa | ed03 15aa | f003 16aa | 4af4 ff17 
  0x0000000117c4e98c: f603 10aa | f503 0daa | f303 0caa | e103 1caa | c900 0010 

  0x0000000117c4e9a0: ;   {runtime_call G1BarrierSetRuntime::write_ref_field_pre_entry(oopDesc*, JavaThread*)}
  0x0000000117c4e9a0: 0879 83d2 | c879 a0f2 | 2800 c0f2 | ff27 bfa9 | 0001 3fd6 

  0x0000000117c4e9b4: ;   {other}
  0x0000000117c4e9b4: 1f20 03d5 | 1f00 80f2 | 1f00 80f2 | ff43 0091 | ec03 13aa | ed03 15aa | f003 16aa | 81f4 ff17 
  0x0000000117c4e9d4: 6842 201e | e103 1caa | c900 0010 

  0x0000000117c4e9e0: ;   {runtime_call G1BarrierSetRuntime::write_ref_field_pre_entry(oopDesc*, JavaThread*)}
  0x0000000117c4e9e0: 0879 83d2 | c879 a0f2 | 2800 c0f2 | ff27 bfa9 | 0001 3fd6 

  0x0000000117c4e9f4: ;   {other}
  0x0000000117c4e9f4: 1f20 03d5 | 1f00 80f2 | 1f00 80f2 | ff43 0091 | 1341 201e | 18f5 ff17 | 6842 201e | e103 1caa 
  0x0000000117c4ea14: c900 0010 

  0x0000000117c4ea18: ;   {runtime_call G1BarrierSetRuntime::write_ref_field_pre_entry(oopDesc*, JavaThread*)}
  0x0000000117c4ea18: 0879 83d2 | c879 a0f2 | 2800 c0f2 | ff27 bfa9 | 0001 3fd6 

  0x0000000117c4ea2c: ;   {other}
  0x0000000117c4ea2c: 1f20 03d5 | 1f00 80f2 | 1f00 80f2 | ff43 0091 | 1341 201e | d2f4 ff17 | 6842 201e | e103 1caa 
  0x0000000117c4ea4c: c900 0010 

  0x0000000117c4ea50: ;   {runtime_call G1BarrierSetRuntime::write_ref_field_pre_entry(oopDesc*, JavaThread*)}
  0x0000000117c4ea50: 0879 83d2 | c879 a0f2 | 2800 c0f2 | ff27 bfa9 | 0001 3fd6 

  0x0000000117c4ea64: ;   {other}
  0x0000000117c4ea64: 1f20 03d5 | 1f00 80f2 | 1f00 80f2 | ff43 0091 | 1341 201e | dbf4 ff17 | 6842 201e | e103 1caa 
  0x0000000117c4ea84: c900 0010 

  0x0000000117c4ea88: ;   {runtime_call G1BarrierSetRuntime::write_ref_field_pre_entry(oopDesc*, JavaThread*)}
  0x0000000117c4ea88: 0879 83d2 | c879 a0f2 | 2800 c0f2 | ff27 bfa9 | 0001 3fd6 

  0x0000000117c4ea9c: ;   {other}
  0x0000000117c4ea9c: 1f20 03d5 | 1f00 80f2 | 1f00 80f2 | ff43 0091 | 1341 201e | def4 ff17 | ea13 40f9 | ea03 00f9 
  0x0000000117c4eabc: eb2b 4329 | 4117 8012 | eb2b 0229 

  0x0000000117c4eac8: ; ImmutableOopMap {[0]=Oop [40]=Oop [48]=Oop [64]=Oop [72]=Oop [80]=Oop [88]=Oop [96]=Oop [104]=Oop [112]=Oop [128]=Oop [136]=Oop [144]=Oop }
                      ;*if_icmpne {reexecute=1 rethrow=0 return_oop=0}
                      ; - (reexecute) java.util.LinkedHashMap::linkNodeAtEnd@5 (line 237)
                      ; - java.util.LinkedHashMap::newNode@17 (line 283)
                      ; - java.util.HashMap::putVal@152 (line 648)
                      ; - java.util.HashMap::put@9 (line 618)
                      ; - com.android.tools.r8.internal.co3::a@152 (line 197)
                      ; - com.android.tools.r8.internal.co3$$Lambda/0x000000e003c477a0::accept@20
                      ; - java.util.LinkedHashMap::forEach@35 (line 986)
                      ; - com.android.tools.r8.internal.co3::a@77 (line 28)
                      ;   {runtime_call UncommonTrapBlob}
  0x0000000117c4eac8: 2ea1 1797 

  0x0000000117c4eacc: ;   {other}
  0x0000000117c4eacc: 1f20 03d5 | 9f17 8bf2 | 1f80 92f2 | 6103 8012 | fd13 40f9 

  0x0000000117c4eae0: ; ImmutableOopMap {rfp=Oop [40]=Oop [48]=Oop [64]=Oop [72]=Oop [80]=Oop [88]=Oop [112]=Oop [120]=Oop }
                      ;*aaload {reexecute=0 rethrow=0 return_oop=0}
                      ; - java.util.IdentityHashMap::put@47 (line 446)
                      ; - com.android.tools.r8.internal.co3::a@164 (line 198)
                      ; - com.android.tools.r8.internal.co3$$Lambda/0x000000e003c477a0::accept@20
                      ; - java.util.LinkedHashMap::forEach@35 (line 986)
                      ; - com.android.tools.r8.internal.co3::a@77 (line 28)
                      ;   {runtime_call UncommonTrapBlob}
  0x0000000117c4eae0: 28a1 1797 

  0x0000000117c4eae4: ;   {other}
  0x0000000117c4eae4: 1f20 03d5 | 9f1a 8bf2 | 1fa0 92f2 | ea47 40f9 | 4a01 40b9 | 5df1 7dd3 | ea13 40f9 | ea03 00f9 
  0x0000000117c4eb04: ea2f 4329 | 2105 8012 | ea2f 0229 

  0x0000000117c4eb10: ; ImmutableOopMap {rfp=Oop [0]=Oop [40]=Oop [48]=Oop [64]=Oop [72]=Oop [80]=Oop [88]=Oop [112]=Oop [120]=Oop }
                      ;*aastore {reexecute=1 rethrow=0 return_oop=0}
                      ; - (reexecute) java.util.IdentityHashMap::put@57 (line 447)
                      ; - com.android.tools.r8.internal.co3::a@164 (line 198)
                      ; - com.android.tools.r8.internal.co3$$Lambda/0x000000e003c477a0::accept@20
                      ; - java.util.LinkedHashMap::forEach@35 (line 986)
                      ; - com.android.tools.r8.internal.co3::a@77 (line 28)
                      ;   {runtime_call UncommonTrapBlob}
  0x0000000117c4eb10: 1ca1 1797 

  0x0000000117c4eb14: ;   {other}
  0x0000000117c4eb14: 1f20 03d5 | 9f20 8bf2 | 1fc0 92f2 | 6842 201e | e103 1caa | c900 0010 

  0x0000000117c4eb2c: ;   {runtime_call G1BarrierSetRuntime::write_ref_field_pre_entry(oopDesc*, JavaThread*)}
  0x0000000117c4eb2c: 0879 83d2 | c879 a0f2 | 2800 c0f2 | ff27 bfa9 | 0001 3fd6 

  0x0000000117c4eb40: ;   {other}
  0x0000000117c4eb40: 1f20 03d5 | 1f00 80f2 | 1f00 80f2 | ff43 0091 | 1341 201e | 9ff5 ff17 | e103 1caa | c900 0010 
  0x0000000117c4eb60: ;   {runtime_call G1BarrierSetRuntime::write_ref_field_pre_entry(oopDesc*, JavaThread*)}
  0x0000000117c4eb60: 0879 83d2 | c879 a0f2 | 2800 c0f2 | ff27 bfa9 | 0001 3fd6 

  0x0000000117c4eb74: ;   {other}
  0x0000000117c4eb74: 1f20 03d5 | 1f00 80f2 | 1f00 80f2 | ff43 0091 | 25f5 ff17 | e103 1caa | c900 0010 

  0x0000000117c4eb90: ;   {runtime_call G1BarrierSetRuntime::write_ref_field_pre_entry(oopDesc*, JavaThread*)}
  0x0000000117c4eb90: 0879 83d2 | c879 a0f2 | 2800 c0f2 | ff27 bfa9 | 0001 3fd6 

  0x0000000117c4eba4: ;   {other}
  0x0000000117c4eba4: 1f20 03d5 | 1f00 80f2 | 1f00 80f2 | ff43 0091 | 5ef5 ff17 | 6842 201e | e103 1caa | c900 0010 
  0x0000000117c4ebc4: ;   {runtime_call G1BarrierSetRuntime::write_ref_field_pre_entry(oopDesc*, JavaThread*)}
  0x0000000117c4ebc4: 0879 83d2 | c879 a0f2 | 2800 c0f2 | ff27 bfa9 | 0001 3fd6 

  0x0000000117c4ebd8: ;   {other}
  0x0000000117c4ebd8: 1f20 03d5 | 1f00 80f2 | 1f00 80f2 | ff43 0091 | 1341 201e | 9df5 ff17 | e103 1caa | c900 0010 
  0x0000000117c4ebf8: ;   {runtime_call G1BarrierSetRuntime::write_ref_field_pre_entry(oopDesc*, JavaThread*)}
  0x0000000117c4ebf8: 0879 83d2 | c879 a0f2 | 2800 c0f2 | ff27 bfa9 | 0001 3fd6 

  0x0000000117c4ec0c: ;   {other}
  0x0000000117c4ec0c: 1f20 03d5 | 1f00 80f2 | 1f00 80f2 | ff43 0091 | 5af6 ff17 | 6842 201e | e103 1caa | c900 0010 
  0x0000000117c4ec2c: ;   {runtime_call G1BarrierSetRuntime::write_ref_field_pre_entry(oopDesc*, JavaThread*)}
  0x0000000117c4ec2c: 0879 83d2 | c879 a0f2 | 2800 c0f2 | ff27 bfa9 | 0001 3fd6 

  0x0000000117c4ec40: ;   {other}
  0x0000000117c4ec40: 1f20 03d5 | 1f00 80f2 | 1f00 80f2 | ff43 0091 | 1341 201e | 89f1 ff17 | 6103 8012 | fd13 40f9 
  0x0000000117c4ec60: ; ImmutableOopMap {rfp=Oop [40]=Oop [48]=Oop [64]=Oop [72]=Oop [80]=Oop [88]=Oop [112]=Oop }
                      ;*lastore {reexecute=0 rethrow=0 return_oop=0}
                      ; - com.android.tools.r8.internal.a43::a@54 (line 7)
                      ; - com.android.tools.r8.internal.a43::a@18 (line 16)
                      ; - com.android.tools.r8.internal.co3::a@11 (line 184)
                      ; - com.android.tools.r8.internal.co3$$Lambda/0x000000e003c47578::accept@12
                      ; - java.util.LinkedHashMap::forEach@35 (line 986)
                      ; - com.android.tools.r8.internal.co3::a@63 (line 24)
                      ;   {runtime_call UncommonTrapBlob}
  0x0000000117c4ec60: c8a0 1797 

  0x0000000117c4ec64: ;   {other}
  0x0000000117c4ec64: 1f20 03d5 | 9f4a 8bf2 | 1fe0 92f2 | 6842 201e | e103 1caa | c900 0010 

  0x0000000117c4ec7c: ;   {runtime_call G1BarrierSetRuntime::write_ref_field_pre_entry(oopDesc*, JavaThread*)}
  0x0000000117c4ec7c: 0879 83d2 | c879 a0f2 | 2800 c0f2 | ff27 bfa9 | 0001 3fd6 

  0x0000000117c4ec90: ;   {other}
  0x0000000117c4ec90: 1f20 03d5 | 1f00 80f2 | 1f00 80f2 | ff43 0091 | 1341 201e | 5af6 ff17 | 6b01 0034 | 7f05 0071 
  0x0000000117c4ecb0: a000 0054 | 5f05 0031 | 8005 0054 | ea03 0032 | 2ced ff17 | 5f05 0031 | c004 0054 | ea03 0032 
  0x0000000117c4ecd0: 28ed ff17 | 5f05 0031 | 0004 0054 | ea03 0032 | 24ed ff17 | 6b01 0034 | 7f05 0071 | a000 0054 
  0x0000000117c4ecf0: 5f05 0031 | 2004 0054 | ea03 0032 | 01f3 ff17 | 5f05 0031 | e003 0054 | ea03 0032 | fdf2 ff17 
  0x0000000117c4ed10: 5f05 0031 | e002 0054 | ea03 0032 | f9f2 ff17 | 6842 201e | e103 1caa | c900 0010 

  0x0000000117c4ed2c: ;   {runtime_call G1BarrierSetRuntime::write_ref_field_pre_entry(oopDesc*, JavaThread*)}
  0x0000000117c4ed2c: 0879 83d2 | c879 a0f2 | 2800 c0f2 | ff27 bfa9 | 0001 3fd6 

  0x0000000117c4ed40: ;   {other}
  0x0000000117c4ed40: 1f20 03d5 | 1f00 80f2 | 1f00 80f2 | ff43 0091 | 1341 201e | d6f8 ff17 | ea03 1f2a | 05ed ff17 
  0x0000000117c4ed60: ea03 1f2a | 03ed ff17 | ea03 1f2a | 01ed ff17 | ea03 1f2a | e3f2 ff17 | ea03 1f2a | e1f2 ff17 
  0x0000000117c4ed80: ea03 1f2a | dff2 ff17 | fd03 13aa | 2104 8012 

  0x0000000117c4ed90: ; ImmutableOopMap {rfp=Oop [0]=Oop }
                      ;*checkcast {reexecute=0 rethrow=0 return_oop=0}
                      ; - com.android.tools.r8.internal.co3::a@5 (line 18)
                      ;   {runtime_call UncommonTrapBlob}
  0x0000000117c4ed90: 7ca0 1797 

  0x0000000117c4ed94: ;   {other}
  0x0000000117c4ed94: 1f20 03d5 | 9f70 8bf2 | 1f00 93f2 | f117 00f9 | ee23 00b9 | f353 01a9 | 2104 8012 | ec2f 0029 
  0x0000000117c4edb4: ed07 00f9 

  0x0000000117c4edb8: ; ImmutableOopMap {[8]=Oop [16]=Oop [24]=Oop [40]=Oop }
                      ;*checkcast {reexecute=0 rethrow=0 return_oop=0}
                      ; - com.android.tools.r8.internal.co3::a@40 (line 21)
                      ;   {runtime_call UncommonTrapBlob}
  0x0000000117c4edb8: 72a0 1797 

  0x0000000117c4edbc: ;   {other}
  0x0000000117c4edbc: 1f20 03d5 | 9f75 8bf2 | 1f20 93f2 | f1c3 02a9 | ee23 00b9 | f353 01a9 | 2104 8012 | ec2f 0029 
  0x0000000117c4eddc: ed07 00f9 

  0x0000000117c4ede0: ; ImmutableOopMap {[8]=Oop [16]=Oop [24]=Oop [40]=Oop [48]=Oop }
                      ;*checkcast {reexecute=0 rethrow=0 return_oop=0}
                      ; - com.android.tools.r8.internal.co3::a@47 (line 23)
                      ;   {runtime_call UncommonTrapBlob}
  0x0000000117c4ede0: 68a0 1797 

  0x0000000117c4ede4: ;   {other}
  0x0000000117c4ede4: 1f20 03d5 | 9f7a 8bf2 | 1f40 93f2 | 2101 8012 

  0x0000000117c4edf4: ; ImmutableOopMap {}
                      ;*arraylength {reexecute=0 rethrow=0 return_oop=0}
                      ; - java.util.ArrayList$Itr::next@38 (line 1054)
                      ; - com.android.tools.r8.internal.co3::a@35 (line 21)
                      ;   {runtime_call UncommonTrapBlob}
  0x0000000117c4edf4: 63a0 1797 

  0x0000000117c4edf8: ;   {other}
  0x0000000117c4edf8: 1f20 03d5 | 1f7d 8bf2 | 1f60 93f2 | ee23 00b9 | f353 01a9 | 6101 8012 | ec2f 0029 | ed07 00f9 
  0x0000000117c4ee18: ; ImmutableOopMap {[8]=Oop [16]=Oop [24]=Oop }
                      ;*checkcast {reexecute=0 rethrow=0 return_oop=0}
                      ; - com.android.tools.r8.internal.co3::a@40 (line 21)
                      ;   {runtime_call UncommonTrapBlob}
  0x0000000117c4ee18: 5aa0 1797 

  0x0000000117c4ee1c: ;   {other}
  0x0000000117c4ee1c: 1f20 03d5 | 9f81 8bf2 | 1f80 93f2 | f117 00f9 | ee23 00b9 | f353 01a9 | 6101 8012 | ec2f 0029 
  0x0000000117c4ee3c: ed07 00f9 

  0x0000000117c4ee40: ; ImmutableOopMap {[8]=Oop [16]=Oop [24]=Oop [40]=Oop }
                      ;*checkcast {reexecute=0 rethrow=0 return_oop=0}
                      ; - com.android.tools.r8.internal.co3::a@47 (line 23)
                      ;   {runtime_call UncommonTrapBlob}
  0x0000000117c4ee40: 50a0 1797 

  0x0000000117c4ee44: ;   {other}
  0x0000000117c4ee44: 1f20 03d5 | 9f86 8bf2 | 1fa0 93f2 | fd03 14aa | 2101 8012 

  0x0000000117c4ee58: ; ImmutableOopMap {rfp=Oop }
                      ;*invokevirtual forEach {reexecute=0 rethrow=0 return_oop=0}
                      ; - com.android.tools.r8.internal.co3::a@63 (line 24)
                      ;   {runtime_call UncommonTrapBlob}
  0x0000000117c4ee58: 4aa0 1797 

  0x0000000117c4ee5c: ;   {other}
  0x0000000117c4ee5c: 1f20 03d5 | 9f89 8bf2 | 1fc0 93f2 | 2101 8012 | fd13 40f9 

  0x0000000117c4ee70: ; ImmutableOopMap {rfp=Oop [40]=Oop [48]=Oop }
                      ;*invokevirtual forEach {reexecute=0 rethrow=0 return_oop=0}
                      ; - com.android.tools.r8.internal.co3::a@77 (line 28)
                      ;   {runtime_call UncommonTrapBlob}
  0x0000000117c4ee70: 44a0 1797 

  0x0000000117c4ee74: ;   {other}
  0x0000000117c4ee74: 1f20 03d5 | 9f8c 8bf2 | 1fe0 93f2 | 2101 8012 

  0x0000000117c4ee84: ; ImmutableOopMap {}
                      ;*getfield d {reexecute=1 rethrow=0 return_oop=0}
                      ; - (reexecute) com.android.tools.r8.internal.co3::a@2 (line 17)
                      ;   {runtime_call UncommonTrapBlob}
  0x0000000117c4ee84: 3fa0 1797 

  0x0000000117c4ee88: ;   {other}
  0x0000000117c4ee88: 1f20 03d5 | 1f8f 8bf2 | 1f00 94f2 | 6101 8012 

  0x0000000117c4ee98: ; ImmutableOopMap {[0]=Oop }
                      ;*checkcast {reexecute=0 rethrow=0 return_oop=0}
                      ; - com.android.tools.r8.internal.co3::a@5 (line 18)
                      ;   {runtime_call UncommonTrapBlob}
  0x0000000117c4ee98: 3aa0 1797 

  0x0000000117c4ee9c: ;   {other}
  0x0000000117c4ee9c: 1f20 03d5 | 9f91 8bf2 | 1f20 94f2 | 2101 8012 

  0x0000000117c4eeac: ; ImmutableOopMap {}
                      ;*invokeinterface iterator {reexecute=0 rethrow=0 return_oop=0}
                      ; - com.android.tools.r8.internal.co3::a@19 (line 21)
                      ;   {runtime_call UncommonTrapBlob}
  0x0000000117c4eeac: 35a0 1797 

  0x0000000117c4eeb0: ;   {other}
  0x0000000117c4eeb0: 1f20 03d5 | 1f94 8bf2 | 1f40 94f2 | 2101 8012 

  0x0000000117c4eec0: ; ImmutableOopMap {}
                      ;*getfield j {reexecute=1 rethrow=0 return_oop=0}
                      ; - (reexecute) com.android.tools.r8.internal.f61::<init>@26 (line 95)
                      ; - com.android.tools.r8.internal.u33::<init>@7 (line 1)
                      ; - com.android.tools.r8.internal.co3::a@113 (line 33)
                      ;   {runtime_call UncommonTrapBlob}
  0x0000000117c4eec0: 30a0 1797 

  0x0000000117c4eec4: ;   {other}
  0x0000000117c4eec4: 1f20 03d5 | 9f96 8bf2 | 1f60 94f2 | ea13 40f9 | 6101 8012 | eaab 00a9 

  0x0000000117c4eedc: ; ImmutableOopMap {rfp=Oop [8]=Oop [16]=Oop [40]=Oop [48]=Oop [64]=Oop [72]=Oop [80]=Oop [88]=Oop }
                      ;*checkcast {reexecute=0 rethrow=0 return_oop=0}
                      ; - com.android.tools.r8.internal.co3$$Lambda/0x000000e003c477a0::accept@13
                      ; - java.util.LinkedHashMap::forEach@35 (line 986)
                      ; - com.android.tools.r8.internal.co3::a@77 (line 28)
                      ;   {runtime_call UncommonTrapBlob}
  0x0000000117c4eedc: 29a0 1797 

  0x0000000117c4eee0: ;   {other}
  0x0000000117c4eee0: 1f20 03d5 | 1f9a 8bf2 | 1f80 94f2 | eb2b 4329 | 6101 8012 | fd13 40f9 | eb2b 0229 

  0x0000000117c4eefc: ; ImmutableOopMap {rfp=Oop [40]=Oop [48]=Oop [64]=Oop [72]=Oop [80]=Oop [88]=Oop [96]=Oop }
                      ;*checkcast {reexecute=0 rethrow=0 return_oop=0}
                      ; - com.android.tools.r8.internal.co3$$Lambda/0x000000e003c477a0::accept@17
                      ; - java.util.LinkedHashMap::forEach@35 (line 986)
                      ; - com.android.tools.r8.internal.co3::a@77 (line 28)
                      ;   {runtime_call UncommonTrapBlob}
  0x0000000117c4eefc: 21a0 1797 

  0x0000000117c4ef00: ;   {other}
  0x0000000117c4ef00: 1f20 03d5 | 1f9e 8bf2 | 1fa0 94f2 | 2101 8012 

  0x0000000117c4ef10: ; ImmutableOopMap {[96]=Oop }
                      ;*invokevirtual get {reexecute=0 rethrow=0 return_oop=0}
                      ; - com.android.tools.r8.internal.co3::a@5 (line 185)
                      ; - com.android.tools.r8.internal.co3$$Lambda/0x000000e003c477a0::accept@20
                      ; - java.util.LinkedHashMap::forEach@35 (line 986)
                      ; - com.android.tools.r8.internal.co3::a@77 (line 28)
                      ;   {runtime_call UncommonTrapBlob}
  0x0000000117c4ef10: 1ca0 1797 

  0x0000000117c4ef14: ;   {other}
  0x0000000117c4ef14: 1f20 03d5 | 9fa0 8bf2 | 1fc0 94f2 | 2101 8012 

  0x0000000117c4ef24: ; ImmutableOopMap {[96]=Oop }
                      ;*invokevirtual get {reexecute=0 rethrow=0 return_oop=0}
                      ; - com.android.tools.r8.internal.co3::a@16 (line 186)
                      ; - com.android.tools.r8.internal.co3$$Lambda/0x000000e003c477a0::accept@20
                      ; - java.util.LinkedHashMap::forEach@35 (line 986)
                      ; - com.android.tools.r8.internal.co3::a@77 (line 28)
                      ;   {runtime_call UncommonTrapBlob}
  0x0000000117c4ef24: 17a0 1797 

  0x0000000117c4ef28: ;   {other}
  0x0000000117c4ef28: 1f20 03d5 | 1fa3 8bf2 | 1fe0 94f2 | 2101 8012 

  0x0000000117c4ef38: ; ImmutableOopMap {}
                      ;*arraylength {reexecute=0 rethrow=0 return_oop=0}
                      ; - java.util.IdentityHashMap::get@11 (line 339)
                      ; - com.android.tools.r8.internal.co3::a@16 (line 186)
                      ; - com.android.tools.r8.internal.co3$$Lambda/0x000000e003c477a0::accept@20
                      ; - java.util.LinkedHashMap::forEach@35 (line 986)
                      ; - com.android.tools.r8.internal.co3::a@77 (line 28)
                      ;   {runtime_call UncommonTrapBlob}
  0x0000000117c4ef38: 12a0 1797 

  0x0000000117c4ef3c: ;   {other}
  0x0000000117c4ef3c: 1f20 03d5 | 9fa5 8bf2 | 1f00 95f2 | ea13 40f9 | 6101 8012 | ea03 00f9 

  0x0000000117c4ef54: ; ImmutableOopMap {rfp=Oop [0]=Oop [40]=Oop [48]=Oop [64]=Oop [72]=Oop [80]=Oop [88]=Oop }
                      ;*checkcast {reexecute=0 rethrow=0 return_oop=0}
                      ; - com.android.tools.r8.internal.co3$$Lambda/0x000000e003c47578::accept@5
                      ; - java.util.LinkedHashMap::forEach@35 (line 986)
                      ; - com.android.tools.r8.internal.co3::a@63 (line 24)
                      ;   {runtime_call UncommonTrapBlob}
  0x0000000117c4ef54: 0ba0 1797 

  0x0000000117c4ef58: ;   {other}
  0x0000000117c4ef58: 1f20 03d5 | 1fa9 8bf2 | 1f20 95f2 | 6101 8012 | fd13 40f9 

  0x0000000117c4ef6c: ; ImmutableOopMap {rfp=Oop [40]=Oop [48]=Oop [64]=Oop [72]=Oop [80]=Oop [88]=Oop [96]=Oop }
                      ;*checkcast {reexecute=0 rethrow=0 return_oop=0}
                      ; - com.android.tools.r8.internal.co3$$Lambda/0x000000e003c47578::accept@9
                      ; - java.util.LinkedHashMap::forEach@35 (line 986)
                      ; - com.android.tools.r8.internal.co3::a@63 (line 24)
                      ;   {runtime_call UncommonTrapBlob}
  0x0000000117c4ef6c: 05a0 1797 

  0x0000000117c4ef70: ;   {other}
  0x0000000117c4ef70: 1f20 03d5 | 1fac 8bf2 | 1f40 95f2 | 2101 8012 

  0x0000000117c4ef80: ; ImmutableOopMap {}
                      ;*aaload {reexecute=0 rethrow=0 return_oop=0}
                      ; - com.android.tools.r8.internal.a43::e@46 (line 6)
                      ; - com.android.tools.r8.internal.co3::a@3 (line 184)
                      ; - com.android.tools.r8.internal.co3$$Lambda/0x000000e003c47578::accept@12
                      ; - java.util.LinkedHashMap::forEach@35 (line 986)
                      ; - com.android.tools.r8.internal.co3::a@63 (line 24)
                      ;   {runtime_call UncommonTrapBlob}
  0x0000000117c4ef80: 00a0 1797 

  0x0000000117c4ef84: ;   {other}
  0x0000000117c4ef84: 1f20 03d5 | 9fae 8bf2 | 1f60 95f2 | 2101 8012 

  0x0000000117c4ef94: ; ImmutableOopMap {}
                      ;*aaload {reexecute=0 rethrow=0 return_oop=0}
                      ; - com.android.tools.r8.internal.a43::h@43 (line 6)
                      ; - com.android.tools.r8.internal.a43::a@2 (line 14)
                      ; - com.android.tools.r8.internal.co3::a@11 (line 184)
                      ; - com.android.tools.r8.internal.co3$$Lambda/0x000000e003c47578::accept@12
                      ; - java.util.LinkedHashMap::forEach@35 (line 986)
                      ; - com.android.tools.r8.internal.co3::a@63 (line 24)
                      ;   {runtime_call UncommonTrapBlob}
  0x0000000117c4ef94: fb9f 1797 

  0x0000000117c4ef98: ;   {other}
  0x0000000117c4ef98: 1f20 03d5 | 1fb1 8bf2 | 1f80 95f2 | 2101 8012 

  0x0000000117c4efa8: ; ImmutableOopMap {[96]=Oop }
                      ;*aastore {reexecute=1 rethrow=0 return_oop=0}
                      ; - (reexecute) com.android.tools.r8.internal.a43::a@21 (line 2)
                      ; - com.android.tools.r8.internal.a43::a@18 (line 16)
                      ; - com.android.tools.r8.internal.co3::a@11 (line 184)
                      ; - com.android.tools.r8.internal.co3$$Lambda/0x000000e003c47578::accept@12
                      ; - java.util.LinkedHashMap::forEach@35 (line 986)
                      ; - com.android.tools.r8.internal.co3::a@63 (line 24)
                      ;   {runtime_call UncommonTrapBlob}
  0x0000000117c4efa8: f69f 1797 

  0x0000000117c4efac: ;   {other}
  0x0000000117c4efac: 1f20 03d5 | 9fb3 8bf2 | 1fa0 95f2 | 2101 8012 

  0x0000000117c4efbc: ; ImmutableOopMap {}
                      ;*laload {reexecute=0 rethrow=0 return_oop=0}
                      ; - com.android.tools.r8.internal.a43::a@74 (line 9)
                      ; - com.android.tools.r8.internal.a43::a@18 (line 16)
                      ; - com.android.tools.r8.internal.co3::a@11 (line 184)
                      ; - com.android.tools.r8.internal.co3$$Lambda/0x000000e003c47578::accept@12
                      ; - java.util.LinkedHashMap::forEach@35 (line 986)
                      ; - com.android.tools.r8.internal.co3::a@63 (line 24)
                      ;   {runtime_call UncommonTrapBlob}
  0x0000000117c4efbc: f19f 1797 

  0x0000000117c4efc0: ;   {other}
  0x0000000117c4efc0: 1f20 03d5 | 1fb6 8bf2 | 1fc0 95f2 | 2101 8012 

  0x0000000117c4efd0: ; ImmutableOopMap {}
                      ;*aaload {reexecute=0 rethrow=0 return_oop=0}
                      ; - com.android.tools.r8.internal.a43::e@46 (line 6)
                      ; - com.android.tools.r8.internal.co3::a@68 (line 191)
                      ; - com.android.tools.r8.internal.co3$$Lambda/0x000000e003c477a0::accept@20
                      ; - java.util.LinkedHashMap::forEach@35 (line 986)
                      ; - com.android.tools.r8.internal.co3::a@77 (line 28)
                      ;   {runtime_call UncommonTrapBlob}
  0x0000000117c4efd0: ec9f 1797 

  0x0000000117c4efd4: ;   {other}
  0x0000000117c4efd4: 1f20 03d5 | 9fb8 8bf2 | 1fe0 95f2 | 2101 8012 

  0x0000000117c4efe4: ; ImmutableOopMap {}
                      ;*iaload {reexecute=0 rethrow=0 return_oop=0}
                      ; - com.android.tools.r8.internal.a43::e@69 (line 7)
                      ; - com.android.tools.r8.internal.co3::a@3 (line 184)
                      ; - com.android.tools.r8.internal.co3$$Lambda/0x000000e003c47578::accept@12
                      ; - java.util.LinkedHashMap::forEach@35 (line 986)
                      ; - com.android.tools.r8.internal.co3::a@63 (line 24)
                      ;   {runtime_call UncommonTrapBlob}
  0x0000000117c4efe4: e79f 1797 

  0x0000000117c4efe8: ;   {other}
  0x0000000117c4efe8: 1f20 03d5 | 1fbb 8bf2 | 1f00 96f2 | 2101 8012 

  0x0000000117c4eff8: ; ImmutableOopMap {[96]=Oop [112]=Oop }
                      ;*invokeinterface put {reexecute=0 rethrow=0 return_oop=0}
                      ; - com.android.tools.r8.internal.co3::a@152 (line 197)
                      ; - com.android.tools.r8.internal.co3$$Lambda/0x000000e003c477a0::accept@20
                      ; - java.util.LinkedHashMap::forEach@35 (line 986)
                      ; - com.android.tools.r8.internal.co3::a@77 (line 28)
                      ;   {runtime_call UncommonTrapBlob}
  0x0000000117c4eff8: e29f 1797 

  0x0000000117c4effc: ;   {other}
  0x0000000117c4effc: 1f20 03d5 | 9fbd 8bf2 | 1f20 96f2 | 2101 8012 

  0x0000000117c4f00c: ; ImmutableOopMap {[96]=Oop [112]=Oop }
                      ;*invokevirtual put {reexecute=0 rethrow=0 return_oop=0}
                      ; - com.android.tools.r8.internal.co3::a@164 (line 198)
                      ; - com.android.tools.r8.internal.co3$$Lambda/0x000000e003c477a0::accept@20
                      ; - java.util.LinkedHashMap::forEach@35 (line 986)
                      ; - com.android.tools.r8.internal.co3::a@77 (line 28)
                      ;   {runtime_call UncommonTrapBlob}
  0x0000000117c4f00c: dd9f 1797 

  0x0000000117c4f010: ;   {other}
  0x0000000117c4f010: 1f20 03d5 | 1fc0 8bf2 | 1f40 96f2 | 2101 8012 

  0x0000000117c4f020: ; ImmutableOopMap {}
                      ;*arraylength {reexecute=0 rethrow=0 return_oop=0}
                      ; - java.util.IdentityHashMap::put@13 (line 439)
                      ; - com.android.tools.r8.internal.co3::a@164 (line 198)
                      ; - com.android.tools.r8.internal.co3$$Lambda/0x000000e003c477a0::accept@20
                      ; - java.util.LinkedHashMap::forEach@35 (line 986)
                      ; - com.android.tools.r8.internal.co3::a@77 (line 28)
                      ;   {runtime_call UncommonTrapBlob}
  0x0000000117c4f020: d89f 1797 

  0x0000000117c4f024: ;   {other}
  0x0000000117c4f024: 1f20 03d5 | 9fc2 8bf2 | 1f60 96f2 | 2101 8012 

  0x0000000117c4f034: ; ImmutableOopMap {}
                      ;*iaload {reexecute=0 rethrow=0 return_oop=0}
                      ; - com.android.tools.r8.internal.a43::e@69 (line 7)
                      ; - com.android.tools.r8.internal.co3::a@68 (line 191)
                      ; - com.android.tools.r8.internal.co3$$Lambda/0x000000e003c477a0::accept@20
                      ; - java.util.LinkedHashMap::forEach@35 (line 986)
                      ; - com.android.tools.r8.internal.co3::a@77 (line 28)
                      ;   {runtime_call UncommonTrapBlob}
  0x0000000117c4f034: d39f 1797 

  0x0000000117c4f038: ;   {other}
  0x0000000117c4f038: 1f20 03d5 | 1fc5 8bf2 | 1f80 96f2 | 6101 8012 

  0x0000000117c4f048: ; ImmutableOopMap {[0]=Oop [8]=Oop [16]=Oop }
                      ;*checkcast {reexecute=0 rethrow=0 return_oop=0}
                      ; - com.android.tools.r8.internal.co3::a@196 (line 37)
                      ;   {runtime_call UncommonTrapBlob}
  0x0000000117c4f048: ce9f 1797 

  0x0000000117c4f04c: ;   {other}
  0x0000000117c4f04c: 1f20 03d5 | 9fc7 8bf2 | 1fa0 96f2 | 2101 8012 

  0x0000000117c4f05c: ; ImmutableOopMap {[112]=Oop }
                      ;*invokeinterface add {reexecute=0 rethrow=0 return_oop=0}
                      ; - com.android.tools.r8.internal.co3::a@200 (line 211)
                      ; - com.android.tools.r8.internal.co3$$Lambda/0x000000e003c477a0::accept@20
                      ; - java.util.LinkedHashMap::forEach@35 (line 986)
                      ; - com.android.tools.r8.internal.co3::a@77 (line 28)
                      ;   {runtime_call UncommonTrapBlob}
  0x0000000117c4f05c: c99f 1797 

  0x0000000117c4f060: ;   {other}
  0x0000000117c4f060: 1f20 03d5 | 1fca 8bf2 | 1fc0 96f2 | 2101 8012 

  0x0000000117c4f070: ; ImmutableOopMap {[128]=Oop }
                      ;*invokeinterface add {reexecute=0 rethrow=0 return_oop=0}
                      ; - com.android.tools.r8.internal.co3::a@211 (line 212)
                      ; - com.android.tools.r8.internal.co3$$Lambda/0x000000e003c477a0::accept@20
                      ; - java.util.LinkedHashMap::forEach@35 (line 986)
                      ; - com.android.tools.r8.internal.co3::a@77 (line 28)
                      ;   {runtime_call UncommonTrapBlob}
  0x0000000117c4f070: c49f 1797 

  0x0000000117c4f074: ;   {other}
  0x0000000117c4f074: 1f20 03d5 | 9fcc 8bf2 | 1fe0 96f2 | 2101 8012 

  0x0000000117c4f084: ; ImmutableOopMap {}
                      ;*iaload {reexecute=0 rethrow=0 return_oop=0}
                      ; - com.android.tools.r8.internal.a43::e@105 (line 11)
                      ; - com.android.tools.r8.internal.co3::a@3 (line 184)
                      ; - com.android.tools.r8.internal.co3$$Lambda/0x000000e003c47578::accept@12
                      ; - java.util.LinkedHashMap::forEach@35 (line 986)
                      ; - com.android.tools.r8.internal.co3::a@63 (line 24)
                      ;   {runtime_call UncommonTrapBlob}
  0x0000000117c4f084: bf9f 1797 

  0x0000000117c4f088: ;   {other}
  0x0000000117c4f088: 1f20 03d5 | 1fcf 8bf2 | 1f00 97f2 | 2101 8012 

  0x0000000117c4f098: ; ImmutableOopMap {}
                      ;*iaload {reexecute=0 rethrow=0 return_oop=0}
                      ; - com.android.tools.r8.internal.a43::a@32 (line 19)
                      ; - com.android.tools.r8.internal.co3::a@11 (line 184)
                      ; - com.android.tools.r8.internal.co3$$Lambda/0x000000e003c47578::accept@12
                      ; - java.util.LinkedHashMap::forEach@35 (line 986)
                      ; - com.android.tools.r8.internal.co3::a@63 (line 24)
                      ;   {runtime_call UncommonTrapBlob}
  0x0000000117c4f098: ba9f 1797 

  0x0000000117c4f09c: ;   {other}
  0x0000000117c4f09c: 1f20 03d5 | 9fd1 8bf2 | 1f20 97f2 | 2101 8012 

  0x0000000117c4f0ac: ; ImmutableOopMap {}
                      ;*iaload {reexecute=0 rethrow=0 return_oop=0}
                      ; - com.android.tools.r8.internal.a43::e@105 (line 11)
                      ; - com.android.tools.r8.internal.co3::a@68 (line 191)
                      ; - com.android.tools.r8.internal.co3$$Lambda/0x000000e003c477a0::accept@20
                      ; - java.util.LinkedHashMap::forEach@35 (line 986)
                      ; - com.android.tools.r8.internal.co3::a@77 (line 28)
                      ;   {runtime_call UncommonTrapBlob}
  0x0000000117c4f0ac: b59f 1797 

  0x0000000117c4f0b0: ;   {other}
  0x0000000117c4f0b0: 1f20 03d5 | 1fd4 8bf2 | 1f40 97f2 | 2101 8012 

  0x0000000117c4f0c0: ; ImmutableOopMap {}
                      ;*arraylength {reexecute=0 rethrow=0 return_oop=0}
                      ; - java.util.HashMap::putVal@26 (line 635)
                      ; - java.util.HashMap::put@9 (line 618)
                      ; - com.android.tools.r8.internal.co3::a@152 (line 197)
                      ; - com.android.tools.r8.internal.co3$$Lambda/0x000000e003c477a0::accept@20
                      ; - java.util.LinkedHashMap::forEach@35 (line 986)
                      ; - com.android.tools.r8.internal.co3::a@77 (line 28)
                      ;   {runtime_call UncommonTrapBlob}
  0x0000000117c4f0c0: b09f 1797 

  0x0000000117c4f0c4: ;   {other}
  0x0000000117c4f0c4: 1f20 03d5 | 9fd6 8bf2 | 1f60 97f2 | 2101 8012 

  0x0000000117c4f0d4: ; ImmutableOopMap {}
                      ;*arraylength {reexecute=0 rethrow=0 return_oop=0}
                      ; - java.util.HashMap::putVal@26 (line 635)
                      ; - java.util.HashMap::put@9 (line 618)
                      ; - java.util.HashSet::add@8 (line 229)
                      ; - com.android.tools.r8.internal.co3::a@200 (line 211)
                      ; - com.android.tools.r8.internal.co3$$Lambda/0x000000e003c477a0::accept@20
                      ; - java.util.LinkedHashMap::forEach@35 (line 986)
                      ; - com.android.tools.r8.internal.co3::a@77 (line 28)
                      ;   {runtime_call UncommonTrapBlob}
  0x0000000117c4f0d4: ab9f 1797 

  0x0000000117c4f0d8: ;   {other}
  0x0000000117c4f0d8: 1f20 03d5 | 1fd9 8bf2 | 1f80 97f2 | 2101 8012 

  0x0000000117c4f0e8: ; ImmutableOopMap {}
                      ;*arraylength {reexecute=0 rethrow=0 return_oop=0}
                      ; - java.util.HashMap::putVal@26 (line 635)
                      ; - java.util.HashMap::put@9 (line 618)
                      ; - java.util.HashSet::add@8 (line 229)
                      ; - com.android.tools.r8.internal.co3::a@211 (line 212)
                      ; - com.android.tools.r8.internal.co3$$Lambda/0x000000e003c477a0::accept@20
                      ; - java.util.LinkedHashMap::forEach@35 (line 986)
                      ; - com.android.tools.r8.internal.co3::a@77 (line 28)
                      ;   {runtime_call UncommonTrapBlob}
  0x0000000117c4f0e8: a69f 1797 

  0x0000000117c4f0ec: ;   {other}
  0x0000000117c4f0ec: 1f20 03d5 | 9fdb 8bf2 | 1fa0 97f2 | 2101 8012 

  0x0000000117c4f0fc: ; ImmutableOopMap {}
                      ;*lastore {reexecute=0 rethrow=0 return_oop=0}
                      ; - com.android.tools.r8.internal.a43::a@54 (line 7)
                      ; - com.android.tools.r8.internal.a43::a@18 (line 16)
                      ; - com.android.tools.r8.internal.co3::a@11 (line 184)
                      ; - com.android.tools.r8.internal.co3$$Lambda/0x000000e003c47578::accept@12
                      ; - java.util.LinkedHashMap::forEach@35 (line 986)
                      ; - com.android.tools.r8.internal.co3::a@63 (line 24)
                      ;   {runtime_call UncommonTrapBlob}
  0x0000000117c4f0fc: a19f 1797 

  0x0000000117c4f100: ;   {other}
  0x0000000117c4f100: 1f20 03d5 | 1fde 8bf2 | 1fc0 97f2 | 2101 8012 

  0x0000000117c4f110: ; ImmutableOopMap {}
                      ;*arraylength {reexecute=0 rethrow=0 return_oop=0}
                      ; - java.util.IdentityHashMap::put@13 (line 439)
                      ; - com.android.tools.r8.internal.co3::a@164 (line 198)
                      ; - com.android.tools.r8.internal.co3$$Lambda/0x000000e003c477a0::accept@20
                      ; - java.util.LinkedHashMap::forEach@35 (line 986)
                      ; - com.android.tools.r8.internal.co3::a@77 (line 28)
                      ;   {runtime_call UncommonTrapBlob}
  0x0000000117c4f110: 9c9f 1797 

  0x0000000117c4f114: ;   {other}
  0x0000000117c4f114: 1f20 03d5 | 9fe0 8bf2 | 1fe0 97f2 | 5600 0014 | 5500 0014 | 5400 0014 | 5300 0014 | 5200 0014 
  0x0000000117c4f134: e103 00aa | 5100 0014 | e103 00aa | 4f00 0014 | e103 00aa | 4d00 0014 | e103 00aa | 4b00 0014 
  0x0000000117c4f154: e103 00aa | 4900 0014 | 4700 0014 | 4600 0014 | 4500 0014 | 4400 0014 | 4300 0014 | 4200 0014 
  0x0000000117c4f174: 4100 0014 | e103 00aa | 4000 0014 | 3e00 0014 | 3d00 0014 | 3c00 0014 | 3b00 0014 | 3a00 0014 
  0x0000000117c4f194: e103 00aa | 3900 0014 | e103 00aa | 3700 0014 | e103 00aa | 3500 0014 | e103 00aa | 3300 0014 
  0x0000000117c4f1b4: 3100 0014 | 3000 0014 | 2f00 0014 | e103 00aa | 2e00 0014 | e103 00aa | 2c00 0014 | 2a00 0014 
  0x0000000117c4f1d4: 0200 0014 | 0100 0014 | e103 00aa | 2700 0014 | 2500 0014 | 2400 0014 | 0100 0014 | e103 00aa 
  0x0000000117c4f1f4: 2200 0014 | 2000 0014 | 1f00 0014 | 1e00 0014 | 1d00 0014 | 1c00 0014 | 1b00 0014 | 1a00 0014 
  0x0000000117c4f214: 1900 0014 | 1800 0014 | e103 00aa | 1700 0014 | e103 00aa | 1500 0014 | 1300 0014 | 1200 0014 
  0x0000000117c4f234: 1100 0014 | 1000 0014 | 0f00 0014 | e103 00aa | 0e00 0014 | 0c00 0014 | 0b00 0014 | 0a00 0014 
  0x0000000117c4f254: 0900 0014 | e103 00aa | 0800 0014 | e103 00aa | 0600 0014 | e103 00aa | 0400 0014 | e103 00aa 
  0x0000000117c4f274: 0200 0014 | e103 00aa | fd7b 4ba9 | ff03 0391 

  0x0000000117c4f284: ;   {runtime_call _rethrow_Java}
  0x0000000117c4f284: ff07 1b17 

  0x0000000117c4f288: ;   {internal_word}
  0x0000000117c4f288: c879 fd10 | 8837 02f9 

  0x0000000117c4f290: ;   {runtime_call SafepointBlob}
  0x0000000117c4f290: 9c9d 1717 | 0830 93d2 | 6884 a2f2 | 2800 c0f2 | 0001 3fd6 | 34ea ff17 

  0x0000000117c4f2a8: ;   {other}
  0x0000000117c4f2a8: 5f00 0000 | 0000 0000 
[Stub Code]
  0x0000000117c4f2b0: ;   {no_reloc}
  0x0000000117c4f2b0: 4800 0058 | 0001 1fd6 | 8001 2314 | 0100 0000 

  0x0000000117c4f2c0: ;   {trampoline_stub}
  0x0000000117c4f2c0: 4800 0058 | 0001 1fd6 | 8001 2314 | 0100 0000 

  0x0000000117c4f2d0: ;   {trampoline_stub}
  0x0000000117c4f2d0: 4800 0058 | 0001 1fd6 | 9066 eb14 | 0100 0000 

  0x0000000117c4f2e0: ;   {static_stub}
  0x0000000117c4f2e0: df3f 03d5 

  0x0000000117c4f2e4: ;   {metadata(nullptr)}
  0x0000000117c4f2e4: 0c00 80d2 | 0c00 a0f2 | 0c00 c0f2 | 0800 80d2 | 0800 a0f2 | 0800 c0f2 | 0001 1fd6 

  0x0000000117c4f300: ;   {trampoline_stub}
  0x0000000117c4f300: 4800 0058 | 0001 1fd6 | 90c1 0016 | 0100 0000 

  0x0000000117c4f310: ;   {static_stub}
  0x0000000117c4f310: df3f 03d5 

  0x0000000117c4f314: ;   {metadata(nullptr)}
  0x0000000117c4f314: 0c00 80d2 | 0c00 a0f2 | 0c00 c0f2 | 0800 80d2 | 0800 a0f2 | 0800 c0f2 | 0001 1fd6 

  0x0000000117c4f330: ;   {trampoline_stub}
  0x0000000117c4f330: 4800 0058 | 0001 1fd6 | 8001 2314 | 0100 0000 

  0x0000000117c4f340: ;   {trampoline_stub}
  0x0000000117c4f340: 4800 0058 | 0001 1fd6 | 80c1 fc14 | 0100 0000 

  0x0000000117c4f350: ;   {trampoline_stub}
  0x0000000117c4f350: 4800 0058 | 0001 1fd6 | c072 9614 | 0100 0000 

  0x0000000117c4f360: ;   {trampoline_stub}
  0x0000000117c4f360: 4800 0058 | 0001 1fd6 | 4014 0315 | 0100 0000 

  0x0000000117c4f370: ;   {trampoline_stub}
  0x0000000117c4f370: 4800 0058 | 0001 1fd6 | 8001 2314 | 0100 0000 

  0x0000000117c4f380: ;   {trampoline_stub}
  0x0000000117c4f380: 4800 0058 | 0001 1fd6 | c072 9614 | 0100 0000 

  0x0000000117c4f390: ;   {trampoline_stub}
  0x0000000117c4f390: 4800 0058 | 0001 1fd6 | 4014 0315 | 0100 0000 

  0x0000000117c4f3a0: ;   {trampoline_stub}
  0x0000000117c4f3a0: 4800 0058 | 0001 1fd6 | 5067 cb17 | 0100 0000 

  0x0000000117c4f3b0: ;   {trampoline_stub}
  0x0000000117c4f3b0: 4800 0058 | 0001 1fd6 | 80cc de0d | 0100 0000 

  0x0000000117c4f3c0: ;   {trampoline_stub}
  0x0000000117c4f3c0: 4800 0058 | 0001 1fd6 | 00e9 440e | 0100 0000 

  0x0000000117c4f3d0: ;   {trampoline_stub}
  0x0000000117c4f3d0: 4800 0058 | 0001 1fd6 | d009 b517 | 0100 0000 

  0x0000000117c4f3e0: ;   {static_stub}
  0x0000000117c4f3e0: df3f 03d5 

  0x0000000117c4f3e4: ;   {metadata(nullptr)}
  0x0000000117c4f3e4: 0c00 80d2 | 0c00 a0f2 | 0c00 c0f2 | 0800 80d2 | 0800 a0f2 | 0800 c0f2 | 0001 1fd6 

  0x0000000117c4f400: ;   {trampoline_stub}
  0x0000000117c4f400: 4800 0058 | 0001 1fd6 | 4004 390f | 0100 0000 

  0x0000000117c4f410: ;   {static_stub}
  0x0000000117c4f410: df3f 03d5 

  0x0000000117c4f414: ;   {metadata(nullptr)}
  0x0000000117c4f414: 0c00 80d2 | 0c00 a0f2 | 0c00 c0f2 | 0800 80d2 | 0800 a0f2 | 0800 c0f2 | 0001 1fd6 

  0x0000000117c4f430: ;   {trampoline_stub}
  0x0000000117c4f430: 4800 0058 | 0001 1fd6 | 1002 0515 | 0100 0000 

  0x0000000117c4f440: ;   {static_stub}
  0x0000000117c4f440: df3f 03d5 

  0x0000000117c4f444: ;   {metadata(nullptr)}
  0x0000000117c4f444: 0c00 80d2 | 0c00 a0f2 | 0c00 c0f2 | 0800 80d2 | 0800 a0f2 | 0800 c0f2 | 0001 1fd6 

  0x0000000117c4f460: ;   {trampoline_stub}
  0x0000000117c4f460: 4800 0058 | 0001 1fd6 | 1002 0515 | 0100 0000 

  0x0000000117c4f470: ;   {static_stub}
  0x0000000117c4f470: df3f 03d5 

  0x0000000117c4f474: ;   {metadata(nullptr)}
  0x0000000117c4f474: 0c00 80d2 | 0c00 a0f2 | 0c00 c0f2 | 0800 80d2 | 0800 a0f2 | 0800 c0f2 | 0001 1fd6 

  0x0000000117c4f490: ;   {trampoline_stub}
  0x0000000117c4f490: 4800 0058 | 0001 1fd6 | d053 d614 | 0100 0000 

  0x0000000117c4f4a0: ;   {trampoline_stub}
  0x0000000117c4f4a0: 4800 0058 | 0001 1fd6 | 8001 2314 | 0100 0000 

  0x0000000117c4f4b0: ;   {trampoline_stub}
  0x0000000117c4f4b0: 4800 0058 | 0001 1fd6 | d053 d614 | 0100 0000 

  0x0000000117c4f4c0: ;   {trampoline_stub}
  0x0000000117c4f4c0: 4800 0058 | 0001 1fd6 | d053 d614 | 0100 0000 

  0x0000000117c4f4d0: ;   {trampoline_stub}
  0x0000000117c4f4d0: 4800 0058 | 0001 1fd6 | c072 9614 | 0100 0000 

  0x0000000117c4f4e0: ;   {trampoline_stub}
  0x0000000117c4f4e0: 4800 0058 | 0001 1fd6 | 8001 2314 | 0100 0000 

  0x0000000117c4f4f0: ;   {trampoline_stub}
  0x0000000117c4f4f0: 4800 0058 | 0001 1fd6 | c072 9614 | 0100 0000 

  0x0000000117c4f500: ;   {trampoline_stub}
  0x0000000117c4f500: 4800 0058 | 0001 1fd6 | 8001 2314 | 0100 0000 

  0x0000000117c4f510: ;   {trampoline_stub}
  0x0000000117c4f510: 4800 0058 | 0001 1fd6 | 8001 2314 | 0100 0000 

  0x0000000117c4f520: ;   {static_stub}
  0x0000000117c4f520: df3f 03d5 

  0x0000000117c4f524: ;   {metadata(nullptr)}
  0x0000000117c4f524: 0c00 80d2 | 0c00 a0f2 | 0c00 c0f2 | 0800 80d2 | 0800 a0f2 | 0800 c0f2 | 0001 1fd6 

  0x0000000117c4f540: ;   {trampoline_stub}
  0x0000000117c4f540: 4800 0058 | 0001 1fd6 | d053 d614 | 0100 0000 

  0x0000000117c4f550: ;   {trampoline_stub}
  0x0000000117c4f550: 4800 0058 | 0001 1fd6 | 80c1 fc14 | 0100 0000 

  0x0000000117c4f560: ;   {trampoline_stub}
  0x0000000117c4f560: 4800 0058 | 0001 1fd6 | d053 d614 | 0100 0000 

  0x0000000117c4f570: ;   {trampoline_stub}
  0x0000000117c4f570: 4800 0058 | 0001 1fd6 | d053 d614 | 0100 0000 

  0x0000000117c4f580: ;   {trampoline_stub}
  0x0000000117c4f580: 4800 0058 | 0001 1fd6 | 8007 2314 | 0100 0000 

  0x0000000117c4f590: ;   {trampoline_stub}
  0x0000000117c4f590: 4800 0058 | 0001 1fd6 | 8001 2314 | 0100 0000 

  0x0000000117c4f5a0: ;   {trampoline_stub}
  0x0000000117c4f5a0: 4800 0058 | 0001 1fd6 | 8001 2314 | 0100 0000 

  0x0000000117c4f5b0: ;   {trampoline_stub}
  0x0000000117c4f5b0: 4800 0058 | 0001 1fd6 | 8007 2314 | 0100 0000 

  0x0000000117c4f5c0: ;   {trampoline_stub}
  0x0000000117c4f5c0: 4800 0058 | 0001 1fd6 | 8007 2314 | 0100 0000 

  0x0000000117c4f5d0: ;   {trampoline_stub}
  0x0000000117c4f5d0: 4800 0058 | 0001 1fd6 | 8007 2314 | 0100 0000 

  0x0000000117c4f5e0: ;   {trampoline_stub}
  0x0000000117c4f5e0: 4800 0058 | 0001 1fd6 | 8001 2314 | 0100 0000 

  0x0000000117c4f5f0: ;   {static_stub}
  0x0000000117c4f5f0: df3f 03d5 

  0x0000000117c4f5f4: ;   {metadata(nullptr)}
  0x0000000117c4f5f4: 0c00 80d2 | 0c00 a0f2 | 0c00 c0f2 | 0800 80d2 | 0800 a0f2 | 0800 c0f2 | 0001 1fd6 

  0x0000000117c4f610: ;   {trampoline_stub}
  0x0000000117c4f610: 4800 0058 | 0001 1fd6 | 8007 2314 | 0100 0000 

  0x0000000117c4f620: ;   {trampoline_stub}
  0x0000000117c4f620: 4800 0058 | 0001 1fd6 | 8007 2314 | 0100 0000 

  0x0000000117c4f630: ;   {trampoline_stub}
  0x0000000117c4f630: 4800 0058 | 0001 1fd6 | 8001 2314 | 0100 0000 

  0x0000000117c4f640: ;   {static_stub}
  0x0000000117c4f640: df3f 03d5 

  0x0000000117c4f644: ;   {metadata(nullptr)}
  0x0000000117c4f644: 0c00 80d2 | 0c00 a0f2 | 0c00 c0f2 | 0800 80d2 | 0800 a0f2 | 0800 c0f2 | 0001 1fd6 

  0x0000000117c4f660: ;   {trampoline_stub}
  0x0000000117c4f660: 4800 0058 | 0001 1fd6 | 8001 2314 | 0100 0000 

  0x0000000117c4f670: ;   {static_stub}
  0x0000000117c4f670: df3f 03d5 

  0x0000000117c4f674: ;   {metadata(nullptr)}
  0x0000000117c4f674: 0c00 80d2 | 0c00 a0f2 | 0c00 c0f2 | 0800 80d2 | 0800 a0f2 | 0800 c0f2 | 0001 1fd6 

  0x0000000117c4f690: ;   {trampoline_stub}
  0x0000000117c4f690: 4800 0058 | 0001 1fd6 | d09e 9314 | 0100 0000 

  0x0000000117c4f6a0: ;   {static_stub}
  0x0000000117c4f6a0: df3f 03d5 

  0x0000000117c4f6a4: ;   {metadata(nullptr)}
  0x0000000117c4f6a4: 0c00 80d2 | 0c00 a0f2 | 0c00 c0f2 | 0800 80d2 | 0800 a0f2 | 0800 c0f2 | 0001 1fd6 

  0x0000000117c4f6c0: ;   {trampoline_stub}
  0x0000000117c4f6c0: 4800 0058 | 0001 1fd6 | d09e 9314 | 0100 0000 

  0x0000000117c4f6d0: ;   {static_stub}
  0x0000000117c4f6d0: df3f 03d5 

  0x0000000117c4f6d4: ;   {metadata(nullptr)}
  0x0000000117c4f6d4: 0c00 80d2 | 0c00 a0f2 | 0c00 c0f2 | 0800 80d2 | 0800 a0f2 | 0800 c0f2 | 0001 1fd6 

  0x0000000117c4f6f0: ;   {trampoline_stub}
  0x0000000117c4f6f0: 4800 0058 | 0001 1fd6 | 8001 2314 | 0100 0000 

  0x0000000117c4f700: ;   {static_stub}
  0x0000000117c4f700: df3f 03d5 

  0x0000000117c4f704: ;   {metadata(nullptr)}
  0x0000000117c4f704: 0c00 80d2 | 0c00 a0f2 | 0c00 c0f2 | 0800 80d2 | 0800 a0f2 | 0800 c0f2 | 0001 1fd6 

  0x0000000117c4f720: ;   {trampoline_stub}
  0x0000000117c4f720: 4800 0058 | 0001 1fd6 | 8007 2314 | 0100 0000 

  0x0000000117c4f730: ;   {static_stub}
  0x0000000117c4f730: df3f 03d5 

  0x0000000117c4f734: ;   {metadata(nullptr)}
  0x0000000117c4f734: 0c00 80d2 | 0c00 a0f2 | 0c00 c0f2 | 0800 80d2 | 0800 a0f2 | 0800 c0f2 | 0001 1fd6 

  0x0000000117c4f750: ;   {static_stub}
  0x0000000117c4f750: df3f 03d5 

  0x0000000117c4f754: ;   {metadata(nullptr)}
  0x0000000117c4f754: 0c00 80d2 | 0c00 a0f2 | 0c00 c0f2 | 0800 80d2 | 0800 a0f2 | 0800 c0f2 | 0001 1fd6 

  0x0000000117c4f770: ;   {static_stub}
  0x0000000117c4f770: df3f 03d5 

  0x0000000117c4f774: ;   {metadata(nullptr)}
  0x0000000117c4f774: 0c00 80d2 | 0c00 a0f2 | 0c00 c0f2 | 0800 80d2 | 0800 a0f2 | 0800 c0f2 | 0001 1fd6 

  0x0000000117c4f790: ;   {static_stub}
  0x0000000117c4f790: df3f 03d5 

  0x0000000117c4f794: ;   {metadata(nullptr)}
  0x0000000117c4f794: 0c00 80d2 | 0c00 a0f2 | 0c00 c0f2 | 0800 80d2 | 0800 a0f2 | 0800 c0f2 | 0001 1fd6 

  0x0000000117c4f7b0: ;   {static_stub}
  0x0000000117c4f7b0: df3f 03d5 

  0x0000000117c4f7b4: ;   {metadata(nullptr)}
  0x0000000117c4f7b4: 0c00 80d2 | 0c00 a0f2 | 0c00 c0f2 | 0800 80d2 | 0800 a0f2 | 0800 c0f2 | 0001 1fd6 

  0x0000000117c4f7d0: ;   {static_stub}
  0x0000000117c4f7d0: df3f 03d5 

  0x0000000117c4f7d4: ;   {metadata(nullptr)}
  0x0000000117c4f7d4: 0c00 80d2 | 0c00 a0f2 | 0c00 c0f2 | 0800 80d2 | 0800 a0f2 | 0800 c0f2 | 0001 1fd6 

  0x0000000117c4f7f0: ;   {static_stub}
  0x0000000117c4f7f0: df3f 03d5 

  0x0000000117c4f7f4: ;   {metadata(nullptr)}
  0x0000000117c4f7f4: 0c00 80d2 | 0c00 a0f2 | 0c00 c0f2 | 0800 80d2 | 0800 a0f2 | 0800 c0f2 | 0001 1fd6 

  0x0000000117c4f810: ;   {static_stub}
  0x0000000117c4f810: df3f 03d5 

  0x0000000117c4f814: ;   {metadata(nullptr)}
  0x0000000117c4f814: 0c00 80d2 | 0c00 a0f2 | 0c00 c0f2 | 0800 80d2 | 0800 a0f2 | 0800 c0f2 | 0001 1fd6 

  0x0000000117c4f830: ;   {static_stub}
  0x0000000117c4f830: df3f 03d5 

  0x0000000117c4f834: ;   {metadata(nullptr)}
  0x0000000117c4f834: 0c00 80d2 | 0c00 a0f2 | 0c00 c0f2 | 0800 80d2 | 0800 a0f2 | 0800 c0f2 | 0001 1fd6 

  0x0000000117c4f850: ;   {static_stub}
  0x0000000117c4f850: df3f 03d5 

  0x0000000117c4f854: ;   {metadata(nullptr)}
  0x0000000117c4f854: 0c00 80d2 | 0c00 a0f2 | 0c00 c0f2 | 0800 80d2 | 0800 a0f2 | 0800 c0f2 | 0001 1fd6 

  0x0000000117c4f870: ;   {static_stub}
  0x0000000117c4f870: df3f 03d5 

  0x0000000117c4f874: ;   {metadata(nullptr)}
  0x0000000117c4f874: 0c00 80d2 | 0c00 a0f2 | 0c00 c0f2 | 0800 80d2 | 0800 a0f2 | 0800 c0f2 | 0001 1fd6 
[Exception Handler]
  0x0000000117c4f890: ;   {runtime_call ExceptionBlob}
  0x0000000117c4f890: 9cef 1a17 
[Deopt Handler Code]
  0x0000000117c4f894: 1e00 0010 

  0x0000000117c4f898: ;   {runtime_call DeoptimizationBlob}
  0x0000000117c4f898: ea9c 1717 | 0000 0000 
[/MachCode]


Compiled method (c2) 1128232 196893       4       com.android.tools.r8.internal.w50::b (177 bytes)
 total in heap  [0x00000001173d8890,0x00000001173de908] = 24696
 relocation     [0x00000001173d89e0,0x00000001173d8ed8] = 1272
 main code      [0x00000001173d8f00,0x00000001173dc198] = 12952
 stub code      [0x00000001173dc198,0x00000001173dc538] = 928
 oops           [0x00000001173dc538,0x00000001173dc598] = 96
 metadata       [0x00000001173dc598,0x00000001173dc840] = 680
 scopes data    [0x00000001173dc840,0x00000001173ddba0] = 4960
 scopes pcs     [0x00000001173ddba0,0x00000001173de450] = 2224
 dependencies   [0x00000001173de450,0x00000001173de490] = 64
 handler table  [0x00000001173de490,0x00000001173de808] = 888
 nul chk table  [0x00000001173de808,0x00000001173de908] = 256

[Constant Pool (empty)]

[MachCode]
[Entry Point]
  # {method} {0x00000003716a60c8} 'b' '(Ljava/util/Collection;)Lcom/android/tools/r8/internal/aw3;' in 'com/android/tools/r8/internal/w50'
  # this:     c_rarg1:c_rarg1 
                        = 'com/android/tools/r8/internal/w50'
  # parm0:    c_rarg2:c_rarg2 
                        = 'java/util/Collection'
  #           [sp+0xa0]  (sp of caller)
  0x00000001173d8f00: 2808 40b9 | 3f01 086b | 4000 0054 

  0x00000001173d8f0c: ;   {runtime_call ic_miss_stub}
  0x00000001173d8f0c: dd5b 3917 
[Verified Entry Point]
  0x00000001173d8f10: 1f20 03d5 | e953 40d1 | 3f01 00f9 | ff83 02d1 | fd7b 09a9 | 8893 0118 | 8923 40b9 | 1f01 09eb 
  0x00000001173d8f30: 8192 0154 | 80df 40f9 | 8ae7 40f9 | 0b40 0091 | e203 00f9 | fd03 01aa | 7f01 0aeb | a2ef 0054 
  0x00000001173d8f50: ea03 40b2 | 8bdf 00f9 | 0a00 00f9 

  0x00000001173d8f5c: ;   {metadata('com/android/tools/r8/internal/w50$$Lambda+0x000000e003c3cec8')}
  0x00000001173d8f5c: 6a78 a0d2 | 0ad9 99f2 | 0a08 00b9 | 70c1 80f9 | ea03 1daa | 4cfd 43d3 | 0c0c 00b9 | ed03 00aa 
  0x00000001173d8f7c: e203 40f9 

  0x00000001173d8f80: ; implicit exception: dispatches to 0x00000001173dbefc
  0x00000001173d8f80: 4b08 40b9 

  0x00000001173d8f84: ;   {metadata('java/util/LinkedHashMap$LinkedValues')}
  0x00000001173d8f84: 8e20 a0d2 | 0e45 9ff2 | 7f01 0e6b | 4002 0054 

  0x00000001173d8f94: ;   {metadata('java/util/Collections$SingletonList')}
  0x00000001173d8f94: 8e20 a0d2 | 0e46 9ef2 | 7f01 0e6b | e137 0154 | ea03 00f9 | ea03 02aa | 4c11 40b9 | e207 00f9 
  0x00000001173d8fb4: 82f1 7dd3 | fd03 0aaa | e103 0daa 

  0x00000001173d8fc0: ; ImmutableOopMap {rfp=Oop [0]=Oop [8]=Oop }
                      ;*invokeinterface accept {reexecute=0 rethrow=0 return_oop=0}
                      ; - java.util.Collections$SingletonList::forEach@5 (line 5186)
                      ; - com.android.tools.r8.internal.w50::b@7 (line 4)
                      ;   {optimized virtual_call}
  0x00000001173d8fc0: 7073 0c96 

  0x00000001173d8fc4: ;   {other}
  0x00000001173d8fc4: 1f20 03d5 | 9fe6 80f2 | 1f00 80f2 | ea0b 40a9 | 0f00 0014 | ee03 02aa | cc11 40b9 | 8bf1 7dd3 
  0x00000001173d8fe4: ; implicit exception: dispatches to 0x00000001173dbf68
  0x00000001173d8fe4: 6c19 40b9 | d031 4039 | 6b35 40b9 | 1039 0135 | 71f1 7dd3 | b165 00b5 | cd11 40b9 | abf1 7dd3 
  0x00000001173d9004: ; implicit exception: dispatches to 0x00000001173dbf7c
  0x00000001173d9004: 6b19 40b9 | 7f01 0c6b | 0139 0154 | 4b0d 40b9 | 6cf1 7dd3 

  0x00000001173d9018: ; implicit exception: dispatches to 0x00000001173dbf14
  0x00000001173d9018: 8e0d 40b9 | 8c11 40b9 | df01 0c6b | 6100 0054 | ee03 1faa | 1802 0014 | 5d09 40b9 | ed03 1faa 
  0x00000001173d9038: 1601 0014 

  0x00000001173d903c: ;   {metadata('com/android/tools/r8/internal/co3')}
  0x00000001173d903c: 2a63 a0d2 | 0aa1 81f2 | bf03 0a6b | ee03 1d2a | a182 0054 | eb0b 40f9 | 6a15 40b9 

  0x00000001173d9058: ;   {metadata('com/android/tools/r8/internal/t50')}
  0x00000001173d9058: 6d78 a0d2 | 0d01 98f2 | 9f01 0d6b | 4ff1 7dd3 | 016a 0154 | ec23 40f9 

  0x00000001173d9070: ; implicit exception: dispatches to 0x00000001173dbebc
  0x00000001173d9070: ea1d 40b9 | eb1b 00f9 | 4af1 7dd3 | 8b01 40f9 | ecab 04a9 | ef1f 00f9 | fd2b 00b9 | 6a05 4092 
  0x00000001173d9090: ec2b 40f9 

  0x00000001173d9094: ; implicit exception: dispatches to 0x00000001173dbed4
  0x00000001173d9094: 8c0d 40b9 | ec5b 00b9 | 5f05 00f1 | 01b3 0054 | 6afd 48d3 | 4079 0012 | a0b2 0034 | 0b78 1f53 
  0x00000001173d90b4: ec5b 40b9 | 8c05 0051 | 6a21 004b | 4b01 0c0a | ea2b 40f9 | ec5b 40b9 | 4ac9 2b8b | eb5f 00b9 
  0x00000001173d90d4: 9f01 0071 | 090d 0154 | 4b11 40b9 | 6af1 7dd3 | ec27 40f9 | 5f01 0ceb | c002 0054 | ea5f 40b9 
  0x00000001173d90f4: 4a09 0011 | ea5f 00b9 | eb1a 0134 | eb03 0a2a | ea5b 40b9 | 7f01 0a6b | ea9c 0054 

  0x00000001173d9110: ; ImmutableOopMap {[8]=Oop [16]=Oop [32]=Oop [48]=Oop [56]=Oop [64]=Oop [72]=Oop [80]=Oop }
                      ;*goto {reexecute=1 rethrow=0 return_oop=0}
                      ; - (reexecute) java.util.IdentityHashMap::remove@99 (line 558)
                      ; - com.android.tools.r8.internal.v32::a@2 (line 16)
                      ; - com.android.tools.r8.internal.v50::a@12 (line 42)
                      ; - com.android.tools.r8.internal.v50::a@5 (line 36)
                      ; - com.android.tools.r8.internal.w50::b@100 (line 13)
  0x00000001173d9110: 8a2f 42f9 

  0x00000001173d9114: ;   {poll}
  0x00000001173d9114: 5f01 40b9 | ec5f 40b9 | ea2b 40f9 | 4ac9 2c8b | ed5b 40b9 | 9f01 0d6b | e21a 0154 | 4b11 40b9 
  0x00000001173d9134: 6af1 7dd3 | ec27 40f9 | 5f01 0ceb | 81fd ff54 | eb5f 40b9 | ea2b 40f9 | 53c9 2b8b | ea1f 40f9 
  0x00000001173d9154: 4ab1 4229 | 4d05 0051 | 8a05 0011 | ec1f 40f9 | 8a19 00b9 | 6b05 0011 | 8d15 00b9 | ea5b 40b9 
  0x00000001173d9174: 7f01 0a6b | 6202 0154 | 8a03 c139 | caac 0035 | 6a16 40b9 | 4af1 7dd3 | eb1f 40f9 | ea33 00f9 
  0x00000001173d9194: 6c1d 40b9 | ea5b 40b9 | 7f16 00b9 | eb5f 40b9 | 7f01 0a6b | c202 0154 | 8af1 7dd3 | 8b03 c139 
  0x00000001173d91b4: ea2b 00f9 | 6bac 0035 | 7f12 00b9 | ea2b 40f9 

  0x00000001173d91c4: ; implicit exception: dispatches to 0x00000001173dbee8
  0x00000001173d91c4: 4b0d 40b9 | eb5b 00b9 | eb5f 40b9 | 6b09 0011 | ea5b 40b9 | 7f01 0a6b | 4a95 0054 | ea2b 40f9 
  0x00000001173d91e4: 4ac9 2b8b | ed5b 40b9 | 7f01 0d6b | 4202 0154 | 4c11 40b9 | 8af1 7dd3 | ea0e 00b4 | ac05 0051 
  0x00000001173d9204: ec03 00b9 | ea3b 00f9 | eb6b 00b9 | ea3b 40f9 | 4a01 40f9 | 4b05 4092 | 7f05 00f1 | 21bc 0054 
  0x00000001173d9224: 4afd 48d3 | 4079 0012 | c0bb 0034 | 0a78 1f53 | 4b21 004b | ec03 40b9 | 6a01 0c0a | eb6b 40b9 
  0x00000001173d9244: 7f01 0a6b | 2b92 0054 | eb5f 40b9 | 5f01 0b6b | cc09 0054 | ea6b 40b9 | 7f01 0a6b | 6c09 0054 
  0x00000001173d9264: ec5f 40b9 | ea2b 40f9 | 54c9 2c8b | 4a09 40b9 | 9342 0091 | ed5b 40b9 | 9f01 0d6b | e227 0154 
  0x00000001173d9284: ;   {metadata('java/lang/Object'[])}
  0x00000001173d9284: 0b00 a0d2 | 0b48 82f2 | 5f01 0b6b | c12e 0154 | 8a03 c139 | cac9 0035 | ec6b 40b9 | eb2b 40f9 
  0x00000001173d92a4: 76c9 2c8b | ea3b 40f9 | ed03 13aa | eb3b 40f9 | 6bfd 43d3 | 4a01 0dca | 9752 0091 | 9405 0011 
  0x00000001173d92c4: 6b02 00b9 | 4afd 56d3 | ec5f 40b9 | 9305 0011 | 2a01 00b4 | aafd 49d3 | 0b00 90d2 | 2b13 a3f2 
  0x00000001173d92e4: 2b00 c0f2 | 6001 0a8b | 0a00 c039 | 5f09 0071 | 61cc 0054 | ea5b 40b9 | 9f02 0a6b | a225 0154 
  0x00000001173d9304: d516 40b9 | b4f2 7dd3 | eb03 0a2a | 7f02 0b6b | e226 0154 | 8b03 c139 | 0bc7 0035 | eb03 17aa 
  0x00000001173d9324: ea03 14aa | 4a01 0bca | 4afd 56d3 | f502 00b9 | 4a01 00b4 | 3401 00b4 | 6afd 49d3 | 0b00 90d2 
  0x00000001173d9344: 2b13 a3f2 | 2b00 c0f2 | 6001 0a8b | 0b00 c039 | 7f09 0071 | 41cc 0054 | ec5b 40b9 | ea6b 40b9 
  0x00000001173d9364: 5f01 0c6b | 4226 0154 | 8b03 c139 | 2bc7 0035 | 8b03 c139 | df12 00b9 | 6bc5 0035 | eb6b 40b9 
  0x00000001173d9384: df16 00b9 | eb5f 00b9 | ea6b 40b9 | 4b09 0011 | ea5b 40b9 | eb6b 00b9 | 7f01 0a6b | 8a89 0054 
  0x00000001173d93a4: ; ImmutableOopMap {[8]=Oop [16]=Oop [32]=Oop [48]=Oop [64]=Oop [72]=Oop [80]=Oop [96]=Oop }
                      ;*goto {reexecute=1 rethrow=0 return_oop=0}
                      ; - (reexecute) java.util.IdentityHashMap::closeDeletion@103 (line 611)
                      ; - java.util.IdentityHashMap::remove@77 (line 552)
                      ; - com.android.tools.r8.internal.v32::a@2 (line 16)
                      ; - com.android.tools.r8.internal.v50::a@12 (line 42)
                      ; - com.android.tools.r8.internal.v50::a@5 (line 36)
                      ; - com.android.tools.r8.internal.w50::b@100 (line 13)
  0x00000001173d93a4: 8a2f 42f9 

  0x00000001173d93a8: ;   {poll}
  0x00000001173d93a8: 5f01 40b9 | ec6b 40b9 | ea2b 40f9 | 4ac9 2c8b | ed5b 40b9 | 9f01 0d6b | 420e 0154 | 4a11 40b9 
  0x00000001173d93c8: 4af1 7dd3 | 6a00 00b4 | ea3b 00f9 | 8fff ff17 | ea33 40f9 

  0x00000001173d93dc: ; implicit exception: dispatches to 0x00000001173db460
  0x00000001173d93dc: 4b09 40b9 

  0x00000001173d93e0: ;   {metadata('java/util/ArrayList')}
  0x00000001173d93e0: 6c01 a0d2 | 0cb8 96f2 | 7f01 0c6b | c150 0154 | e11b 40f9 | e227 40f9 | e303 0aaa 

  0x00000001173d93fc: ; ImmutableOopMap {[8]=Oop [16]=Oop [32]=Oop [48]=Oop [64]=Oop }
                      ;*invokevirtual a {reexecute=0 rethrow=0 return_oop=1}
                      ; - com.android.tools.r8.internal.v50::a@18 (line 43)
                      ; - com.android.tools.r8.internal.v50::a@5 (line 36)
                      ; - com.android.tools.r8.internal.w50::b@100 (line 13)
                      ;   {optimized virtual_call}
  0x00000001173d93fc: d5c1 2194 

  0x00000001173d9400: ;   {other}
  0x00000001173d9400: 1f20 03d5 | 1f6e 81f2 | 1f60 80f2 | eb07 0032 | ea13 40f9 | 4b0d 00b9 

  0x00000001173d9418: ; implicit exception: dispatches to 0x00000001173dbe64
  0x00000001173d9418: 0b08 40b9 

  0x00000001173d941c: ;   {metadata('com/android/tools/r8/internal/yv3')}
  0x00000001173d941c: 6c62 a0d2 | 0c46 99f2 | 7f01 0c6b | a001 0054 

  0x00000001173d942c: ;   {metadata('com/android/tools/r8/internal/zv3')}
  0x00000001173d942c: 6a62 a0d2 | 0a00 99f2 | 7f01 0a6b | 2001 0054 | eaf7 40a9 | 2107 8012 | ea03 00f9 | e00b 00f9 
  0x00000001173d944c: ; ImmutableOopMap {rfp=Oop [0]=Oop [16]=Oop }
                      ;*invokevirtual c {reexecute=0 rethrow=0 return_oop=0}
                      ; - com.android.tools.r8.internal.w50::b@139 (line 16)
                      ;   {runtime_call UncommonTrapBlob}
  0x00000001173d944c: cd76 3997 

  0x00000001173d9450: ;   {other}
  0x00000001173d9450: 1f20 03d5 | 1f78 81f2 | 1f80 80f2 

  0x00000001173d945c: ; ImmutableOopMap {c_rarg0=Oop [8]=Oop [16]=Oop }
                      ;*ifeq {reexecute=1 rethrow=0 return_oop=0}
                      ; - (reexecute) com.android.tools.r8.internal.w50::b@142 (line 16)
  0x00000001173d945c: 8a2f 42f9 

  0x00000001173d9460: ;   {poll}
  0x00000001173d9460: 5f01 40b9 | ea0b 40f9 | 4c0d 40b9 | 8bf1 7dd3 

  0x00000001173d9470: ; implicit exception: dispatches to 0x00000001173dbe78
  0x00000001173d9470: 6c0d 40b9 | 6d11 40b9 | 9f01 0d6b | 4020 0054 | 4b0d 40b9 | e207 40f9 | ed0f 40f9 | fd2b 40b9 
  0x00000001173d9490: 75f1 7dd3 

  0x00000001173d9494: ; implicit exception: dispatches to 0x00000001173dbe24
  0x00000001173d9494: ab0a 40b9 

  0x00000001173d9498: ;   {metadata('java/util/ArrayDeque')}
  0x00000001173d9498: 0c04 a0d2 | 0c55 93f2 | 7f01 0c6b | 61e0 0054 | ab16 40b9 | 73f1 7dd3 

  0x00000001173d94b0: ; implicit exception: dispatches to 0x00000001173dbe38
  0x00000001173d94b0: 760e 40b9 | ac12 40b9 | 9405 0051 | 542f f837 | ea0b 00f9 | 6aca 348b | ed0f 00f9 | 5741 0091 
  0x00000001173d94d0: e207 00f9 | 9f02 166b | a2dd 0054 | eb02 40b9 | 6af1 7dd3 | ea13 00f9 

  0x00000001173d94e8: ; implicit exception: dispatches to 0x00000001173dbe4c
  0x00000001173d94e8: 4a09 40b9 | 4a09 5bd2 | 8c03 c139 | 581d 40f9 | 0c80 0035 | b412 00b9 

  0x00000001173d9500: ;   {metadata('com/android/tools/r8/internal/s50')}
  0x00000001173d9500: 0a7c 97d2 | 6a78 a0f2 | 0a1c c0f2 | ff02 00b9 | 1f03 0aeb | c1dd 0054 | ea13 40f9 | ea23 00f9 
  0x00000001173d9520: 4a0d 40b9 | 5f0d 0071 | 00f1 0054 | eb23 40f9 | 6c09 40b9 | ec03 00b9 | 5f05 0071 | 01d8 ff54 
  0x00000001173d9540: 6a0a 40b9 

  0x00000001173d9544: ;   {metadata('java/lang/Object'[])}
  0x00000001173d9544: 0c00 a0d2 | 0c48 82f2 | 5f01 0c6b | a1e0 0054 | 8a03 c139 | 2a00 0034 | ea03 17aa | 6b01 0aca 
  0x00000001173d9564: ec23 40f9 | 8dfd 43d3 | 6bfd 56d3 | ed02 00b9 | 2b01 00b4 | 4afd 49d3 | 0b00 90d2 | 2b13 a3f2 
  0x00000001173d9584: 2b00 c0f2 | 6001 0a8b | 0a00 c039 | 5f09 0071 | 8187 0054 | 8a06 0011 | ab0e 40b9 | 5f01 166b 
  0x00000001173d95a4: 4a28 0054 | aa12 00b9 | 7f01 0a6b | 2078 0054 

  0x00000001173d95b4: ;   {metadata('com/android/tools/r8/internal/co3')}
  0x00000001173d95b4: 2a63 a0d2 | 0aa1 81f2 | eb03 1f32 | bf03 0a6b | ec23 40f9 | 8b0d 00b9 | 4149 0054 

  0x00000001173d95d0: ;   {metadata('com/android/tools/r8/internal/t50')}
  0x00000001173d95d0: 6a78 a0d2 | 0a01 98f2 | eb03 40b9 | ed0b 40f9 | 7f01 0a6b | 413f 0154 | 8fdf 40f9 | 8ae7 40f9 
  0x00000001173d95f0: eb61 0091 | 7f01 0aeb | e2ab 0054 | ea03 40b2 | 8bdf 00f9 

  0x00000001173d9604: ;   {metadata('java/util/ArrayList')}
  0x00000001173d9604: 6e01 a0d2 | 0eb8 96f2 | ea01 00f9 | ee7d 0129 | 70c1 80f9 | ff11 00b9 

  0x00000001173d961c: ;   {oop(a 'java/lang/Object'[0] {0x0000000680787968})}
  0x00000001173d961c: ea01 bad2 | aae5 81f2 | ea15 00b9 | bf3a 03d5 | aa15 40b9 | 4bf1 7dd3 

  0x00000001173d9634: ; implicit exception: dispatches to 0x00000001173dbe8c
  0x00000001173d9634: 6a1d 40b9 | eb1b 00f9 | 4af1 7dd3 | 8b01 40f9 | ea1f 00f9 | efb3 04a9 | ed13 00f9 | fd2b 00b9 
  0x00000001173d9654: 6a05 4092 | ec1f 40f9 

  0x00000001173d965c: ; implicit exception: dispatches to 0x00000001173dbea8
  0x00000001173d965c: 8c0d 40b9 | ec03 00b9 | 5f05 00f1 | 0184 0054 | 6afd 48d3 | 4079 0012 | a083 0034 | 0b78 1f53 
  0x00000001173d967c: ec03 40b9 | 8c05 0051 | 6a21 004b | 4b01 0c0a | ea27 40f9 | 4afd 43d3 | eb43 00b9 | ea07 00b9 
  0x00000001173d969c: e203 40b9 | eb43 40b9 | ea1f 40f9 | 4cc9 2b8b | 8a41 0091 | ea2f 00f9 | ea03 40b9 | 7f01 0a6b 
  0x00000001173d96bc: 62d3 0054 | ea2f 40f9 | 4b01 40b9 | ea1f 40f9 | 4a09 40b9 | ea2f 00b9 | 8a51 0091 | ea33 00f9 
  0x00000001173d96dc: 6af1 7dd3 | eb43 40b9 | 6b05 0011 | eb47 00b9 | 2a02 00b4 | eb2b 40f9 | 5f01 0beb | 2065 0054 
  0x00000001173d96fc: eb43 40b9 | 6b09 0011 | eb43 00b9 | 7f01 026b | 8a6e 0054 

  0x00000001173d9710: ; ImmutableOopMap {[4]=NarrowOop [8]=Oop [16]=Oop [32]=Oop [48]=Oop [56]=Oop [72]=Oop [80]=Oop }
                      ;*goto {reexecute=1 rethrow=0 return_oop=0}
                      ; - (reexecute) java.util.IdentityHashMap::put@70 (line 443)
                      ; - com.android.tools.r8.internal.v50::b@14 (line 3)
                      ; - com.android.tools.r8.internal.v50::b@5 (line 1)
                      ; - com.android.tools.r8.internal.w50::b@69 (line 10)
  0x00000001173d9710: 8a2f 42f9 

  0x00000001173d9714: ;   {poll}
  0x00000001173d9714: 5f01 40b9 | ea1f 40f9 | 4a0d 40b9 | ea03 00b9 | fd03 022a | e203 1d2a | ddff ff17 | ea1b 40f9 
  0x00000001173d9734: 4a15 40b9 | 4c05 0a0b | 8b0d 0011 | 5d05 0011 | 7f01 026b | ec6e 0054 | ea1b 40f9 | 4b19 40b9 
  0x00000001173d9754: 6a05 0011 | eb1b 40f9 | 6a19 00b9 

  0x00000001173d9760: ;   {metadata('java/lang/Object'[])}
  0x00000001173d9760: 0c00 a0d2 | 0c48 82f2 | ea2f 40b9 | 5f01 0c6b | 41dc 0054 | 8a03 c139 | 6a88 0035 | eb2b 45a9 
  0x00000001173d9780: 6b01 0aca | ec2b 40f9 | 8cfd 43d3 | 6bfd 56d3 | ed2f 40f9 | ac01 00b9 | 2b01 00b4 | 4afd 49d3 
  0x00000001173d97a0: 0b00 90d2 | 2b13 a3f2 | 2b00 c0f2 | 6001 0a8b | 0b00 c039 | 7f09 0071 | 6189 0054 | ec03 40b9 
  0x00000001173d97c0: ea47 40b9 | 5f01 0c6b | a2d7 0054 | 8b03 c139 | 2b87 0035 | ea33 40f9 | eb27 40f9 | 6b01 0aca 
  0x00000001173d97e0: ed07 40b9 | 6bfd 56d3 | ec33 40f9 | 8d01 00b9 | 2b01 00b4 | 4afd 49d3 | 0b00 90d2 | 2b13 a3f2 
  0x00000001173d9800: 2b00 c0f2 | 6001 0a8b | 0b00 c039 | 7f09 0071 | a189 0054 | ea1b 40f9 | 5d15 00b9 | 83df 40f9 
  0x00000001173d9820: 8ae7 40f9 | 6b60 0091 | 7f01 0aeb | e29b 0054 | ea03 40b2 | 8bdf 00f9 | 6a00 00f9 

  0x00000001173d983c: ;   {metadata('com/android/tools/r8/internal/v50$$Lambda+0x000000e003c3d328')}
  0x00000001173d983c: 6a78 a0d2 | 0a65 9af2 | 6a08 00b9 | 70c1 80f9 | 7f08 00f9 | ea13 40f9 | 4afd 43d3 | 6a0c 00b9 
  0x00000001173d985c: eb07 40b9 | 6b10 00b9 | bf3b 03d5 | e113 40f9 | e22b 40f9 

  0x00000001173d9870: ; ImmutableOopMap {[8]=Oop [16]=Oop [32]=Oop }
                      ;*invokevirtual a {reexecute=0 rethrow=0 return_oop=1}
                      ; - com.android.tools.r8.internal.v50::b@51 (line 5)
                      ; - com.android.tools.r8.internal.v50::b@5 (line 1)
                      ; - com.android.tools.r8.internal.w50::b@69 (line 10)
                      ;   {optimized virtual_call}
  0x00000001173d9870: 520a 0094 

  0x00000001173d9874: ;   {other}
  0x00000001173d9874: 1f20 03d5 | 9ffc 81f2 | 1fe0 80f2 | e6fe ff17 | e207 40f9 | ee0f 40f9 | 4b09 40b9 

  0x00000001173d9890: ;   {metadata('com/android/tools/r8/internal/do3')}
  0x00000001173d9890: 2d63 a0d2 | 0d2d 82f2 | 7f01 0d6b | 800d 0054 

  0x00000001173d98a0: ;   {metadata('com/android/tools/r8/internal/co3')}
  0x00000001173d98a0: 2d63 a0d2 | 0da1 81f2 | 7f01 0d6b | 41f0 0054 | 80df 40f9 | ec03 0aaa | 8ae7 40f9 | 0b60 0091 
  0x00000001173d98c0: 7f01 0aeb | e2b0 0054 | ea03 40b2 | 8bdf 00f9 

  0x00000001173d98d0: ;   {metadata('java/util/ArrayList')}
  0x00000001173d98d0: 6d01 a0d2 | 0db8 96f2 | 0a00 00f9 | 0d7c 0129 | 70c1 80f9 | 1f08 00f9 | e203 00f9 | ec0b 00f9 
  0x00000001173d98f0: bf3a 03d5 | fd03 00aa | e103 40f9 | 0946 9ed2 | 8920 a0f2 | 091c c0f2 

  0x00000001173d9908: ; ImmutableOopMap {rfp=Oop [0]=Oop [16]=Oop }
                      ;*invokeinterface size {reexecute=0 rethrow=0 return_oop=0}
                      ; - com.android.tools.r8.internal.g02::a@7 (line 14)
                      ; - com.android.tools.r8.internal.v50::a@7 (line 44)
                      ; - com.android.tools.r8.internal.w50::b@164 (line 19)
                      ;   {virtual_call}
  0x00000001173d9908: be22 5797 

  0x00000001173d990c: ;   {other}
  0x00000001173d990c: 1f20 03d5 | 9f0f 82f2 | 1f00 81f2 | bf0f 00b9 | 1f00 0071 | ed63 0054 | 0a7c 4093 | 1f00 4171 
  0x00000001173d992c: 2800 0054 | 1f00 4171 | a8ae 0054 | 4af5 7ed3 | 93df 40f9 | 4a5d 0091 | 4bf1 7d92 | 8ce7 40f9 
  0x00000001173d994c: 6b02 0b8b | 7f01 0ceb | a2ad 0054 | 8bdf 00f9 | ec03 40b2 | 70c1 80f9 | 6c02 00f9 

  0x00000001173d9968: ;   {metadata('java/lang/Object'[])}
  0x00000001173d9968: 0c00 a0d2 | 0c48 82f2 | 7001 81f9 | 6c0a 00b9 | 4cfd 43d3 | 7041 81f9 | 6a42 0091 | 600e 00b9 
  0x00000001173d9988: 8b09 00d1 | 6821 00f1 | 4300 0054 

  0x00000001173d9994: ;   {runtime_call StubRoutines (final stubs)}
  0x00000001173d9994: 2b77 3997 | 6b00 1036 | 5f7d 81a8 | 5f7d 81a8 | 4b00 0836 | 5f7d 81a8 | 4b00 0036 | 5f01 00f9 
  0x00000001173d99b4: bf3a 03d5 | 8a03 c139 | 4a86 0035 | ea03 1daa | eb03 13aa | 6b01 0aca | 6cfe 43d3 | 6bfd 56d3 
  0x00000001173d99d4: ac17 00b9 | 2b01 00b4 | 4afd 49d3 | 0b00 90d2 | 2b13 a3f2 | 2b00 c0f2 | 6001 0a8b | 0b00 c039 
  0x00000001173d99f4: 7f09 0071 | c185 0054 | fd07 00f9 | e103 40f9 | 0946 9ed2 | 8920 a0f2 | 091c c0f2 

  0x00000001173d9a10: ; ImmutableOopMap {rfp=Oop [8]=Oop [16]=Oop }
                      ;*invokeinterface iterator {reexecute=0 rethrow=0 return_oop=1}
                      ; - com.android.tools.r8.internal.g02::a@15 (line 15)
                      ; - com.android.tools.r8.internal.v50::a@7 (line 44)
                      ; - com.android.tools.r8.internal.w50::b@164 (line 19)
                      ;   {virtual_call}
  0x00000001173d9a10: 7cbf 5e97 

  0x00000001173d9a14: ;   {other}
  0x00000001173d9a14: 1f20 03d5 | 9f30 82f2 | 1f20 81f2 | e003 00f9 | e103 00aa | 0956 96d2 | 8903 a0f2 | 091c c0f2 
  0x00000001173d9a34: ; ImmutableOopMap {rfp=Oop [0]=Oop [8]=Oop [16]=Oop }
                      ;*invokeinterface hasNext {reexecute=0 rethrow=0 return_oop=0}
                      ; - com.android.tools.r8.internal.g02::a@22 (line 15)
                      ; - com.android.tools.r8.internal.v50::a@7 (line 44)
                      ; - com.android.tools.r8.internal.w50::b@164 (line 19)
                      ;   {virtual_call}
  0x00000001173d9a34: 13f9 5697 

  0x00000001173d9a38: ;   {other}
  0x00000001173d9a38: 1f20 03d5 | 1f35 82f2 | 1f40 81f2 | 400b 0035 | ee07 40f9 | 80df 40f9 | 8ae7 40f9 | 0b40 0091 
  0x00000001173d9a58: 7f01 0aeb | 2298 0054 | ea03 40b2 | 8bdf 00f9 

  0x00000001173d9a68: ;   {metadata('com/android/tools/r8/internal/zv3')}
  0x00000001173d9a68: 6c62 a0d2 | 0c00 99f2 | 0a00 00f9 | 0c08 00b9 | 70c1 80f9 | 1f0c 00b9 | cafd 43d3 | 0a0c 00b9 
  0x00000001173d9a88: bf3b 03d5 | fd7b 49a9 | ff83 0291 

  0x00000001173d9a94: ;   {poll_return}
  0x00000001173d9a94: 882b 42f9 | ff63 28eb | c836 0154 | c003 5fd6 | d406 0051 | 86fe ff17 | ea03 1f2a | befe ff17 
  0x00000001173d9ab4: aac9 2b8b | 6b05 0011 | 7f01 1d6b | 02d8 0054 | 4a15 40b9 | f407 40f9 | 8c16 40b9 | 4af1 7dd3 
  0x00000001173d9ad4: ; implicit exception: dispatches to 0x00000001173db650
  0x00000001173d9ad4: 4d09 40b9 

  0x00000001173d9ad8: ;   {metadata('com/android/tools/r8/internal/t50')}
  0x00000001173d9ad8: 6e78 a0d2 | 0e01 98f2 | bf01 0e6b | 8b0e 40b9 | 80f1 7dd3 | e117 0154 | 6b05 0011 | 8b0e 00b9 
  0x00000001173d9af8: ; implicit exception: dispatches to 0x00000001173dbf54
  0x00000001173d9af8: 0c0c 40b9 | 4a15 40b9 | 8f12 40b9 | 5df1 7dd3 | ff01 0c6b | 600b 0054 | 0bc8 2f8b | 0d0c 40b9 
  0x00000001173d9b18: 7741 0091 | 0b08 40b9 | ff01 0d6b | 02d6 0054 

  0x00000001173d9b28: ;   {metadata('java/lang/Object'[])}
  0x00000001173d9b28: 0c00 a0d2 | 0c48 82f2 | 7f01 0c6b | c1d7 0054 | 8c03 c139 | 2c75 0035 | eb03 17aa | ec03 1daa 
  0x00000001173d9b48: 8c01 0bca | 8cfd 56d3 | f505 0011 | ea02 00b9 | 4c01 00b4 | 3d01 00b4 | 6afd 49d3 | 0b00 90d2 
  0x00000001173d9b68: 2b13 a3f2 | 2b00 c0f2 | 6001 0a8b | 0b00 c039 | 7f09 0071 | 8174 0054 | 9512 00b9 | f4cf 00a9 
  0x00000001173d9b88: e103 40f9 | 0956 96d2 | 8903 a0f2 | 091c c0f2 

  0x00000001173d9b98: ; ImmutableOopMap {[0]=Oop [8]=Oop [16]=Oop }
                      ;*invokeinterface hasNext {reexecute=0 rethrow=0 return_oop=0}
                      ; - com.android.tools.r8.internal.g02::a@22 (line 15)
                      ; - com.android.tools.r8.internal.v50::a@7 (line 44)
                      ; - com.android.tools.r8.internal.w50::b@164 (line 19)
                      ;   {virtual_call}
  0x00000001173d9b98: baf8 5697 

  0x00000001173d9b9c: ;   {other}
  0x00000001173d9b9c: 1f20 03d5 | 9f61 82f2 | 1f60 81f2 | 00f5 ff34 | e103 40f9 | 0956 96d2 | 8903 a0f2 | 091c c0f2 
  0x00000001173d9bbc: ; ImmutableOopMap {[0]=Oop [8]=Oop [16]=Oop }
                      ;*invokeinterface next {reexecute=0 rethrow=0 return_oop=1}
                      ; - com.android.tools.r8.internal.g02::a@33 (line 15)
                      ; - com.android.tools.r8.internal.v50::a@7 (line 44)
                      ; - com.android.tools.r8.internal.w50::b@164 (line 19)
                      ;   {virtual_call}
  0x00000001173d9bbc: 51be 5e97 

  0x00000001173d9bc0: ;   {other}
  0x00000001173d9bc0: 1f20 03d5 | 1f66 82f2 | 1f80 81f2 | f30b 40f9 | 6b12 40b9 | 6af1 7dd3 

  0x00000001173d9bd8: ; implicit exception: dispatches to 0x00000001173dbf28
  0x00000001173d9bd8: 4a1d 40b9 | 4df1 7dd3 | a054 00b4 | ee03 00aa | ca01 40f9 | 4b05 4092 

  0x00000001173d9bf0: ; implicit exception: dispatches to 0x00000001173dbf40
  0x00000001173d9bf0: bd0d 40b9 | 7f05 00f1 | 216e 0054 | 4afd 48d3 | 4079 0012 | c06d 0034 | 0b78 1f53 | ac07 0051 
  0x00000001173d9c10: 6a21 004b | 4b01 0c0a | aac9 2b8b | bf03 0071 | 49cf 0054 | 4c11 40b9 | 8af1 7dd3 | 5f01 0eeb 
  0x00000001173d9c30: 20f4 ff54 | 1f20 03d5 | 1f20 03d5 | 1f20 03d5 | 6b09 0011 | acd0 0034 | 7f01 1d6b | ea44 0054 
  0x00000001173d9c50: ; ImmutableOopMap {r13=Oop r14=Oop r19=Oop [0]=Oop [8]=Oop }
                      ;*goto {reexecute=1 rethrow=0 return_oop=0}
                      ; - (reexecute) java.util.IdentityHashMap::get@57 (line 348)
                      ; - com.android.tools.r8.internal.v50::c@5 (line 1)
                      ; - com.android.tools.r8.internal.v50$$Lambda/0x000000e003c3ea30::apply@5
                      ; - com.android.tools.r8.internal.g02::a@38 (line 16)
                      ; - com.android.tools.r8.internal.v50::a@7 (line 44)
                      ; - com.android.tools.r8.internal.w50::b@164 (line 19)
  0x00000001173d9c50: 8a2f 42f9 

  0x00000001173d9c54: ;   {poll}
  0x00000001173d9c54: 5f01 40b9 | aac9 2b8b | 7f01 1d6b | c2d0 0054 | 4c11 40b9 | 8af1 7dd3 | 5f01 0eeb | 81fe ff54 
  0x00000001173d9c74: 90ff ff17 | e807 40f9 | e80b 00f9 | ef2b 0329 | f307 00f9 | e103 14aa 

  0x00000001173d9c8c: ; ImmutableOopMap {rfp=Oop [0]=Oop [8]=Oop [16]=Oop [28]=NarrowOop }
                      ;*invokevirtual grow {reexecute=0 rethrow=0 return_oop=1}
                      ; - java.util.ArrayList::add@7 (line 483)
                      ; - java.util.ArrayList::add@20 (line 496)
                      ; - com.android.tools.r8.internal.g02::a@43 (line 16)
                      ; - com.android.tools.r8.internal.v50::a@7 (line 44)
                      ; - com.android.tools.r8.internal.w50::b@164 (line 19)
                      ;   {optimized virtual_call}
  0x00000001173d9c8c: 3d59 3997 

  0x00000001173d9c90: ;   {other}
  0x00000001173d9c90: 1f20 03d5 | 1f80 82f2 | 1fc0 81f2 | 20e6 00b4 | f3d3 40a9 | ef2b 4329 | 9aff ff17 | ab0d 40b9 
  0x00000001173d9cb0: 2f16 40b9 | 64f1 7dd3 | e3f1 7dd3 

  0x00000001173d9cbc: ; implicit exception: dispatches to 0x00000001173dbf90
  0x00000001173d9cbc: 8b10 40b9 | 61f1 7dd3 

  0x00000001173d9cc4: ; implicit exception: dispatches to 0x00000001173dbfa8
  0x00000001173d9cc4: 2f1c 40b9 | e6f1 7dd3 | a372 00b4 | e503 03aa | af00 40f9 | f005 4092 

  0x00000001173d9cdc: ; implicit exception: dispatches to 0x00000001173dbfc4
  0x00000001173d9cdc: cb0c 40b9 | 1f06 00f1 | 2185 0054 | effd 48d3 | e079 0012 | c084 0034 | 0f78 1f53 | f021 004b 
  0x00000001173d9cfc: 6f05 0051 | 1d02 0f0a | cfc8 3d8b | 7f01 0071 | 49e3 0054 | f011 40b9 | 0ff2 7dd3 | ff01 05eb 
  0x00000001173d9d1c: c001 0054 | b003 0034 | bd0b 0011 | bf03 0b6b | 2a6f 0054 

  0x00000001173d9d30: ; ImmutableOopMap {r10=Oop r13=Oop r14=Oop r17=Oop c_rarg1=Oop c_rarg2=Oop c_rarg3=Oop c_rarg4=Oop c_rarg5=Oop c_rarg6=Oop }
                      ;*goto {reexecute=1 rethrow=0 return_oop=0}
                      ; - (reexecute) java.util.IdentityHashMap::get@57 (line 348)
                      ; - java.util.Map::computeIfAbsent@7 (line 1064)
                      ; - com.android.tools.r8.internal.w50::b@11 (line 1)
                      ; - com.android.tools.r8.internal.w50$$Lambda/0x000000e003c3cec8::accept@5
                      ; - java.util.LinkedHashMap$LinkedValues::forEach@77 (line 833)
                      ; - com.android.tools.r8.internal.w50::b@7 (line 4)
  0x00000001173d9d30: 932f 42f9 

  0x00000001173d9d34: ;   {poll}
  0x00000001173d9d34: 7f02 40b9 | cfc8 3d8b | bf03 0b6b | 82f3 0054 | f011 40b9 | 0ff2 7dd3 | ff01 05eb | 81fe ff54 
  0x00000001173d9d54: cfc8 3d8b | bd07 0011 | bf03 0b6b | 62ea 0054 | ef15 40b9 | e5f1 7dd3 | 8501 00b4 | ab08 40b9 
  0x00000001173d9d74: 6b09 5bd2 | 6b1d 40f9 

  0x00000001173d9d7c: ;   {metadata('com/android/tools/r8/internal/s50')}
  0x00000001173d9d7c: 0f7c 97d2 | 6f78 a0f2 | 0f1c c0f2 | 7f01 0feb | c004 0054 | 7c07 0014 | e223 00f9 | 0200 0014 
  0x00000001173d9d9c: e223 00f9 | e11b 00f9 | e307 00f9 | f113 02a9 | ec1b 00b9 | ee03 00f9 | ed0b 00f9 | fd03 0aaa 
  0x00000001173d9dbc: e103 04aa | e203 03aa | 092d 82d2 | 2963 a0f2 | 091c c0f2 

  0x00000001173d9dd0: ; ImmutableOopMap {rfp=Oop [0]=Oop [8]=Oop [16]=Oop [32]=Oop [40]=Oop [48]=Oop [64]=Oop }
                      ;*invokevirtual a {reexecute=0 rethrow=0 return_oop=1}
                      ; - com.android.tools.r8.internal.w50$$Lambda/0x000000e003c3d0f0::apply@5
                      ; - java.util.Map::computeIfAbsent@19 (line 1066)
                      ; - com.android.tools.r8.internal.w50::b@11 (line 1)
                      ; - com.android.tools.r8.internal.w50$$Lambda/0x000000e003c3cec8::accept@5
                      ; - java.util.LinkedHashMap$LinkedValues::forEach@77 (line 833)
                      ; - com.android.tools.r8.internal.w50::b@7 (line 4)
                      ;   {virtual_call}
  0x00000001173d9dd0: dc4f 0596 

  0x00000001173d9dd4: ;   {other}
  0x00000001173d9dd4: 1f20 03d5 | 9fa8 82f2 | 1f00 82f2 | 40f8 00b4 | e01f 00f9 | e11b 40f9 | e207 40f9 | e303 00aa 
  0x00000001173d9df4: ; ImmutableOopMap {rfp=Oop [0]=Oop [16]=Oop [32]=Oop [40]=Oop [56]=Oop [64]=Oop }
                      ;*invokeinterface put {reexecute=0 rethrow=0 return_oop=1}
                      ; - java.util.Map::computeIfAbsent@34 (line 1067)
                      ; - com.android.tools.r8.internal.w50::b@11 (line 1)
                      ; - com.android.tools.r8.internal.w50$$Lambda/0x000000e003c3cec8::accept@5
                      ; - java.util.LinkedHashMap$LinkedValues::forEach@77 (line 833)
                      ; - com.android.tools.r8.internal.w50::b@7 (line 4)
                      ;   {optimized virtual_call}
  0x00000001173d9df4: e7c8 b097 

  0x00000001173d9df8: ;   {other}
  0x00000001173d9df8: 1f20 03d5 | 1fad 82f2 | 1f20 82f2 | eb1f 40f9 | ea03 1daa | e223 40f9 | ed0b 40f9 | ee03 40f9 
  0x00000001173d9e18: ec1b 40b9 | f113 42a9 | e503 0baa | af0c 40b9 | ff05 0071 | 8105 0054 | 8f0c 40b9 | e3f1 7dd3 
  0x00000001173d9e38: ; implicit exception: dispatches to 0x00000001173dc04c
  0x00000001173d9e38: 6b08 40b9 

  0x00000001173d9e3c: ;   {metadata('java/util/ArrayDeque')}
  0x00000001173d9e3c: 1004 a0d2 | 1055 93f2 | 7f01 106b | e1e5 0054 | 703c 4229 | fdf1 7dd3 | abcb 308b 

  0x00000001173d9e58: ; implicit exception: dispatches to 0x00000001173dc064
  0x00000001173d9e58: b30f 40b9 | af0b 40b9 | 7541 0091 | 1f02 136b | 82e3 0054 

  0x00000001173d9e6c: ;   {metadata('java/lang/Object'[])}
  0x00000001173d9e6c: 0b00 a0d2 | 0b48 82f2 | ff01 0b6b | a1e5 0054 | 8b03 c139 | 8b85 0035 | eb03 15aa | ef03 05aa 
  0x00000001173d9e8c: ef01 0bca | a1fc 43d3 | effd 56d3 | a102 00b9 | 2f01 00b4 | 6bfd 49d3 | 0f00 90d2 | 2f13 a3f2 
  0x00000001173d9eac: 2f00 c0f2 | e001 0b8b | 0b00 c039 | 7f09 0071 | 0185 0054 | 0b06 0011 | 6f0c 40b9 | 7f01 136b 
  0x00000001173d9ecc: 2a31 0054 | 6b10 00b9 | ff01 0b6b | c062 0054 | 2f22 40b9 | 802f 42f9 

  0x00000001173d9ee4: ; ImmutableOopMap {r10=Oop r13=Oop r14=Oop r17=Oop c_rarg2=Oop }
                      ;*goto {reexecute=1 rethrow=0 return_oop=0}
                      ; - (reexecute) java.util.LinkedHashMap$LinkedValues::forEach@87 (line 832)
                      ; - com.android.tools.r8.internal.w50::b@7 (line 4)
  0x00000001173d9ee4: f1f1 7dd3 

  0x00000001173d9ee8: ;   {poll}
  0x00000001173d9ee8: 1f00 40b9 | 11ee ffb5 | 43fc ff17 | 8b11 40b9 

  0x00000001173d9ef8: ;   {metadata('com/android/tools/r8/internal/do3')}
  0x00000001173d9ef8: 2a63 a0d2 | 0a2d 82f2 | bf03 0a6b | 6ef1 7dd3 | 61d6 0054 | ea0b 40f9 | ed03 0aaa 

  0x00000001173d9f14: ; implicit exception: dispatches to 0x00000001173dbfd8
  0x00000001173d9f14: cb09 40b9 | 6b09 5bd2 | aa15 40b9 | 6b1d 40f9 | 4cf1 7dd3 

  0x00000001173d9f28: ;   {metadata('com/android/tools/r8/internal/zo3')}
  0x00000001173d9f28: 0abd 98d2 | 6a78 a0f2 | 0a1c c0f2 | 7f01 0aeb | e1d5 0054 

  0x00000001173d9f3c: ; implicit exception: dispatches to 0x00000001173dbff4
  0x00000001173d9f3c: 8a1d 40b9 | 4af1 7dd3 | cb01 40f9 | ea1f 00f9 | ed13 00f9 | fd2b 00b9 | ee1b 00f9 | 6a05 4092 
  0x00000001173d9f5c: ec1f 40f9 

  0x00000001173d9f60: ; implicit exception: dispatches to 0x00000001173dc00c
  0x00000001173d9f60: 8d0d 40b9 | ed2f 00b9 | 5f05 00f1 | a175 0054 | 6afd 48d3 | 4079 0012 | 4075 0034 | 0b78 1f53 
  0x00000001173d9f80: ec2f 40b9 | 8c05 0051 | 6a21 004b | 5d01 0c0a | ea1f 40f9 | 4ac9 3d8b | eb2f 40b9 | 7f01 0071 
  0x00000001173d9fa0: 69d3 0054 | 4b11 40b9 | 6af1 7dd3 | ec1b 40f9 | 5f01 0ceb | e002 0054 | 1f20 03d5 | 1f20 03d5 
  0x00000001173d9fc0: ab00 0035 

  0x00000001173d9fc4: ;   {oop(a 'com/android/tools/r8/internal/yv3'{0x00000006896a8e00})}
  0x00000001173d9fc4: 00c0 91d2 | 402d b1f2 | c000 c0f2 | 12fd ff17 | bd0b 0011 | eb2f 40b9 | bf03 0b6b | ca59 0054 
  0x00000001173d9fe4: ; ImmutableOopMap {[8]=Oop [16]=Oop [32]=Oop [48]=Oop [56]=Oop }
                      ;*goto {reexecute=1 rethrow=0 return_oop=0}
                      ; - (reexecute) java.util.IdentityHashMap::get@57 (line 348)
                      ; - com.android.tools.r8.internal.do3::a@13 (line 3)
                      ; - com.android.tools.r8.internal.u50::b@8 (line 1)
                      ; - com.android.tools.r8.internal.w50::b@69 (line 10)
  0x00000001173d9fe4: 8a2f 42f9 

  0x00000001173d9fe8: ;   {poll}
  0x00000001173d9fe8: 5f01 40b9 | ea1f 40f9 | 4ac9 3d8b | bf03 0b6b | 62df 0054 | 4b11 40b9 | 6af1 7dd3 | ec1b 40f9 
  0x00000001173da008: 5f01 0ceb | a1fd ff54 | ea1f 40f9 | 4ac9 3d8b | bd07 0011 | ec2f 40b9 | bf03 0c6b | a2d9 0054 
  0x00000001173da028: 4a15 40b9 | 5df1 7dd3 | bdfc ffb4 | ab0b 40b9 | 6409 5bd2 | 8a10 40f9 

  0x00000001173da040: ;   {metadata('java/util/Set')}
  0x00000001173da040: 0054 81d2 | 2000 a0f2 | 001c c0f2 | 5f01 00eb | e001 0054 | 8514 40f9 | a200 40b9 | a520 0091 
  0x00000001173da060: ff63 3feb | c200 00b4 | a884 40f8 | 1f00 08eb | 6000 0054 | 4204 00d1 | 82ff ffb5 | 6100 0054 
  0x00000001173da080: 8010 00f9 | e503 1faa | 25d7 00b5 | 6115 8012 

  0x00000001173da090: ; ImmutableOopMap {rfp=Oop [8]=Oop [32]=Oop }
                      ;*ifnull {reexecute=1 rethrow=0 return_oop=0}
                      ; - (reexecute) com.android.tools.r8.internal.do3::a@21 (line 3)
                      ; - com.android.tools.r8.internal.u50::b@8 (line 1)
                      ; - com.android.tools.r8.internal.w50::b@69 (line 10)
                      ;   {runtime_call UncommonTrapBlob}
  0x00000001173da090: bc73 3997 

  0x00000001173da094: ;   {other}
  0x00000001173da094: 1f20 03d5 | 9f00 83f2 | 1f80 82f2 | ea03 0baa | 4b11 40b9 

  0x00000001173da0a8: ;   {metadata('com/android/tools/r8/internal/do3')}
  0x00000001173da0a8: 2c63 a0d2 | 0c2d 82f2 | bf03 0c6b | 6bf1 7dd3 | 41cb 0054 | ea03 00f9 | ea0b 40f9 | fd03 0baa 
  0x00000001173da0c8: ee2b 00b9 | ea1b 00f9 

  0x00000001173da0d0: ; implicit exception: dispatches to 0x00000001173dc020
  0x00000001173da0d0: 6b09 40b9 | 6a09 5bd2 | eb1b 40f9 | 6b1d 40b9 | 4a1d 40f9 

  0x00000001173da0e4: ;   {metadata('com/android/tools/r8/internal/zo3')}
  0x00000001173da0e4: 0cbd 98d2 | 6c78 a0f2 | 0c1c c0f2 | 6bf1 7dd3 | 5f01 0ceb | 61ca 0054 | ea03 1daa | ea1f 00f9 
  0x00000001173da104: 4a01 40f9 

  0x00000001173da108: ; implicit exception: dispatches to 0x00000001173dc038
  0x00000001173da108: 6b0d 40b9 | 6bf1 7dd3 | 4c05 4092 | eb23 00f9 | 8bc4 00b4 | 9f05 00f1 | c168 0054 | 4afd 48d3 
  0x00000001173da128: 4079 0012 | 6068 0034 | ea23 40f9 | 4b25 40b9 | 0a40 404a | ea2f 00b9 | 6af1 7dd3 | 6a28 00b4 
  0x00000001173da148: 4c0d 40b9 | ec4b 00b9 | 9f01 0071 | 69da 0054 | ea2b 00f9 | eb4b 40b9 | 6a05 0051 | eb2f 40b9 
  0x00000001173da168: 4b01 0b0a | ea2b 40f9 | 4ac9 2b8b | 5d41 0091 | ea4b 40b9 | eb4f 00b9 | eac1 0034 | ab03 40b9 
  0x00000001173da188: 61f1 7dd3 | 0108 00b4 | 2a0c 40b9 | eb2f 40b9 | 5f01 0b6b | 8002 0054 | 2b08 40b9 

  0x00000001173da1a4: ;   {metadata('java/util/HashMap$TreeNode')}
  0x00000001173da1a4: 4a03 a0d2 | 0aa1 85f2 | 7f01 0a6b | 012e 0054 | e223 40f9 | e32b 40f9 | e42f 40b9 | e51f 40f9 
  0x00000001173da1c4: ;   {oop(a 'java/lang/Object'{0x0000000680758538})}
  0x00000001173da1c4: 06a7 90d2 | a60e b0f2 | c600 c0f2 

  0x00000001173da1d0: ; ImmutableOopMap {[0]=Oop [8]=Oop [16]=Oop [32]=Oop [48]=Oop [64]=Oop }
                      ;*invokevirtual putTreeVal {reexecute=0 rethrow=0 return_oop=1}
                      ; - java.util.HashMap::putVal@123 (line 644)
                      ; - java.util.HashMap::put@9 (line 618)
                      ; - java.util.HashSet::add@8 (line 229)
                      ; - com.android.tools.r8.internal.do3::c@13 (line 3)
                      ; - com.android.tools.r8.internal.u50::a@2 (line 1)
                      ; - com.android.tools.r8.internal.w50::b@100 (line 13)
                      ;   {optimized virtual_call}
  0x00000001173da1d0: ec57 3997 

  0x00000001173da1d4: ;   {other}
  0x00000001173da1d4: 1f20 03d5 | 9f28 83f2 | 1fa0 82f2 | c00a 00b4 | f303 00aa | 0900 0014 | 2a10 40b9 | 4af1 7dd3 
  0x00000001173da1f4: eb1f 40f9 | 5f01 0beb | 6000 0054 | 7f01 0aeb | e1fc ff54 | f303 01aa | 8a03 c139 | ea8d 0035 
  0x00000001173da214: ;   {oop(a 'java/lang/Object'{0x0000000680758538})}
  0x00000001173da214: 0ba7 90d2 | ab0e b0f2 | cb00 c0f2 | ea03 13aa | 6b01 0aca | 6c16 40b9 

  0x00000001173da22c: ;   {oop(a 'java/lang/Object'{0x0000000680758538})}
  0x00000001173da22c: ce01 bad2 | ee14 96f2 | 6bfd 56d3 | 6e16 00b9 | 9df1 7dd3 | 2b01 00b4 | 4afd 49d3 | 0b00 90d2 
  0x00000001173da24c: 2b13 a3f2 | 2b00 c0f2 | 6001 0a8b | 0a00 c039 | 5f09 0071 | c18c 0054 | e123 40f9 | e203 13aa 
  0x00000001173da26c: e9ff 9fd2 | e9ff bff2 | e9ff dff2 

  0x00000001173da278: ; ImmutableOopMap {rfp=Oop [0]=Oop [8]=Oop [16]=Oop [32]=Oop [48]=Oop }
                      ;*invokevirtual afterNodeAccess {reexecute=0 rethrow=0 return_oop=0}
                      ; - java.util.HashMap::putVal@253 (line 663)
                      ; - java.util.HashMap::put@9 (line 618)
                      ; - java.util.HashSet::add@8 (line 229)
                      ; - com.android.tools.r8.internal.do3::c@13 (line 3)
                      ; - com.android.tools.r8.internal.u50::a@2 (line 1)
                      ; - com.android.tools.r8.internal.w50::b@100 (line 13)
                      ;   {virtual_call}
  0x00000001173da278: 8258 3997 

  0x00000001173da27c: ;   {other}
  0x00000001173da27c: 1f20 03d5 | 9f3d 83f2 | 1fc0 82f2 | 4100 0014 | ea2b 40f9 | 4b09 40b9 | eb4b 00b9 | e123 40f9 
  0x00000001173da29c: e22f 40b9 | e31f 40f9 

  0x00000001173da2a4: ;   {oop(a 'java/lang/Object'{0x0000000680758538})}
  0x00000001173da2a4: 04a7 90d2 | a40e b0f2 | c400 c0f2 | e50f 40f9 | 0904 98d2 | e901 a0f2 | 091c c0f2 

  0x00000001173da2c0: ; ImmutableOopMap {[0]=Oop [8]=Oop [16]=Oop [32]=Oop [48]=Oop [64]=Oop [80]=Oop rfp=Derived_oop_[80] }
                      ;*invokevirtual newNode {reexecute=0 rethrow=0 return_oop=1}
                      ; - java.util.HashMap::putVal@56 (line 637)
                      ; - java.util.HashMap::put@9 (line 618)
                      ; - java.util.HashSet::add@8 (line 229)
                      ; - com.android.tools.r8.internal.do3::c@13 (line 3)
                      ; - com.android.tools.r8.internal.u50::a@2 (line 1)
                      ; - com.android.tools.r8.internal.w50::b@100 (line 13)
                      ;   {virtual_call}
  0x00000001173da2c0: 0034 5697 

  0x00000001173da2c4: ;   {other}
  0x00000001173da2c4: 1f20 03d5 | 9f46 83f2 | 1fe0 82f2 

  0x00000001173da2d0: ;   {metadata('java/util/HashMap$Node'[])}
  0x00000001173da2d0: 4a03 a0d2 | 0acc 84f2 | ec4b 40b9 | 9f01 0a6b | e01f 00f9 | a1c5 0054 | 8a03 c139 | aa68 0035 
  0x00000001173da2f0: eb1f 40f9 | ea03 1daa | 6b01 0aca | ec1f 40f9 | 8cfd 43d3 | 6bfd 56d3 | ac03 00b9 | 6b01 00b4 
  0x00000001173da310: eb1f 40f9 | 2b01 00b4 | 4afd 49d3 | 0b00 90d2 | 2b13 a3f2 | 2b00 c0f2 | 6001 0a8b | 0a00 c039 
  0x00000001173da330: 5f09 0071 | c167 0054 | eb23 40f9 | 6c19 40b9 | ea23 40f9 | 4a15 40b9 | 8d05 0011 | 4a05 0011 
  0x00000001173da350: 6b1d 40b9 | ec23 40f9 | 8ab5 0229 | 5f01 0b6b | 6c38 0054 | fd03 40f9 | e123 40f9 | e203 0032 
  0x00000001173da370: 0904 98d2 | e901 a0f2 | 091c c0f2 

  0x00000001173da37c: ; ImmutableOopMap {rfp=Oop [8]=Oop [16]=Oop [32]=Oop [48]=Oop }
                      ;*invokevirtual afterNodeInsertion {reexecute=0 rethrow=0 return_oop=0}
                      ; - java.util.HashMap::putVal@295 (line 670)
                      ; - java.util.HashMap::put@9 (line 618)
                      ; - java.util.HashSet::add@8 (line 229)
                      ; - com.android.tools.r8.internal.do3::c@13 (line 3)
                      ; - com.android.tools.r8.internal.u50::a@2 (line 1)
                      ; - com.android.tools.r8.internal.w50::b@100 (line 13)
                      ;   {virtual_call}
  0x00000001173da37c: 315c 7197 

  0x00000001173da380: ;   {other}
  0x00000001173da380: 1f20 03d5 | 1f5e 83f2 | 1f00 83f2 

  0x00000001173da38c: ;   {oop(a 'com/android/tools/r8/internal/yv3'{0x00000006896a8e00})}
  0x00000001173da38c: 00c0 91d2 | 402d b1f2 | c000 c0f2 | 1dfc ff17 | ea03 40b9 | eb47 40b9 | 7f01 0a6b | 82b5 0054 
  0x00000001173da3ac: ea33 40f9 | 4a01 40b9 | 5df1 7dd3 

  0x00000001173da3b8: ;   {metadata('java/lang/Object'[])}
  0x00000001173da3b8: 0a00 a0d2 | 0a48 82f2 | eb2f 40b9 | 7f01 0a6b | c1b5 0054 | 8a03 c139 | 0a54 0035 | ea33 40f9 
  0x00000001173da3d8: eb27 40f9 | 6b01 0aca | ee07 40b9 | 6bfd 56d3 | ec33 40f9 | 8e01 00b9 | 2b01 00b4 | 4afd 49d3 
  0x00000001173da3f8: 0b00 90d2 | 2b13 a3f2 | 2b00 c0f2 | 6001 0a8b | 0a00 c039 | 5f09 0071 | 8153 0054 | 5da0 ffb4 
  0x00000001173da418: ab0b 40b9 | 6409 5bd2 | 8a10 40f9 

  0x00000001173da424: ;   {metadata('java/util/List')}
  0x00000001173da424: 00c0 92d2 | a000 a0f2 | 001c c0f2 | 5f01 00eb | 409f ff54 | 8514 40f9 | a200 40b9 | a520 0091 
  0x00000001173da444: ff63 3feb | c200 00b4 | a884 40f8 | 1f00 08eb | 6000 0054 | 4204 00d1 | 82ff ffb5 | 6100 0054 
  0x00000001173da464: 8010 00f9 | e503 1faa | 859d ffb4 | 2104 8012 

  0x00000001173da474: ; ImmutableOopMap {rfp=Oop }
                      ;*checkcast {reexecute=0 rethrow=0 return_oop=0}
                      ; - com.android.tools.r8.internal.v50::b@17 (line 3)
                      ; - com.android.tools.r8.internal.v50::b@5 (line 1)
                      ; - com.android.tools.r8.internal.w50::b@69 (line 10)
                      ;   {runtime_call UncommonTrapBlob}
  0x00000001173da474: c372 3997 

  0x00000001173da478: ;   {other}
  0x00000001173da478: 1f20 03d5 | 1f7d 83f2 | 1f20 83f2 | eb03 1f2a | 56fb ff17 | ec5f 40b9 | 5f01 0c6b | 8d6e ff54 
  0x00000001173da498: ed6b 40b9 | 9f01 0d6b | 6c6d ff54 | 70fb ff17 | ea03 1f2a | ea5f 00b9 | 18fb ff17 | e103 15aa 
  0x00000001173da4b8: e203 0032 

  0x00000001173da4bc: ; ImmutableOopMap {[8]=Oop [16]=Oop [64]=Oop }
                      ;*invokevirtual grow {reexecute=0 rethrow=0 return_oop=0}
                      ; - java.util.ArrayDeque::addLast@47 (line 306)
                      ; - com.android.tools.r8.internal.w50::b@62 (line 8)
                      ;   {optimized virtual_call}
  0x00000001173da4bc: 3157 3997 

  0x00000001173da4c0: ;   {other}
  0x00000001173da4c0: 1f20 03d5 | 1f86 83f2 | 1f40 83f2 | 3afc ff17 | eb03 1f2a | eb6b 00b9 | b3fb ff17 | eb03 1f2a 
  0x00000001173da4e0: eb43 00b9 | 8bfc ff17 | eb03 1f2a | d9fd ff17 | eb03 1f2a | 77fe ff17 | ea02 40b9 | 40f1 7dd3 
  0x00000001173da500: e07f ffb4 | 8a17 40f9 | 6a64 00b4 | 8b1f 40f9 | 4c21 00d1 | 6a01 0a8b | 4081 1ff8 | 8c17 00f9 
  0x00000001173da520: f7fb ff17 | e11b 40f9 

  0x00000001173da528: ; ImmutableOopMap {[4]=NarrowOop [8]=Oop [16]=Oop [32]=Oop [48]=Oop [56]=Oop [96]=Derived_oop_[56] [88]=Derived_oop_[56] [72]=Oop [80]=Oop }
                      ;*invokevirtual resize {reexecute=0 rethrow=0 return_oop=0}
                      ; - java.util.IdentityHashMap::put@96 (line 455)
                      ; - com.android.tools.r8.internal.v50::b@14 (line 3)
                      ; - com.android.tools.r8.internal.v50::b@5 (line 1)
                      ; - com.android.tools.r8.internal.w50::b@69 (line 10)
                      ;   {optimized virtual_call}
  0x00000001173da528: ba84 a697 

  0x00000001173da52c: ;   {other}
  0x00000001173da52c: 1f20 03d5 | 9f93 83f2 | 1f60 83f2 | a090 ff34 

  0x00000001173da53c: ; ImmutableOopMap {[4]=NarrowOop [8]=Oop [16]=Oop [32]=Oop [48]=Oop [72]=Oop [80]=Oop }
                      ;*goto {reexecute=1 rethrow=0 return_oop=0}
                      ; - (reexecute) java.util.IdentityHashMap::put@102 (line 456)
                      ; - com.android.tools.r8.internal.v50::b@14 (line 3)
                      ; - com.android.tools.r8.internal.v50::b@5 (line 1)
                      ; - com.android.tools.r8.internal.w50::b@69 (line 10)
  0x00000001173da53c: 8a2f 42f9 

  0x00000001173da540: ;   {poll}
  0x00000001173da540: 5f01 40b9 | ea1b 40f9 | 4a1d 40b9 | eb2b 40f9 | 6b01 40f9 | 4af1 7dd3 | ea1f 00f9 | 6a05 4092 
  0x00000001173da560: ec1f 40f9 

  0x00000001173da564: ; implicit exception: dispatches to 0x00000001173dc094
  0x00000001173da564: 8d0d 40b9 | fd03 0d2a | 5f05 00f1 | 015d 0054 | 6afd 48d3 | 4079 0012 | a05c 0034 | 0b78 1f53 
  0x00000001173da584: ac07 0051 | 6a21 004b | 4a01 0c0a | ea43 00b9 | fd03 00b9 | 64fc ff17 | 20bb 0035 | 8a03 c139 
  0x00000001173da5a4: 0a5a 0035 

  0x00000001173da5a8: ;   {oop(a 'java/lang/Object'[0] {0x0000000680884388})}
  0x00000001173da5a8: 0b71 88d2 | 0b11 b0f2 | cb00 c0f2 | ea03 1daa | 6b01 0aca 

  0x00000001173da5bc: ;   {oop(a 'java/lang/Object'[0] {0x0000000680884388})}
  0x00000001173da5bc: 2c02 bad2 | 2c0e 81f2 | 6bfd 56d3 | ac17 00b9 | 8ba1 ffb4 | 4afd 49d3 | 0b00 90d2 | 2b13 a3f2 
  0x00000001173da5dc: 2b00 c0f2 | 6001 0a8b | 0b00 c039 | 7f09 0071 | 80a0 ff54 | 8a27 40f9 | 8b2f 40f9 | bf3b 03d5 
  0x00000001173da5fc: 0d00 c039 | ed9f ff34 | 1f00 0039 | aa01 00b5 | e103 1caa | c900 0010 

  0x00000001173da614: ;   {runtime_call G1BarrierSetRuntime::write_ref_field_post_entry(unsigned char volatile*, JavaThread*)}
  0x00000001173da614: 087e 83d2 | c879 a0f2 | 2800 c0f2 | ff27 bfa9 | 0001 3fd6 

  0x00000001173da628: ;   {other}
  0x00000001173da628: 1f20 03d5 | 1f00 80f2 | 1f00 80f2 | ff43 0091 | f1fc ff17 | 4c21 00d1 | 6a01 0a8b | 4081 1ff8 
  0x00000001173da648: 8c27 00f9 | ecfc ff17 | e123 40f9 

  0x00000001173da654: ; ImmutableOopMap {[0]=Oop [8]=Oop [16]=Oop [32]=Oop [48]=Oop [56]=Oop [64]=Oop }
                      ;*invokevirtual resize {reexecute=0 rethrow=0 return_oop=1}
                      ; - java.util.HashMap::putVal@20 (line 635)
                      ; - java.util.HashMap::put@9 (line 618)
                      ; - java.util.HashSet::add@8 (line 229)
                      ; - com.android.tools.r8.internal.do3::c@13 (line 3)
                      ; - com.android.tools.r8.internal.u50::a@2 (line 1)
                      ; - com.android.tools.r8.internal.w50::b@100 (line 13)
                      ;   {optimized virtual_call}
  0x00000001173da654: 5f2b 6697 

  0x00000001173da658: ;   {other}
  0x00000001173da658: 1f20 03d5 | 1fb9 83f2 | 1fa0 83f2 

  0x00000001173da664: ; implicit exception: dispatches to 0x00000001173dc080
  0x00000001173da664: 0a0c 40b9 | ea4b 00b9 | e02b 00f9 | bbfe ff17 

  0x00000001173da674: ;   {oop(a 'java/lang/Object'{0x00000006807bff50})}
  0x00000001173da674: 0eea 9fd2 | 6e0f b0f2 | ce00 c0f2 | 5afd ff17 | 8a27 40f9 | 8b2f 40f9 | bf3b 03d5 | 0c00 c039 
  0x00000001173da694: 6c02 0034 | 1f00 0039 | ca00 00b4 | 4c21 00d1 | 6a01 0a8b | 4081 1ff8 | 8c27 00f9 | 0c00 0014 
  0x00000001173da6b4: e103 1caa | c900 0010 

  0x00000001173da6bc: ;   {runtime_call G1BarrierSetRuntime::write_ref_field_post_entry(unsigned char volatile*, JavaThread*)}
  0x00000001173da6bc: 087e 83d2 | c879 a0f2 | 2800 c0f2 | ff27 bfa9 | 0001 3fd6 

  0x00000001173da6d0: ;   {other}
  0x00000001173da6d0: 1f20 03d5 | 1f00 80f2 | 1f00 80f2 | ff43 0091 | b412 40b9 | adfb ff17 | e12b 40f9 

  0x00000001173da6ec: ; ImmutableOopMap {[8]=Oop [16]=Oop [32]=Oop [48]=Oop [56]=Oop [72]=Oop [80]=Oop }
                      ;*invokestatic identityHashCode {reexecute=0 rethrow=0 return_oop=0}
                      ; - java.util.IdentityHashMap::hash@1 (line 306)
                      ; - java.util.IdentityHashMap::put@19 (line 440)
                      ; - com.android.tools.r8.internal.v50::b@14 (line 3)
                      ; - com.android.tools.r8.internal.v50::b@5 (line 1)
                      ; - com.android.tools.r8.internal.w50::b@69 (line 10)
                      ;   {static_call}
  0x00000001173da6ec: 3905 5697 

  0x00000001173da6f0: ;   {other}
  0x00000001173da6f0: 1f20 03d5 | 1fcc 83f2 | 1fc0 83f2 | dffb ff17 | e127 40f9 

  0x00000001173da704: ; ImmutableOopMap {[8]=Oop [16]=Oop [32]=Oop [48]=Oop [56]=Oop [64]=Oop [72]=Oop [80]=Oop }
                      ;*invokestatic identityHashCode {reexecute=0 rethrow=0 return_oop=0}
                      ; - java.util.IdentityHashMap::hash@1 (line 306)
                      ; - java.util.IdentityHashMap::remove@17 (line 541)
                      ; - com.android.tools.r8.internal.v32::a@2 (line 16)
                      ; - com.android.tools.r8.internal.v50::a@12 (line 42)
                      ; - com.android.tools.r8.internal.v50::a@5 (line 36)
                      ; - com.android.tools.r8.internal.w50::b@100 (line 13)
                      ;   {static_call}
  0x00000001173da704: 1f58 3997 

  0x00000001173da708: ;   {other}
  0x00000001173da708: 1f20 03d5 | 1fcf 83f2 | 1fe0 83f2 | 67fa ff17 | 6b16 40b9 | 60f1 7dd3 | 2053 ffb4 | 8a17 40f9 
  0x00000001173da728: 0a6d 00b4 | 8b1f 40f9 | 4c21 00d1 | 6a01 0a8b | 4081 1ff8 | 8c17 00f9 | 91fa ff17 | 6a12 40b9 
  0x00000001173da748: 40f1 7dd3 | 8053 ffb4 | 8a17 40f9 | 2a6d 00b4 | 8b1f 40f9 | 4c21 00d1 | 6a01 0a8b | 4081 1ff8 
  0x00000001173da768: 8c17 00f9 | 94fa ff17 | 2a18 40b9 | 4af1 7dd3 | fd03 0aaa | 6a02 00b4 | ea03 1f2a | ea4b 00b9 
  0x00000001173da788: ab0f 40b9 | ea2f 40b9 | 7f01 0a6b | 8032 0054 | 8a2f 42f9 | ec4b 40b9 

  0x00000001173da7a0: ; ImmutableOopMap {rfp=Oop [0]=Oop [8]=Oop [16]=Oop [32]=Oop [48]=Oop [56]=Oop [64]=Oop [80]=Oop }
                      ;*goto {reexecute=1 rethrow=0 return_oop=0}
                      ; - (reexecute) java.util.HashMap::putVal@219 (line 646)
                      ; - java.util.HashMap::put@9 (line 618)
                      ; - java.util.HashSet::add@8 (line 229)
                      ; - com.android.tools.r8.internal.do3::c@13 (line 3)
                      ; - com.android.tools.r8.internal.u50::a@2 (line 1)
                      ; - com.android.tools.r8.internal.w50::b@100 (line 13)
  0x00000001173da7a0: 8b05 0011 

  0x00000001173da7a4: ;   {poll}
  0x00000001173da7a4: 5f01 40b9 | eb4b 00b9 | ab1b 40b9 | 6af1 7dd3 | 6a00 00b4 | fd03 0aaa | f3ff ff17 | eb4b 40b9 
  0x00000001173da7c4: 0300 0014 | fd03 01aa | eb03 1f2a | eb4b 00b9 | e123 40f9 | e22f 40b9 | e31f 40f9 

  0x00000001173da7e0: ;   {oop(a 'java/lang/Object'{0x0000000680758538})}
  0x00000001173da7e0: 04a7 90d2 | a40e b0f2 | c400 c0f2 | e50f 40f9 | 0904 98d2 | e901 a0f2 | 091c c0f2 

  0x00000001173da7fc: ; ImmutableOopMap {rfp=Oop [0]=Oop [8]=Oop [16]=Oop [32]=Oop [48]=Oop [64]=Oop [80]=Oop }
                      ;*invokevirtual newNode {reexecute=0 rethrow=0 return_oop=1}
                      ; - java.util.HashMap::putVal@152 (line 648)
                      ; - java.util.HashMap::put@9 (line 618)
                      ; - java.util.HashSet::add@8 (line 229)
                      ; - com.android.tools.r8.internal.do3::c@13 (line 3)
                      ; - com.android.tools.r8.internal.u50::a@2 (line 1)
                      ; - com.android.tools.r8.internal.w50::b@100 (line 13)
                      ;   {virtual_call}
  0x00000001173da7fc: b132 5697 

  0x00000001173da800: ;   {other}
  0x00000001173da800: 1f20 03d5 | 1fee 83f2 | 1f20 84f2 | 8a03 c139 | f303 00aa | 4a58 0035 | eb03 1daa | ea03 13aa 
  0x00000001173da820: 4a01 0bca | 6cfe 43d3 | 4afd 56d3 | ac1b 00b9 | 4a01 00b4 | 3301 00b4 | 6afd 49d3 | 0b00 90d2 
  0x00000001173da840: 2b13 a3f2 | 2b00 c0f2 | 6001 0a8b | 0a00 c039 | 5f09 0071 | c158 0054 | eb4b 40b9 | 7f1d 0071 
  0x00000001173da860: cbd6 ff54 | e123 40f9 | e22b 40f9 | e32f 40b9 

  0x00000001173da870: ; ImmutableOopMap {[0]=Oop [8]=Oop [16]=Oop [32]=Oop [48]=Oop [64]=Oop }
                      ;*invokevirtual treeifyBin {reexecute=0 rethrow=0 return_oop=0}
                      ; - java.util.HashMap::putVal@169 (line 650)
                      ; - java.util.HashMap::put@9 (line 618)
                      ; - java.util.HashSet::add@8 (line 229)
                      ; - com.android.tools.r8.internal.do3::c@13 (line 3)
                      ; - com.android.tools.r8.internal.u50::a@2 (line 1)
                      ; - com.android.tools.r8.internal.w50::b@100 (line 13)
                      ;   {optimized virtual_call}
  0x00000001173da870: 4456 3997 

  0x00000001173da874: ;   {other}
  0x00000001173da874: 1f20 03d5 | 9ffc 83f2 | 1f40 84f2 | aefe ff17 | ea2f 40f9 | 4b01 40b9 | 60f1 7dd3 | 6077 ffb4 
  0x00000001173da894: 8a17 40f9 | 8a64 00b4 | 8b1f 40f9 | 4c21 00d1 | 6a01 0a8b | 4081 1ff8 | 8c17 00f9 | b3fb ff17 
  0x00000001173da8b4: ea33 40f9 | 4a01 40b9 | 40f1 7dd3 | a078 ffb4 | 8a17 40f9 | 8a64 00b4 | 8b1f 40f9 | 4c21 00d1 
  0x00000001173da8d4: 6a01 0a8b | 4081 1ff8 | 8c17 00f9 | bdfb ff17 | 8a27 40f9 | 8b2f 40f9 | bf3b 03d5 | 0d00 c039 
  0x00000001173da8f4: 4d76 ff34 | 1f00 0039 | aa01 00b5 | e103 1caa | c900 0010 

  0x00000001173da908: ;   {runtime_call G1BarrierSetRuntime::write_ref_field_post_entry(unsigned char volatile*, JavaThread*)}
  0x00000001173da908: 087e 83d2 | c879 a0f2 | 2800 c0f2 | ff27 bfa9 | 0001 3fd6 

  0x00000001173da91c: ;   {other}
  0x00000001173da91c: 1f20 03d5 | 1f00 80f2 | 1f00 80f2 | ff43 0091 | a4fb ff17 | 4c21 00d1 | 6a01 0a8b | 4081 1ff8 
  0x00000001173da93c: 8c27 00f9 | 9ffb ff17 | 8a27 40f9 | 8b2f 40f9 | bf3b 03d5 | 0d00 c039 | 0d76 ff34 | 1f00 0039 
  0x00000001173da95c: aa01 00b5 | e103 1caa | c900 0010 

  0x00000001173da968: ;   {runtime_call G1BarrierSetRuntime::write_ref_field_post_entry(unsigned char volatile*, JavaThread*)}
  0x00000001173da968: 087e 83d2 | c879 a0f2 | 2800 c0f2 | ff27 bfa9 | 0001 3fd6 

  0x00000001173da97c: ;   {other}
  0x00000001173da97c: 1f20 03d5 | 1f00 80f2 | 1f00 80f2 | ff43 0091 | a2fb ff17 | 4c21 00d1 | 6a01 0a8b | 4081 1ff8 
  0x00000001173da99c: 8c27 00f9 | 9dfb ff17 | e13b 40f9 

  0x00000001173da9a8: ; ImmutableOopMap {[8]=Oop [16]=Oop [32]=Oop [48]=Oop [64]=Oop [72]=Oop [80]=Oop [96]=Oop [112]=Oop }
                      ;*invokestatic identityHashCode {reexecute=0 rethrow=0 return_oop=0}
                      ; - java.util.IdentityHashMap::hash@1 (line 306)
                      ; - java.util.IdentityHashMap::closeDeletion@28 (line 618)
                      ; - java.util.IdentityHashMap::remove@77 (line 552)
                      ; - com.android.tools.r8.internal.v32::a@2 (line 16)
                      ; - com.android.tools.r8.internal.v50::a@12 (line 42)
                      ; - com.android.tools.r8.internal.v50::a@5 (line 36)
                      ; - com.android.tools.r8.internal.w50::b@100 (line 13)
                      ;   {static_call}
  0x00000001173da9a8: 7657 3997 

  0x00000001173da9ac: ;   {other}
  0x00000001173da9ac: 1f20 03d5 | 9f23 84f2 | 1f60 84f2 | 1efa ff17 | edbb 01a9 | e103 0eaa 

  0x00000001173da9c4: ; ImmutableOopMap {[0]=Oop [8]=Oop [16]=Oop [24]=Oop [32]=Oop }
                      ;*invokestatic identityHashCode {reexecute=0 rethrow=0 return_oop=0}
                      ; - java.util.IdentityHashMap::hash@1 (line 306)
                      ; - java.util.IdentityHashMap::get@17 (line 340)
                      ; - com.android.tools.r8.internal.v50::c@5 (line 1)
                      ; - com.android.tools.r8.internal.v50$$Lambda/0x000000e003c3ea30::apply@5
                      ; - com.android.tools.r8.internal.g02::a@38 (line 16)
                      ; - com.android.tools.r8.internal.v50::a@7 (line 44)
                      ; - com.android.tools.r8.internal.w50::b@164 (line 19)
                      ;   {static_call}
  0x00000001173da9c4: 6f57 3997 

  0x00000001173da9c8: ;   {other}
  0x00000001173da9c8: 1f20 03d5 | 1f27 84f2 | 1f80 84f2 | f337 41a9 | ee13 40f9 | 8bfc ff17 | eb02 40b9 | 60f1 7dd3 
  0x00000001173da9e8: c08a ffb4 | 8b17 40f9 | 0b67 00b4 | 8c1f 40f9 | 6d21 00d1 | 8b01 0b8b | 6081 1ff8 | 8d17 00f9 
  0x00000001173daa08: 4efc ff17 | 8a27 40f9 | 8b2f 40f9 | bf3b 03d5 | 0d00 c039 | 2d8b ff34 | 1f00 0039 | aa01 00b5 
  0x00000001173daa28: e103 1caa | c900 0010 

  0x00000001173daa30: ;   {runtime_call G1BarrierSetRuntime::write_ref_field_post_entry(unsigned char volatile*, JavaThread*)}
  0x00000001173daa30: 087e 83d2 | c879 a0f2 | 2800 c0f2 | ff27 bfa9 | 0001 3fd6 

  0x00000001173daa44: ;   {other}
  0x00000001173daa44: 1f20 03d5 | 1f00 80f2 | 1f00 80f2 | ff43 0091 | 4bfc ff17 | 4c21 00d1 | 6a01 0a8b | 4081 1ff8 
  0x00000001173daa64: 8c27 00f9 | 46fc ff17 | e103 0caa 

  0x00000001173daa70: ; ImmutableOopMap {[0]=Oop [8]=Oop [16]=Oop [32]=Oop [48]=Oop [64]=Oop }
                      ;*invokevirtual resize {reexecute=0 rethrow=0 return_oop=1}
                      ; - java.util.HashMap::putVal@288 (line 669)
                      ; - java.util.HashMap::put@9 (line 618)
                      ; - java.util.HashSet::add@8 (line 229)
                      ; - com.android.tools.r8.internal.do3::c@13 (line 3)
                      ; - com.android.tools.r8.internal.u50::a@2 (line 1)
                      ; - com.android.tools.r8.internal.w50::b@100 (line 13)
                      ;   {optimized virtual_call}
  0x00000001173daa70: c455 3997 

  0x00000001173daa74: ;   {other}
  0x00000001173daa74: 1f20 03d5 | 9f3c 84f2 | 1fa0 84f2 | 39fe ff17 | ab17 40b9 | 60f1 7dd3 | a079 ffb4 | 8a17 40f9 
  0x00000001173daa94: ca65 00b4 | 8b1f 40f9 | 4c21 00d1 | 6a01 0a8b | 4081 1ff8 | 8c17 00f9 | c5fb ff17 | 8a27 40f9 
  0x00000001173daab4: 8b2f 40f9 | bf3b 03d5 | 0d00 c039 | ed79 ff34 | 1f00 0039 | aa01 00b5 | e103 1caa | c900 0010 
  0x00000001173daad4: ;   {runtime_call G1BarrierSetRuntime::write_ref_field_post_entry(unsigned char volatile*, JavaThread*)}
  0x00000001173daad4: 087e 83d2 | c879 a0f2 | 2800 c0f2 | ff27 bfa9 | 0001 3fd6 

  0x00000001173daae8: ;   {other}
  0x00000001173daae8: 1f20 03d5 | 1f00 80f2 | 1f00 80f2 | ff43 0091 | c1fb ff17 | 4c21 00d1 | 6a01 0a8b | 4081 1ff8 
  0x00000001173dab08: 8c27 00f9 | bcfb ff17 | fd03 1f2a | 87fc ff17 | fd03 1f2a | 32fd ff17 

  0x00000001173dab20: ;   {oop(a 'java/lang/Object'{0x00000006807bff50})}
  0x00000001173dab20: 05ea 9fd2 | 650f b0f2 | c500 c0f2 | 6afc ff17 | e203 00f9 | f117 02a9 | ec1b 00b9 | edbb 00a9 
  0x00000001173dab40: fd03 0aaa | e103 03aa | e203 0032 

  0x00000001173dab4c: ; ImmutableOopMap {rfp=Oop [0]=Oop [8]=Oop [16]=Oop [32]=Oop [40]=Oop }
                      ;*invokevirtual grow {reexecute=0 rethrow=0 return_oop=0}
                      ; - java.util.ArrayDeque::addLast@47 (line 306)
                      ; - com.android.tools.r8.internal.w50::b@34 (line 3)
                      ; - com.android.tools.r8.internal.w50$$Lambda/0x000000e003c3cec8::accept@5
                      ; - java.util.LinkedHashMap$LinkedValues::forEach@77 (line 833)
                      ; - com.android.tools.r8.internal.w50::b@7 (line 4)
                      ;   {optimized virtual_call}
  0x00000001173dab4c: 8d55 3997 

  0x00000001173dab50: ;   {other}
  0x00000001173dab50: 1f20 03d5 | 1f58 84f2 | 1fc0 84f2 | ea03 1daa | e237 40a9 | ee0b 40f9 | ec1b 40b9 | f113 40f9 
  0x00000001173dab70: dbfc ff17 | ec13 00f9 | ed03 00f9 

  0x00000001173dab7c: ;   {metadata('java/util/ArrayList')}
  0x00000001173dab7c: 01b8 96d2 | 6101 a0f2 | 011c c0f2 

  0x00000001173dab88: ; ImmutableOopMap {[0]=Oop [8]=Oop [16]=Oop [32]=Oop }
                      ;*new {reexecute=0 rethrow=0 return_oop=1}
                      ; - com.android.tools.r8.internal.v50::b@1 (line 2)
                      ; - com.android.tools.r8.internal.v50::b@5 (line 1)
                      ; - com.android.tools.r8.internal.w50::b@69 (line 10)
                      ;   {runtime_call _new_instance_Java}
  0x00000001173dab88: 5ec0 3c97 

  0x00000001173dab8c: ;   {other}
  0x00000001173dab8c: 1f20 03d5 | 9f5f 84f2 | 1fe0 84f2 | ed03 40f9 | ec13 40f9 | ef03 00aa | 9efa ff17 

  0x00000001173daba8: ;   {metadata('com/android/tools/r8/internal/v50$$Lambda+0x000000e003c3d328')}
  0x00000001173daba8: 0165 9ad2 | 6178 a0f2 | 011c c0f2 | fd27 40f9 

  0x00000001173dabb8: ; ImmutableOopMap {rfp=Oop [4]=NarrowOop [8]=Oop [16]=Oop [32]=Oop [80]=Oop }
                      ;*invokevirtual allocateInstance {reexecute=0 rethrow=0 return_oop=1}
                      ; - java.lang.invoke.DirectMethodHandle::allocateInstance@12 (line 501)
                      ; - java.lang.invoke.DirectMethodHandle$Holder::newInvokeSpecial@1
                      ; - java.lang.invoke.Invokers$Holder::linkToTargetMethod@6
                      ; - com.android.tools.r8.internal.v50::b@46 (line 5)
                      ; - com.android.tools.r8.internal.v50::b@5 (line 1)
                      ; - com.android.tools.r8.internal.w50::b@69 (line 10)
                      ;   {runtime_call _new_instance_Java}
  0x00000001173dabb8: 52c0 3c97 

  0x00000001173dabbc: ;   {other}
  0x00000001173dabbc: 1f20 03d5 | 9f65 84f2 | 1f00 85f2 | e303 00aa | 21fb ff17 | 6b02 40b9 | 60f1 7dd3 | 2036 ffb4 
  0x00000001173dabdc: 8a17 40f9 | 0a66 00b4 | 8b1f 40f9 | 4c21 00d1 | 6a01 0a8b | 4081 1ff8 | 8c17 00f9 | a9f9 ff17 
  0x00000001173dabfc: ea02 40b9 | 40f1 7dd3 | e038 ffb4 | 8a17 40f9 | 2a66 00b4 | 8b1f 40f9 | 4c21 00d1 | 6a01 0a8b 
  0x00000001173dac1c: 4081 1ff8 | 8c17 00f9 | bff9 ff17 | ca16 40b9 | 40f1 7dd3 | 803a ffb4 | 8a17 40f9 | ca67 00b4 
  0x00000001173dac3c: 8b1f 40f9 | 4c21 00d1 | 6a01 0a8b | 4081 1ff8 | 8c17 00f9 | ccf9 ff17 | ca12 40b9 | 40f1 7dd3 
  0x00000001173dac5c: c038 ffb4 | 8a17 40f9 | ea64 00b4 | 8b1f 40f9 | 4c21 00d1 | 6a01 0a8b | 4081 1ff8 | 8c17 00f9 
  0x00000001173dac7c: bef9 ff17 | 8a2f 40f9 | 8c27 40f9 | bf3b 03d5 | 0b00 c039 | 4b33 ff34 | 1f00 0039 | ac01 00b5 
  0x00000001173dac9c: e103 1caa | c900 0010 

  0x00000001173daca4: ;   {runtime_call G1BarrierSetRuntime::write_ref_field_post_entry(unsigned char volatile*, JavaThread*)}
  0x00000001173daca4: 087e 83d2 | c879 a0f2 | 2800 c0f2 | ff27 bfa9 | 0001 3fd6 

  0x00000001173dacb8: ;   {other}
  0x00000001173dacb8: 1f20 03d5 | 1f00 80f2 | 1f00 80f2 | ff43 0091 | 8cf9 ff17 | 8b21 00d1 | 4a01 0c8b | 4081 1ff8 
  0x00000001173dacd8: 8b27 00f9 | 87f9 ff17 | 8a2f 40f9 | 8b27 40f9 | bf3b 03d5 | 0d00 c039 | 6d33 ff34 | 1f00 0039 
  0x00000001173dacf8: ab01 00b5 | e103 1caa | c900 0010 

  0x00000001173dad04: ;   {runtime_call G1BarrierSetRuntime::write_ref_field_post_entry(unsigned char volatile*, JavaThread*)}
  0x00000001173dad04: 087e 83d2 | c879 a0f2 | 2800 c0f2 | ff27 bfa9 | 0001 3fd6 

  0x00000001173dad18: ;   {other}
  0x00000001173dad18: 1f20 03d5 | 1f00 80f2 | 1f00 80f2 | ff43 0091 | 8df9 ff17 | 6c21 00d1 | 4a01 0b8b | 4081 1ff8 
  0x00000001173dad38: 8c27 00f9 | 88f9 ff17 

  0x00000001173dad40: ;   {metadata('com/android/tools/r8/internal/w50$$Lambda+0x000000e003c3cec8')}
  0x00000001173dad40: 01d9 99d2 | 6178 a0f2 | 011c c0f2 

  0x00000001173dad4c: ; ImmutableOopMap {rfp=Oop [0]=Oop }
                      ;*invokevirtual allocateInstance {reexecute=0 rethrow=0 return_oop=1}
                      ; - java.lang.invoke.DirectMethodHandle::allocateInstance@12 (line 501)
                      ; - java.lang.invoke.DirectMethodHandle$Holder::newInvokeSpecial@1
                      ; - java.lang.invoke.Invokers$Holder::linkToTargetMethod@5
                      ; - com.android.tools.r8.internal.w50::b@2 (line 4)
                      ;   {runtime_call _new_instance_Java}
  0x00000001173dad4c: edbf 3c97 

  0x00000001173dad50: ;   {other}
  0x00000001173dad50: 1f20 03d5 | 1f98 84f2 | 1f20 85f2 | 84f8 ff17 | fd03 0eaa 

  0x00000001173dad64: ;   {metadata('com/android/tools/r8/internal/zv3')}
  0x00000001173dad64: 0100 99d2 | 6162 a0f2 | 011c c0f2 

  0x00000001173dad70: ; ImmutableOopMap {rfp=Oop }
                      ;*new {reexecute=0 rethrow=0 return_oop=1}
                      ; - com.android.tools.r8.internal.w50::b@168 (line 20)
                      ;   {runtime_call _new_instance_Java}
  0x00000001173dad70: e4bf 3c97 

  0x00000001173dad74: ;   {other}
  0x00000001173dad74: 1f20 03d5 | 9f9c 84f2 | 1f40 85f2 | ee03 1daa | 3ffb ff17 | e11f 00f9 | eb1f 00b9 | e617 04a9 
  0x00000001173dad94: e48f 02a9 | f113 00f9 | ec1b 00b9 | edbb 00a9 | e203 00f9 | fd03 0aaa | e103 05aa 

  0x00000001173dadb0: ; ImmutableOopMap {rfp=Oop [0]=Oop [8]=Oop [16]=Oop [32]=Oop [40]=Oop [48]=Oop [56]=Oop [64]=Oop [72]=Oop }
                      ;*invokestatic identityHashCode {reexecute=0 rethrow=0 return_oop=0}
                      ; - java.util.IdentityHashMap::hash@1 (line 306)
                      ; - java.util.IdentityHashMap::get@17 (line 340)
                      ; - java.util.Map::computeIfAbsent@7 (line 1064)
                      ; - com.android.tools.r8.internal.w50::b@11 (line 1)
                      ; - com.android.tools.r8.internal.w50$$Lambda/0x000000e003c3cec8::accept@5
                      ; - java.util.LinkedHashMap$LinkedValues::forEach@77 (line 833)
                      ; - com.android.tools.r8.internal.w50::b@7 (line 4)
                      ;   {static_call}
  0x00000001173dadb0: 7456 3997 

  0x00000001173dadb4: ;   {other}
  0x00000001173dadb4: 1f20 03d5 | 9fa4 84f2 | 1f60 85f2 | ea03 1daa | e237 40a9 | ee0b 40f9 | ec1b 40b9 | f113 42a9 
  0x00000001173dadd4: e307 43a9 | e617 44a9 | eb1f 40b9 | c5fb ff17 | ab13 40b9 | 62f1 7dd3 | ea1f 40f9 | 5f00 0aeb 
  0x00000001173dadf4: 6100 0054 | f303 1daa | 04fd ff17 | e103 0aaa 

  0x00000001173dae04: ; ImmutableOopMap {rfp=Oop [0]=Oop [8]=Oop [16]=Oop [32]=Oop [48]=Oop [56]=Oop [64]=Oop [80]=Oop }
                      ;*invokevirtual equals {reexecute=0 rethrow=0 return_oop=0}
                      ; - java.util.HashMap::putVal@203 (line 654)
                      ; - java.util.HashMap::put@9 (line 618)
                      ; - java.util.HashSet::add@8 (line 229)
                      ; - com.android.tools.r8.internal.do3::c@13 (line 3)
                      ; - com.android.tools.r8.internal.u50::a@2 (line 1)
                      ; - com.android.tools.r8.internal.w50::b@100 (line 13)
                      ;   {optimized virtual_call}
  0x00000001173dae04: df54 3997 

  0x00000001173dae08: ;   {other}
  0x00000001173dae08: 1f20 03d5 | 1faf 84f2 | 1f80 85f2 | 20cc ff34 | f303 1daa | fcfc ff17 | e103 0eaa 

  0x00000001173dae24: ; ImmutableOopMap {[8]=Oop [16]=Oop [32]=Oop [48]=Oop [56]=Oop }
                      ;*invokestatic identityHashCode {reexecute=0 rethrow=0 return_oop=0}
                      ; - java.util.IdentityHashMap::hash@1 (line 306)
                      ; - java.util.IdentityHashMap::get@17 (line 340)
                      ; - com.android.tools.r8.internal.do3::a@13 (line 3)
                      ; - com.android.tools.r8.internal.u50::b@8 (line 1)
                      ; - com.android.tools.r8.internal.w50::b@69 (line 10)
                      ;   {static_call}
  0x00000001173dae24: 5756 3997 

  0x00000001173dae28: ;   {other}
  0x00000001173dae28: 1f20 03d5 | 1fb3 84f2 | 1fa0 85f2 | 52fc ff17 | e11f 40f9 

  0x00000001173dae3c: ; ImmutableOopMap {[0]=Oop [8]=Oop [16]=Oop [32]=Oop [48]=Oop [56]=Oop [64]=Oop }
                      ;*invokevirtual hashCode {reexecute=0 rethrow=0 return_oop=0}
                      ; - java.util.HashMap::hash@9 (line 338)
                      ; - java.util.HashMap::put@2 (line 618)
                      ; - java.util.HashSet::add@8 (line 229)
                      ; - com.android.tools.r8.internal.do3::c@13 (line 3)
                      ; - com.android.tools.r8.internal.u50::a@2 (line 1)
                      ; - com.android.tools.r8.internal.w50::b@100 (line 13)
                      ;   {optimized virtual_call}
  0x00000001173dae3c: d154 3997 

  0x00000001173dae40: ;   {other}
  0x00000001173dae40: 1f20 03d5 | 1fb6 84f2 | 1fc0 85f2 | b9fc ff17 | ea33 40f9 | 4b01 40b9 | 60f1 7dd3 | c0ab ffb4 
  0x00000001173dae60: 8a17 40f9 | aa6c 00b4 | 8b1f 40f9 | 4c21 00d1 | 6a01 0a8b | 4081 1ff8 | 8c17 00f9 | 56fd ff17 
  0x00000001173dae80: 8a27 40f9 | 8b2f 40f9 | bf3b 03d5 | 0c00 c039 | 2cac ff34 | 1f00 0039 | aa01 00b5 | e103 1caa 
  0x00000001173daea0: c900 0010 

  0x00000001173daea4: ;   {runtime_call G1BarrierSetRuntime::write_ref_field_post_entry(unsigned char volatile*, JavaThread*)}
  0x00000001173daea4: 087e 83d2 | c879 a0f2 | 2800 c0f2 | ff27 bfa9 | 0001 3fd6 

  0x00000001173daeb8: ;   {other}
  0x00000001173daeb8: 1f20 03d5 | 1f00 80f2 | 1f00 80f2 | ff43 0091 | 53fd ff17 | 4c21 00d1 | 6a01 0a8b | 4081 1ff8 
  0x00000001173daed8: 8c27 00f9 | 4efd ff17 | ec0b 00f9 | e203 00f9 

  0x00000001173daee8: ;   {metadata('java/util/ArrayList')}
  0x00000001173daee8: 01b8 96d2 | 6101 a0f2 | 011c c0f2 

  0x00000001173daef4: ; ImmutableOopMap {[0]=Oop [16]=Oop }
                      ;*new {reexecute=0 rethrow=0 return_oop=1}
                      ; - com.android.tools.r8.internal.g02::a@1 (line 14)
                      ; - com.android.tools.r8.internal.v50::a@7 (line 44)
                      ; - com.android.tools.r8.internal.w50::b@164 (line 19)
                      ;   {runtime_call _new_instance_Java}
  0x00000001173daef4: 83bf 3c97 

  0x00000001173daef8: ;   {other}
  0x00000001173daef8: 1f20 03d5 | 1fcd 84f2 | 1fe0 85f2 | 7bfa ff17 

  0x00000001173daf08: ;   {metadata('java/lang/Object'[])}
  0x00000001173daf08: 0148 82d2 | 0100 a0f2 | 011c c0f2 | e203 002a 

  0x00000001173daf18: ; ImmutableOopMap {rfp=Oop [0]=Oop [16]=Oop }
                      ;*anewarray {reexecute=0 rethrow=0 return_oop=1}
                      ; - java.util.ArrayList::<init>@10 (line 156)
                      ; - com.android.tools.r8.internal.g02::a@12 (line 14)
                      ; - com.android.tools.r8.internal.v50::a@7 (line 44)
                      ; - com.android.tools.r8.internal.w50::b@164 (line 19)
                      ;   {runtime_call _new_array_Java}
  0x00000001173daf18: dacb 3c97 

  0x00000001173daf1c: ;   {other}
  0x00000001173daf1c: 1f20 03d5 | 9fd1 84f2 | 1f00 86f2 | f303 00aa | a2fa ff17 | af02 40b9 | e0f1 7dd3 | 607a ffb4 
  0x00000001173daf3c: 8b17 40f9 | 4b67 00b4 | 8f1f 40f9 | 6121 00d1 | eb01 0b8b | 6081 1ff8 | 8117 00f9 | cbfb ff17 
  0x00000001173daf5c: 8b2f 40f9 | 8f27 40f9 | bf3b 03d5 | 1000 c039 | 7004 0034 | 1f00 0039 | cf00 00b4 | f021 00d1 
  0x00000001173daf7c: 6b01 0f8b | 6081 1ff8 | 9027 00f9 | 1c00 0014 | fa03 05aa | fb03 03aa | f503 02aa | f903 11aa 
  0x00000001173daf9c: f703 0eaa | f603 0daa | f803 0c2a | f403 0aaa | e103 1caa | c900 0010 

  0x00000001173dafb4: ;   {runtime_call G1BarrierSetRuntime::write_ref_field_post_entry(unsigned char volatile*, JavaThread*)}
  0x00000001173dafb4: 087e 83d2 | c879 a0f2 | 2800 c0f2 | ff27 bfa9 | 0001 3fd6 

  0x00000001173dafc8: ;   {other}
  0x00000001173dafc8: 1f20 03d5 | 1f00 80f2 | 1f00 80f2 | ff43 0091 | ea03 14aa | e203 15aa | ed03 16aa | ee03 17aa 
  0x00000001173dafe8: ec03 182a | f103 19aa | e503 1aaa | e303 1baa | 7010 40b9 | b1fb ff17 | ab03 40b9 | 60f1 7dd3 
  0x00000001173db008: 4097 ffb4 | 8a17 40f9 | 4a65 00b4 | 8b1f 40f9 | 4c21 00d1 | 6a01 0a8b | 4081 1ff8 | 8c17 00f9 
  0x00000001173db028: b2fc ff17 | 8a2f 40f9 | 8b27 40f9 | bf3b 03d5 | 0c00 c039 | ec97 ff34 | 1f00 0039 | ab01 00b5 
  0x00000001173db048: e103 1caa | c900 0010 

  0x00000001173db050: ;   {runtime_call G1BarrierSetRuntime::write_ref_field_post_entry(unsigned char volatile*, JavaThread*)}
  0x00000001173db050: 087e 83d2 | c879 a0f2 | 2800 c0f2 | ff27 bfa9 | 0001 3fd6 

  0x00000001173db064: ;   {other}
  0x00000001173db064: 1f20 03d5 | 1f00 80f2 | 1f00 80f2 | ff43 0091 | b1fc ff17 | 6c21 00d1 | 4a01 0b8b | 4081 1ff8 
  0x00000001173db084: 8c27 00f9 | acfc ff17 | 6103 8012 | fd0b 40f9 | e257 00a9 | f313 00f9 | f41f 00b9 

  0x00000001173db0a0: ; ImmutableOopMap {rfp=Oop [0]=Oop [8]=Oop [32]=Oop }
                      ;*aaload {reexecute=0 rethrow=0 return_oop=0}
                      ; - java.util.ArrayDeque::elementAt@2 (line 258)
                      ; - java.util.ArrayDeque::pollLast@17 (line 389)
                      ; - java.util.ArrayDeque::removeLast@1 (line 369)
                      ; - com.android.tools.r8.internal.w50::b@26 (line 6)
                      ;   {runtime_call UncommonTrapBlob}
  0x00000001173db0a0: b86f 3997 

  0x00000001173db0a4: ;   {other}
  0x00000001173db0a4: 1f20 03d5 | 9f02 85f2 | 1f20 86f2 | 2104 8012 | fd03 0aaa | e257 00a9 

  0x00000001173db0bc: ; ImmutableOopMap {rfp=Oop [0]=Oop [8]=Oop }
                      ;*invokevirtual removeLast {reexecute=0 rethrow=0 return_oop=0}
                      ; - com.android.tools.r8.internal.w50::b@26 (line 6)
                      ;   {runtime_call UncommonTrapBlob}
  0x00000001173db0bc: b16f 3997 

  0x00000001173db0c0: ;   {other}
  0x00000001173db0c0: 1f20 03d5 | 1f06 85f2 | 1f40 86f2 | 2104 8012 | fd13 40f9 

  0x00000001173db0d4: ; ImmutableOopMap {rfp=Oop }
                      ;*checkcast {reexecute=0 rethrow=0 return_oop=0}
                      ; - com.android.tools.r8.internal.w50::b@29 (line 6)
                      ;   {runtime_call UncommonTrapBlob}
  0x00000001173db0d4: ab6f 3997 

  0x00000001173db0d8: ;   {other}
  0x00000001173db0d8: 1f20 03d5 | 1f09 85f2 | 1f60 86f2 | ab17 40b9 | 60f1 7dd3 | e0a5 ffb4 | 8a17 40f9 | 2a61 00b4 
  0x00000001173db0f8: 8b1f 40f9 | 4c21 00d1 | 6a01 0a8b | 4081 1ff8 | 8c17 00f9 | 27fd ff17 | e12b 40f9 

  0x00000001173db114: ; ImmutableOopMap {[4]=NarrowOop [8]=Oop [16]=Oop [32]=Oop [48]=Oop [56]=Oop [72]=Oop [80]=Oop }
                      ;*invokestatic identityHashCode {reexecute=0 rethrow=0 return_oop=0}
                      ; - java.util.IdentityHashMap::hash@1 (line 306)
                      ; - java.util.IdentityHashMap::put@19 (line 440)
                      ; - com.android.tools.r8.internal.v50::b@14 (line 3)
                      ; - com.android.tools.r8.internal.v50::b@5 (line 1)
                      ; - com.android.tools.r8.internal.w50::b@69 (line 10)
                      ;   {static_call}
  0x00000001173db114: 9b55 3997 

  0x00000001173db118: ;   {other}
  0x00000001173db118: 1f20 03d5 | 1f11 85f2 | 1f80 86f2 | 17fd ff17 | ea07 40f9 | ea03 00f9 | ea2b 40f9 | ea0b 00f9 
  0x00000001173db138: ea27 40f9 | ea0f 00f9 | fd13 40f9 | ea1b 40f9 | 6103 8012 | ea13 00f9 | e247 00b9 

  0x00000001173db154: ; ImmutableOopMap {rfp=Oop [0]=Oop [16]=Oop [24]=Oop [32]=Oop [56]=Oop }
                      ;*aaload {reexecute=0 rethrow=0 return_oop=0}
                      ; - java.util.IdentityHashMap::put@28 (line 442)
                      ; - com.android.tools.r8.internal.v50::b@14 (line 3)
                      ; - com.android.tools.r8.internal.v50::b@5 (line 1)
                      ; - com.android.tools.r8.internal.w50::b@69 (line 10)
                      ;   {runtime_call UncommonTrapBlob}
  0x00000001173db154: 8b6f 3997 

  0x00000001173db158: ;   {other}
  0x00000001173db158: 1f20 03d5 | 1f19 85f2 | 1fa0 86f2 | ea07 40f9 | ea03 00f9 | ea03 0baa | 2105 8012 | fd0b 40f9 
  0x00000001173db178: ead7 01a9 | f31b 00f9 | f43b 00b9 

  0x00000001173db184: ; ImmutableOopMap {rfp=Oop [0]=Oop [24]=Oop [32]=Oop [48]=Oop [64]=Oop }
                      ;*aastore {reexecute=1 rethrow=0 return_oop=0}
                      ; - (reexecute) java.util.ArrayDeque::addLast@23 (line 304)
                      ; - com.android.tools.r8.internal.w50::b@62 (line 8)
                      ;   {runtime_call UncommonTrapBlob}
  0x00000001173db184: 7f6f 3997 

  0x00000001173db188: ;   {other}
  0x00000001173db188: 1f20 03d5 | 1f1f 85f2 | 1fc0 86f2 | e103 1caa | c900 0010 

  0x00000001173db19c: ;   {runtime_call G1BarrierSetRuntime::write_ref_field_pre_entry(oopDesc*, JavaThread*)}
  0x00000001173db19c: 0879 83d2 | c879 a0f2 | 2800 c0f2 | ff27 bfa9 | 0001 3fd6 

  0x00000001173db1b0: ;   {other}
  0x00000001173db1b0: 1f20 03d5 | 1f00 80f2 | 1f00 80f2 | ff43 0091 | cff8 ff17 | ea07 40f9 | ea03 00f9 | ea23 40f9 
  0x00000001173db1d0: ea07 00f9 | ea27 40f9 | ea13 00f9 | fd1b 40f9 | ea2b 40f9 | 6103 8012 | ecab 02a9 | eb3f 00b9 
  0x00000001173db1f0: ; ImmutableOopMap {rfp=Oop [0]=Oop [8]=Oop [32]=Oop [40]=Oop [48]=Oop [72]=Oop }
                      ;*aaload {reexecute=0 rethrow=0 return_oop=0}
                      ; - java.util.IdentityHashMap::remove@59 (line 549)
                      ; - com.android.tools.r8.internal.v32::a@2 (line 16)
                      ; - com.android.tools.r8.internal.v50::a@12 (line 42)
                      ; - com.android.tools.r8.internal.v50::a@5 (line 36)
                      ; - com.android.tools.r8.internal.w50::b@100 (line 13)
                      ;   {runtime_call UncommonTrapBlob}
  0x00000001173db1f0: 646f 3997 

  0x00000001173db1f4: ;   {other}
  0x00000001173db1f4: 1f20 03d5 | 9f2c 85f2 | 1fe0 86f2 | ea07 40f9 | ea03 00f9 | ea23 40f9 | ea07 00f9 | ea27 40f9 
  0x00000001173db214: ea13 00f9 | ea1f 40f9 | 6103 8012 | fd1b 40f9 | ea17 00f9 

  0x00000001173db228: ; ImmutableOopMap {rfp=Oop [0]=Oop [8]=Oop [32]=Oop [40]=Oop [72]=Oop [80]=Oop [96]=Oop }
                      ;*aastore {reexecute=1 rethrow=0 return_oop=0}
                      ; - (reexecute) java.util.IdentityHashMap::remove@73 (line 551)
                      ; - com.android.tools.r8.internal.v32::a@2 (line 16)
                      ; - com.android.tools.r8.internal.v50::a@12 (line 42)
                      ; - com.android.tools.r8.internal.v50::a@5 (line 36)
                      ; - com.android.tools.r8.internal.w50::b@100 (line 13)
                      ;   {runtime_call UncommonTrapBlob}
  0x00000001173db228: 566f 3997 

  0x00000001173db22c: ;   {other}
  0x00000001173db22c: 1f20 03d5 | 9f33 85f2 | 1f00 87f2 | ea1b 40f9 | fd03 0aaa | e807 40f9 | e803 00f9 | ea23 40f9 
  0x00000001173db24c: ea07 00f9 | ea27 40f9 | ea13 00f9 | ea2b 40f9 | 6103 8012 | ea1f 00f9 | eb47 00b9 

  0x00000001173db268: ; ImmutableOopMap {rfp=Oop [0]=Oop [8]=Oop [32]=Oop [56]=Oop [96]=Oop }
                      ;*aaload {reexecute=0 rethrow=0 return_oop=0}
                      ; - java.util.IdentityHashMap::closeDeletion@18 (line 610)
                      ; - java.util.IdentityHashMap::remove@77 (line 552)
                      ; - com.android.tools.r8.internal.v32::a@2 (line 16)
                      ; - com.android.tools.r8.internal.v50::a@12 (line 42)
                      ; - com.android.tools.r8.internal.v50::a@5 (line 36)
                      ; - com.android.tools.r8.internal.w50::b@100 (line 13)
                      ;   {runtime_call UncommonTrapBlob}
  0x00000001173db268: 466f 3997 

  0x00000001173db26c: ;   {other}
  0x00000001173db26c: 1f20 03d5 | 9f3b 85f2 | 1f20 87f2 | ea07 40f9 | ea03 00f9 | ea23 40f9 | ea07 00f9 | ea27 40f9 
  0x00000001173db28c: ea0f 00f9 | ea1f 40f9 | ea17 00f9 | ea2b 40f9 | 6103 8012 | fd1b 40f9 | ea1f 00f9 | eb53 00b9 
  0x00000001173db2ac: ; ImmutableOopMap {rfp=Oop [0]=Oop [8]=Oop [24]=Oop [40]=Oop [56]=Oop }
                      ;*aaload {reexecute=0 rethrow=0 return_oop=0}
                      ; - java.util.IdentityHashMap::remove@25 (line 544)
                      ; - com.android.tools.r8.internal.v32::a@2 (line 16)
                      ; - com.android.tools.r8.internal.v50::a@12 (line 42)
                      ; - com.android.tools.r8.internal.v50::a@5 (line 36)
                      ; - com.android.tools.r8.internal.w50::b@100 (line 13)
                      ;   {runtime_call UncommonTrapBlob}
  0x00000001173db2ac: 356f 3997 

  0x00000001173db2b0: ;   {other}
  0x00000001173db2b0: 1f20 03d5 | 1f44 85f2 | 1f40 87f2 | ea13 40f9 | ea0b 00f9 | ea27 40f9 | ea13 00f9 | ea1b 40f9 
  0x00000001173db2d0: ea17 00f9 | ea1f 40f9 | ea1b 00f9 | ea47 40b9 | 6103 8012 | ea3b 00b9 

  0x00000001173db2e8: ; ImmutableOopMap {[8]=Oop [16]=Oop [32]=Oop [40]=Oop [48]=Oop [80]=Oop }
                      ;*aastore {reexecute=1 rethrow=0 return_oop=0}
                      ; - (reexecute) java.util.IdentityHashMap::put@128 (line 460)
                      ; - com.android.tools.r8.internal.v50::b@14 (line 3)
                      ; - com.android.tools.r8.internal.v50::b@5 (line 1)
                      ; - com.android.tools.r8.internal.w50::b@69 (line 10)
                      ;   {runtime_call UncommonTrapBlob}
  0x00000001173db2e8: 266f 3997 

  0x00000001173db2ec: ;   {other}
  0x00000001173db2ec: 1f20 03d5 | 9f4b 85f2 | 1f60 87f2 | ea13 40f9 | ea0b 00f9 | ea27 40f9 | 2105 8012 | ea2f 02a9 
  0x00000001173db30c: ; ImmutableOopMap {[8]=Oop [16]=Oop [32]=Oop [40]=Oop [56]=Oop [80]=Oop }
                      ;*aastore {reexecute=1 rethrow=0 return_oop=0}
                      ; - (reexecute) java.util.IdentityHashMap::put@120 (line 459)
                      ; - com.android.tools.r8.internal.v50::b@14 (line 3)
                      ; - com.android.tools.r8.internal.v50::b@5 (line 1)
                      ; - com.android.tools.r8.internal.w50::b@69 (line 10)
                      ;   {runtime_call UncommonTrapBlob}
  0x00000001173db30c: 1d6f 3997 

  0x00000001173db310: ;   {other}
  0x00000001173db310: 1f20 03d5 | 1f50 85f2 | 1f80 87f2 | ab1b 40b9 | 60f1 7dd3 | a0a7 ffb4 | 8a17 40f9 | ea50 00b4 
  0x00000001173db330: 8b1f 40f9 | 4c21 00d1 | 6a01 0a8b | 4081 1ff8 | 8c17 00f9 | 35fd ff17 | eb07 40f9 | 4117 8012 
  0x00000001173db350: fd0b 40f9 | eb03 00f9 | ea0b 00b9 

  0x00000001173db35c: ; ImmutableOopMap {rfp=Oop [0]=Oop }
                      ;*if_icmpne {reexecute=1 rethrow=0 return_oop=0}
                      ; - (reexecute) com.android.tools.r8.internal.w50::b@43 (line 7)
                      ;   {runtime_call UncommonTrapBlob}
  0x00000001173db35c: 096f 3997 

  0x00000001173db360: ;   {other}
  0x00000001173db360: 1f20 03d5 | 1f5a 85f2 | 1fa0 87f2 | 8a2f 40f9 | 8b27 40f9 | bf3b 03d5 | 0c00 c039 | eca6 ff34 
  0x00000001173db380: 1f00 0039 | ab01 00b5 | e103 1caa | c900 0010 

  0x00000001173db390: ;   {runtime_call G1BarrierSetRuntime::write_ref_field_post_entry(unsigned char volatile*, JavaThread*)}
  0x00000001173db390: 087e 83d2 | c879 a0f2 | 2800 c0f2 | ff27 bfa9 | 0001 3fd6 

  0x00000001173db3a4: ;   {other}
  0x00000001173db3a4: 1f20 03d5 | 1f00 80f2 | 1f00 80f2 | ff43 0091 | 29fd ff17 | 6c21 00d1 | 4a01 0b8b | 4081 1ff8 
  0x00000001173db3c4: 8c27 00f9 | 24fd ff17 | 6b16 40b9 | 60f1 7dd3 | 0072 ffb4 | 8a17 40f9 | ea4c 00b4 | 8b1f 40f9 
  0x00000001173db3e4: 4c21 00d1 | 6a01 0a8b | 4081 1ff8 | 8c17 00f9 | 88fb ff17 | 8a27 40f9 | 8b2f 40f9 | bf3b 03d5 
  0x00000001173db404: 0c00 c039 | ec72 ff34 | 1f00 0039 | aa01 00b5 | e103 1caa | c900 0010 

  0x00000001173db41c: ;   {runtime_call G1BarrierSetRuntime::write_ref_field_post_entry(unsigned char volatile*, JavaThread*)}
  0x00000001173db41c: 087e 83d2 | c879 a0f2 | 2800 c0f2 | ff27 bfa9 | 0001 3fd6 

  0x00000001173db430: ;   {other}
  0x00000001173db430: 1f20 03d5 | 1f00 80f2 | 1f00 80f2 | ff43 0091 | 89fb ff17 | 4c21 00d1 | 6a01 0a8b | 4081 1ff8 
  0x00000001173db450: 8c27 00f9 | 84fb ff17 | fd03 1faa | 0200 0014 | fd03 0aaa | ea1b 40f9 | ea03 00f9 | ea27 40f9 
  0x00000001173db470: 4117 8012 | ea17 00f9 

  0x00000001173db478: ; ImmutableOopMap {rfp=Oop [0]=Oop [8]=Oop [40]=Oop [64]=Oop [72]=Oop }
                      ;*ifnull {reexecute=1 rethrow=0 return_oop=0}
                      ; - (reexecute) com.android.tools.r8.internal.v32::a@7 (line 16)
                      ; - com.android.tools.r8.internal.v50::a@12 (line 42)
                      ; - com.android.tools.r8.internal.v50::a@5 (line 36)
                      ; - com.android.tools.r8.internal.w50::b@100 (line 13)
                      ;   {runtime_call UncommonTrapBlob}
  0x00000001173db478: c26e 3997 

  0x00000001173db47c: ;   {other}
  0x00000001173db47c: 1f20 03d5 | 9f7d 85f2 | 1fc0 87f2 | ea07 40f9 | ea03 00f9 | ea23 40f9 | ea07 00f9 | ea27 40f9 
  0x00000001173db49c: ea0f 00f9 | ea1f 40f9 | ea17 00f9 | ea2b 40f9 | 6103 8012 | fd1b 40f9 | ea1f 00f9 

  0x00000001173db4b8: ; ImmutableOopMap {rfp=Oop [0]=Oop [8]=Oop [24]=Oop [40]=Oop [56]=Oop }
                      ;*aaload {reexecute=0 rethrow=0 return_oop=0}
                      ; - java.util.IdentityHashMap::remove@25 (line 544)
                      ; - com.android.tools.r8.internal.v32::a@2 (line 16)
                      ; - com.android.tools.r8.internal.v50::a@12 (line 42)
                      ; - com.android.tools.r8.internal.v50::a@5 (line 36)
                      ; - com.android.tools.r8.internal.w50::b@100 (line 13)
                      ;   {runtime_call UncommonTrapBlob}
  0x00000001173db4b8: b26e 3997 

  0x00000001173db4bc: ;   {other}
  0x00000001173db4bc: 1f20 03d5 | 9f85 85f2 | 1fe0 87f2 | e103 1caa | c900 0010 

  0x00000001173db4d0: ;   {runtime_call G1BarrierSetRuntime::write_ref_field_pre_entry(oopDesc*, JavaThread*)}
  0x00000001173db4d0: 0879 83d2 | c879 a0f2 | 2800 c0f2 | ff27 bfa9 | 0001 3fd6 

  0x00000001173db4e4: ;   {other}
  0x00000001173db4e4: 1f20 03d5 | 1f00 80f2 | 1f00 80f2 | ff43 0091 | 24f7 ff17 | e103 1caa | c900 0010 

  0x00000001173db500: ;   {runtime_call G1BarrierSetRuntime::write_ref_field_pre_entry(oopDesc*, JavaThread*)}
  0x00000001173db500: 0879 83d2 | c879 a0f2 | 2800 c0f2 | ff27 bfa9 | 0001 3fd6 

  0x00000001173db514: ;   {other}
  0x00000001173db514: 1f20 03d5 | 1f00 80f2 | 1f00 80f2 | ff43 0091 | 26f7 ff17 | e103 1caa | c900 0010 

  0x00000001173db530: ;   {runtime_call G1BarrierSetRuntime::write_ref_field_pre_entry(oopDesc*, JavaThread*)}
  0x00000001173db530: 0879 83d2 | c879 a0f2 | 2800 c0f2 | ff27 bfa9 | 0001 3fd6 

  0x00000001173db544: ;   {other}
  0x00000001173db544: 1f20 03d5 | 1f00 80f2 | 1f00 80f2 | ff43 0091 | 8af8 ff17 | e103 1caa | c900 0010 

  0x00000001173db560: ;   {runtime_call G1BarrierSetRuntime::write_ref_field_pre_entry(oopDesc*, JavaThread*)}
  0x00000001173db560: 0879 83d2 | c879 a0f2 | 2800 c0f2 | ff27 bfa9 | 0001 3fd6 

  0x00000001173db574: ;   {other}
  0x00000001173db574: 1f20 03d5 | 1f00 80f2 | 1f00 80f2 | ff43 0091 | 94f8 ff17 | ea07 40f9 | ea03 00f9 | ea23 40f9 
  0x00000001173db594: ea07 00f9 | ea27 40f9 | ea13 00f9 | ea2b 40f9 | 6103 8012 | fd1b 40f9 | ea1f 00f9 

  0x00000001173db5b0: ; ImmutableOopMap {rfp=Oop [0]=Oop [8]=Oop [32]=Oop [56]=Oop [96]=Oop }
                      ;*aaload {reexecute=0 rethrow=0 return_oop=0}
                      ; - java.util.IdentityHashMap::closeDeletion@18 (line 610)
                      ; - java.util.IdentityHashMap::remove@77 (line 552)
                      ; - com.android.tools.r8.internal.v32::a@2 (line 16)
                      ; - com.android.tools.r8.internal.v50::a@12 (line 42)
                      ; - com.android.tools.r8.internal.v50::a@5 (line 36)
                      ; - com.android.tools.r8.internal.w50::b@100 (line 13)
                      ;   {runtime_call UncommonTrapBlob}
  0x00000001173db5b0: 746e 3997 

  0x00000001173db5b4: ;   {other}
  0x00000001173db5b4: 1f20 03d5 | 9fa4 85f2 | 1f00 88f2 | 6103 8012 | fd03 40f9 | ed0b 00f9 | eb1b 00b9 | f313 00f9 
  0x00000001173db5d4: ; ImmutableOopMap {rfp=Oop [8]=Oop [16]=Oop [32]=Oop }
                      ;*aaload {reexecute=0 rethrow=0 return_oop=0}
                      ; - java.util.IdentityHashMap::get@39 (line 344)
                      ; - com.android.tools.r8.internal.v50::c@5 (line 1)
                      ; - com.android.tools.r8.internal.v50$$Lambda/0x000000e003c3ea30::apply@5
                      ; - com.android.tools.r8.internal.g02::a@38 (line 16)
                      ; - com.android.tools.r8.internal.v50::a@7 (line 44)
                      ; - com.android.tools.r8.internal.w50::b@164 (line 19)
                      ;   {runtime_call UncommonTrapBlob}
  0x00000001173db5d4: 6b6e 3997 

  0x00000001173db5d8: ;   {other}
  0x00000001173db5d8: 1f20 03d5 | 1fa9 85f2 | 1f20 88f2 | 6103 8012 | f40b 00f9 | e013 00f9 | ef1f 00b9 | f317 00f9 
  0x00000001173db5f8: ; ImmutableOopMap {rfp=Oop [0]=Oop [16]=Oop [32]=Oop [40]=Oop }
                      ;*aastore {reexecute=1 rethrow=0 return_oop=0}
                      ; - (reexecute) java.util.ArrayList::add@14 (line 484)
                      ; - java.util.ArrayList::add@20 (line 496)
                      ; - com.android.tools.r8.internal.g02::a@43 (line 16)
                      ; - com.android.tools.r8.internal.v50::a@7 (line 44)
                      ; - com.android.tools.r8.internal.w50::b@164 (line 19)
                      ;   {runtime_call UncommonTrapBlob}
  0x00000001173db5f8: 626e 3997 

  0x00000001173db5fc: ;   {other}
  0x00000001173db5fc: 1f20 03d5 | 9fad 85f2 | 1f40 88f2 | 6103 8012 | ee0f 00f9 | ed1b 00f9 | eb2f 00b9 | f31f 00f9 
  0x00000001173db61c: ; ImmutableOopMap {[0]=Oop [8]=Oop [24]=Oop [48]=Oop [56]=Oop }
                      ;*aaload {reexecute=0 rethrow=0 return_oop=0}
                      ; - java.util.IdentityHashMap::get@25 (line 342)
                      ; - com.android.tools.r8.internal.v50::c@5 (line 1)
                      ; - com.android.tools.r8.internal.v50$$Lambda/0x000000e003c3ea30::apply@5
                      ; - com.android.tools.r8.internal.g02::a@38 (line 16)
                      ; - com.android.tools.r8.internal.v50::a@7 (line 44)
                      ; - com.android.tools.r8.internal.w50::b@164 (line 19)
                      ;   {runtime_call UncommonTrapBlob}
  0x00000001173db61c: 596e 3997 

  0x00000001173db620: ;   {other}
  0x00000001173db620: 1f20 03d5 | 1fb2 85f2 | 1f60 88f2 | 2105 8012 | f40b 00f9 | e013 00f9 | ef1f 00b9 | f317 00f9 
  0x00000001173db640: ; ImmutableOopMap {rfp=Oop [0]=Oop [16]=Oop [32]=Oop [40]=Oop }
                      ;*aastore {reexecute=1 rethrow=0 return_oop=0}
                      ; - (reexecute) java.util.ArrayList::add@14 (line 484)
                      ; - java.util.ArrayList::add@20 (line 496)
                      ; - com.android.tools.r8.internal.g02::a@43 (line 16)
                      ; - com.android.tools.r8.internal.v50::a@7 (line 44)
                      ; - com.android.tools.r8.internal.w50::b@164 (line 19)
                      ;   {runtime_call UncommonTrapBlob}
  0x00000001173db640: 506e 3997 

  0x00000001173db644: ;   {other}
  0x00000001173db644: 1f20 03d5 | 9fb6 85f2 | 1f80 88f2 | ea03 13aa | 0200 0014 | ea03 13aa | 6101 8012 | fd03 40f9 
  0x00000001173db664: ea0b 00f9 

  0x00000001173db668: ; ImmutableOopMap {rfp=Oop [8]=Oop [16]=Oop }
                      ;*checkcast {reexecute=0 rethrow=0 return_oop=0}
                      ; - com.android.tools.r8.internal.v50::c@8 (line 1)
                      ; - com.android.tools.r8.internal.v50$$Lambda/0x000000e003c3ea30::apply@5
                      ; - com.android.tools.r8.internal.g02::a@38 (line 16)
                      ; - com.android.tools.r8.internal.v50::a@7 (line 44)
                      ; - com.android.tools.r8.internal.w50::b@164 (line 19)
                      ;   {runtime_call UncommonTrapBlob}
  0x00000001173db668: 466e 3997 

  0x00000001173db66c: ;   {other}
  0x00000001173db66c: 1f20 03d5 | 9fbb 85f2 | 1fa0 88f2 | 6103 8012 | ee0f 00f9 | ed1b 00f9 | eb2f 00b9 | f31f 00f9 
  0x00000001173db68c: ; ImmutableOopMap {[0]=Oop [8]=Oop [24]=Oop [48]=Oop [56]=Oop }
                      ;*aaload {reexecute=0 rethrow=0 return_oop=0}
                      ; - java.util.IdentityHashMap::get@25 (line 342)
                      ; - com.android.tools.r8.internal.v50::c@5 (line 1)
                      ; - com.android.tools.r8.internal.v50$$Lambda/0x000000e003c3ea30::apply@5
                      ; - com.android.tools.r8.internal.g02::a@38 (line 16)
                      ; - com.android.tools.r8.internal.v50::a@7 (line 44)
                      ; - com.android.tools.r8.internal.w50::b@164 (line 19)
                      ;   {runtime_call UncommonTrapBlob}
  0x00000001173db68c: 3d6e 3997 

  0x00000001173db690: ;   {other}
  0x00000001173db690: 1f20 03d5 | 1fc0 85f2 | 1fc0 88f2 | 2107 8012 | ed0b 00f9 

  0x00000001173db6a4: ; ImmutableOopMap {rfp=Oop [0]=Oop [16]=Oop }
                      ;*invokeinterface forEach {reexecute=0 rethrow=0 return_oop=0}
                      ; - com.android.tools.r8.internal.w50::b@7 (line 4)
                      ;   {runtime_call UncommonTrapBlob}
  0x00000001173db6a4: 376e 3997 

  0x00000001173db6a8: ;   {other}
  0x00000001173db6a8: 1f20 03d5 | 1fc3 85f2 | 1fe0 88f2 | 2107 8012 | fd03 0aaa | e203 00f9 

  0x00000001173db6c0: ; ImmutableOopMap {rfp=Oop [0]=Oop }
                      ;*invokevirtual a {reexecute=0 rethrow=0 return_oop=0}
                      ; - com.android.tools.r8.internal.w50::b@164 (line 19)
                      ;   {runtime_call UncommonTrapBlob}
  0x00000001173db6c0: 306e 3997 

  0x00000001173db6c4: ;   {other}
  0x00000001173db6c4: 1f20 03d5 | 9fc6 85f2 | 1f00 89f2 | f603 0f2a | f503 0a2a | e103 1caa | c900 0010 

  0x00000001173db6e0: ;   {runtime_call G1BarrierSetRuntime::write_ref_field_pre_entry(oopDesc*, JavaThread*)}
  0x00000001173db6e0: 0879 83d2 | c879 a0f2 | 2800 c0f2 | ff27 bfa9 | 0001 3fd6 

  0x00000001173db6f4: ;   {other}
  0x00000001173db6f4: 1f20 03d5 | 1f00 80f2 | 1f00 80f2 | ff43 0091 | ef03 162a | ea03 152a | 0df9 ff17 | 4117 8012 
  0x00000001173db714: eeb7 00a9 | ec43 0329 

  0x00000001173db71c: ; ImmutableOopMap {rfp=Oop [8]=Oop [16]=Oop }
                      ;*ifeq {reexecute=1 rethrow=0 return_oop=0}
                      ; - (reexecute) java.util.LinkedHashMap$LinkedValues::forEach@24 (line 828)
                      ; - com.android.tools.r8.internal.w50::b@7 (line 4)
                      ;   {runtime_call UncommonTrapBlob}
  0x00000001173db71c: 196e 3997 

  0x00000001173db720: ;   {other}
  0x00000001173db720: 1f20 03d5 | 1fd2 85f2 | 1f20 89f2 | 4117 8012 | fd03 0aaa | ee03 00f9 | eb33 0129 

  0x00000001173db73c: ; ImmutableOopMap {rfp=Oop [0]=Oop }
                      ;*if_icmpeq {reexecute=1 rethrow=0 return_oop=0}
                      ; - (reexecute) java.util.LinkedHashMap$LinkedValues::forEach@98 (line 835)
                      ; - com.android.tools.r8.internal.w50::b@7 (line 4)
                      ;   {runtime_call UncommonTrapBlob}
  0x00000001173db73c: 116e 3997 

  0x00000001173db740: ;   {other}
  0x00000001173db740: 1f20 03d5 | 1fd6 85f2 | 1f40 89f2 | e103 1caa | c900 0010 

  0x00000001173db754: ;   {runtime_call G1BarrierSetRuntime::write_ref_field_pre_entry(oopDesc*, JavaThread*)}
  0x00000001173db754: 0879 83d2 | c879 a0f2 | 2800 c0f2 | ff27 bfa9 | 0001 3fd6 

  0x00000001173db768: ;   {other}
  0x00000001173db768: 1f20 03d5 | 1f00 80f2 | 1f00 80f2 | ff43 0091 | 92f8 ff17 | ea07 40f9 | ea03 00f9 | ea23 40f9 
  0x00000001173db788: ea07 00f9 | ea27 40f9 | ea13 00f9 | ea2b 40f9 | 6103 8012 | fd1b 40f9 | ea1f 00f9 

  0x00000001173db7a4: ; ImmutableOopMap {rfp=Oop [0]=Oop [8]=Oop [32]=Oop [56]=Oop [96]=Oop [112]=Oop }
                      ;*aastore {reexecute=1 rethrow=0 return_oop=0}
                      ; - (reexecute) java.util.IdentityHashMap::closeDeletion@68 (line 620)
                      ; - java.util.IdentityHashMap::remove@77 (line 552)
                      ; - com.android.tools.r8.internal.v32::a@2 (line 16)
                      ; - com.android.tools.r8.internal.v50::a@12 (line 42)
                      ; - com.android.tools.r8.internal.v50::a@5 (line 36)
                      ; - com.android.tools.r8.internal.w50::b@100 (line 13)
                      ;   {runtime_call UncommonTrapBlob}
  0x00000001173db7a4: f76d 3997 

  0x00000001173db7a8: ;   {other}
  0x00000001173db7a8: 1f20 03d5 | 1fe3 85f2 | 1f60 89f2 | ea07 40f9 | ea03 00f9 | ea23 40f9 | ea07 00f9 | ea27 40f9 
  0x00000001173db7c8: ea13 00f9 | fd1b 40f9 | ea2b 40f9 | 6103 8012 | ea1b 00f9 | f353 0929 

  0x00000001173db7e0: ; ImmutableOopMap {rfp=Oop [0]=Oop [8]=Oop [32]=Oop [48]=Oop [96]=Oop }
                      ;*aaload {reexecute=0 rethrow=0 return_oop=0}
                      ; - java.util.IdentityHashMap::closeDeletion@78 (line 621)
                      ; - java.util.IdentityHashMap::remove@77 (line 552)
                      ; - com.android.tools.r8.internal.v32::a@2 (line 16)
                      ; - com.android.tools.r8.internal.v50::a@12 (line 42)
                      ; - com.android.tools.r8.internal.v50::a@5 (line 36)
                      ; - com.android.tools.r8.internal.w50::b@100 (line 13)
                      ;   {runtime_call UncommonTrapBlob}
  0x00000001173db7e0: e86d 3997 

  0x00000001173db7e4: ;   {other}
  0x00000001173db7e4: 1f20 03d5 | 9fea 85f2 | 1f80 89f2 | ea07 40f9 | ea03 00f9 | ea23 40f9 | ea07 00f9 | ea27 40f9 
  0x00000001173db804: ea13 00f9 | fd1b 40f9 | ea2b 40f9 | 6103 8012 | ea1b 00f9 | f34b 00b9 | f42b 00f9 

  0x00000001173db820: ; ImmutableOopMap {rfp=Oop [0]=Oop [8]=Oop [32]=Oop [48]=Oop [80]=Oop [96]=Oop }
                      ;*aastore {reexecute=1 rethrow=0 return_oop=0}
                      ; - (reexecute) java.util.IdentityHashMap::closeDeletion@79 (line 621)
                      ; - java.util.IdentityHashMap::remove@77 (line 552)
                      ; - com.android.tools.r8.internal.v32::a@2 (line 16)
                      ; - com.android.tools.r8.internal.v50::a@12 (line 42)
                      ; - com.android.tools.r8.internal.v50::a@5 (line 36)
                      ; - com.android.tools.r8.internal.w50::b@100 (line 13)
                      ;   {runtime_call UncommonTrapBlob}
  0x00000001173db820: d86d 3997 

  0x00000001173db824: ;   {other}
  0x00000001173db824: 1f20 03d5 | 9ff2 85f2 | 1fa0 89f2 | ea07 40f9 | ea03 00f9 | ea23 40f9 | ea07 00f9 | ea27 40f9 
  0x00000001173db844: ea13 00f9 | fd1b 40f9 | ea2b 40f9 | 6103 8012 | ea1b 00f9 

  0x00000001173db858: ; ImmutableOopMap {rfp=Oop [0]=Oop [8]=Oop [32]=Oop [48]=Oop [96]=Oop }
                      ;*aastore {reexecute=1 rethrow=0 return_oop=0}
                      ; - (reexecute) java.util.IdentityHashMap::closeDeletion@84 (line 622)
                      ; - java.util.IdentityHashMap::remove@77 (line 552)
                      ; - com.android.tools.r8.internal.v32::a@2 (line 16)
                      ; - com.android.tools.r8.internal.v50::a@12 (line 42)
                      ; - com.android.tools.r8.internal.v50::a@5 (line 36)
                      ; - com.android.tools.r8.internal.w50::b@100 (line 13)
                      ;   {runtime_call UncommonTrapBlob}
  0x00000001173db858: ca6d 3997 

  0x00000001173db85c: ;   {other}
  0x00000001173db85c: 1f20 03d5 | 9ff9 85f2 | 1fc0 89f2 | ea07 40f9 | ea03 00f9 | ea23 40f9 | ea07 00f9 | ea27 40f9 
  0x00000001173db87c: ea13 00f9 | ea2b 40f9 | 2105 8012 | fd1b 40f9 | ea1f 00f9 

  0x00000001173db890: ; ImmutableOopMap {rfp=Oop [0]=Oop [8]=Oop [32]=Oop [56]=Oop [96]=Oop [112]=Oop }
                      ;*aastore {reexecute=1 rethrow=0 return_oop=0}
                      ; - (reexecute) java.util.IdentityHashMap::closeDeletion@68 (line 620)
                      ; - java.util.IdentityHashMap::remove@77 (line 552)
                      ; - com.android.tools.r8.internal.v32::a@2 (line 16)
                      ; - com.android.tools.r8.internal.v50::a@12 (line 42)
                      ; - com.android.tools.r8.internal.v50::a@5 (line 36)
                      ; - com.android.tools.r8.internal.w50::b@100 (line 13)
                      ;   {runtime_call UncommonTrapBlob}
  0x00000001173db890: bc6d 3997 

  0x00000001173db894: ;   {other}
  0x00000001173db894: 1f20 03d5 | 9f00 86f2 | 1fe0 89f2 | e103 1caa | c900 0010 

  0x00000001173db8a8: ;   {runtime_call G1BarrierSetRuntime::write_ref_field_pre_entry(oopDesc*, JavaThread*)}
  0x00000001173db8a8: 0879 83d2 | c879 a0f2 | 2800 c0f2 | ff27 bfa9 | 0001 3fd6 

  0x00000001173db8bc: ;   {other}
  0x00000001173db8bc: 1f20 03d5 | 1f00 80f2 | 1f00 80f2 | ff43 0091 | 74f6 ff17 | e103 1caa | c900 0010 

  0x00000001173db8d8: ;   {runtime_call G1BarrierSetRuntime::write_ref_field_pre_entry(oopDesc*, JavaThread*)}
  0x00000001173db8d8: 0879 83d2 | c879 a0f2 | 2800 c0f2 | ff27 bfa9 | 0001 3fd6 

  0x00000001173db8ec: ;   {other}
  0x00000001173db8ec: 1f20 03d5 | 1f00 80f2 | 1f00 80f2 | ff43 0091 | 89f6 ff17 | e103 1caa | c900 0010 

  0x00000001173db908: ;   {runtime_call G1BarrierSetRuntime::write_ref_field_pre_entry(oopDesc*, JavaThread*)}
  0x00000001173db908: 0879 83d2 | c879 a0f2 | 2800 c0f2 | ff27 bfa9 | 0001 3fd6 

  0x00000001173db91c: ;   {other}
  0x00000001173db91c: 1f20 03d5 | 1f00 80f2 | 1f00 80f2 | ff43 0091 | 92f6 ff17 | e103 1caa | c900 0010 

  0x00000001173db938: ;   {runtime_call G1BarrierSetRuntime::write_ref_field_pre_entry(oopDesc*, JavaThread*)}
  0x00000001173db938: 0879 83d2 | c879 a0f2 | 2800 c0f2 | ff27 bfa9 | 0001 3fd6 

  0x00000001173db94c: ;   {other}
  0x00000001173db94c: 1f20 03d5 | 1f00 80f2 | 1f00 80f2 | ff43 0091 | 89f6 ff17 | 2101 8012 

  0x00000001173db964: ; ImmutableOopMap {rfp=Oop }
                      ;*aastore {reexecute=1 rethrow=0 return_oop=0}
                      ; - (reexecute) java.util.ArrayList::add@14 (line 484)
                      ; - java.util.ArrayList::add@20 (line 496)
                      ; - com.android.tools.r8.internal.g02::a@43 (line 16)
                      ; - com.android.tools.r8.internal.v50::a@7 (line 44)
                      ; - com.android.tools.r8.internal.w50::b@164 (line 19)
                      ;   {runtime_call UncommonTrapBlob}
  0x00000001173db964: 876d 3997 

  0x00000001173db968: ;   {other}
  0x00000001173db968: 1f20 03d5 | 1f1b 86f2 | 1f00 8af2 | e127 00f9 | eb27 00b9 | e617 05a9 | 6103 8012 | ea03 00f9 
  0x00000001173db988: ee37 01a9 | ec23 00b9 | f117 00f9 | e393 03a9 

  0x00000001173db998: ; ImmutableOopMap {[0]=Oop [16]=Oop [24]=Oop [40]=Oop [56]=Oop [64]=Oop [72]=Oop [80]=Oop [88]=Oop }
                      ;*aaload {reexecute=0 rethrow=0 return_oop=0}
                      ; - java.util.IdentityHashMap::get@25 (line 342)
                      ; - java.util.Map::computeIfAbsent@7 (line 1064)
                      ; - com.android.tools.r8.internal.w50::b@11 (line 1)
                      ; - com.android.tools.r8.internal.w50$$Lambda/0x000000e003c3cec8::accept@5
                      ; - java.util.LinkedHashMap$LinkedValues::forEach@77 (line 833)
                      ; - com.android.tools.r8.internal.w50::b@7 (line 4)
                      ;   {runtime_call UncommonTrapBlob}
  0x00000001173db998: 7a6d 3997 

  0x00000001173db99c: ;   {other}
  0x00000001173db99c: 1f20 03d5 | 9f21 86f2 | 1f20 8af2 | 2101 8012 

  0x00000001173db9ac: ; ImmutableOopMap {[56]=Oop }
                      ;*invokevirtual put {reexecute=0 rethrow=0 return_oop=0}
                      ; - java.util.HashSet::add@8 (line 229)
                      ; - com.android.tools.r8.internal.do3::c@13 (line 3)
                      ; - com.android.tools.r8.internal.u50::a@2 (line 1)
                      ; - com.android.tools.r8.internal.w50::b@100 (line 13)
                      ;   {runtime_call UncommonTrapBlob}
  0x00000001173db9ac: 756d 3997 

  0x00000001173db9b0: ;   {other}
  0x00000001173db9b0: 1f20 03d5 | 1f24 86f2 | 1f40 8af2 | 6103 8012 | fd07 40f9 

  0x00000001173db9c4: ; ImmutableOopMap {rfp=Oop [0]=Oop [48]=Oop [56]=Oop [64]=Oop [80]=Oop }
                      ;*aaload {reexecute=0 rethrow=0 return_oop=0}
                      ; - java.util.HashMap::putVal@40 (line 636)
                      ; - java.util.HashMap::put@9 (line 618)
                      ; - java.util.HashSet::add@8 (line 229)
                      ; - com.android.tools.r8.internal.do3::c@13 (line 3)
                      ; - com.android.tools.r8.internal.u50::a@2 (line 1)
                      ; - com.android.tools.r8.internal.w50::b@100 (line 13)
                      ;   {runtime_call UncommonTrapBlob}
  0x00000001173db9c4: 6f6d 3997 

  0x00000001173db9c8: ;   {other}
  0x00000001173db9c8: 1f20 03d5 | 1f27 86f2 | 1f60 8af2 | ea07 40f9 | 2107 8012 | fd0b 40f9 | ea03 00f9 

  0x00000001173db9e4: ; ImmutableOopMap {rfp=Oop [0]=Oop [64]=Oop }
                      ;*invokevirtual b {reexecute=0 rethrow=0 return_oop=0}
                      ; - com.android.tools.r8.internal.w50::b@69 (line 10)
                      ;   {runtime_call UncommonTrapBlob}
  0x00000001173db9e4: 676d 3997 

  0x00000001173db9e8: ;   {other}
  0x00000001173db9e8: 1f20 03d5 | 1f2b 86f2 | 1f80 8af2 | fd03 0eaa | 2104 8012 

  0x00000001173db9fc: ; ImmutableOopMap {rfp=Oop }
                      ;*checkcast {reexecute=0 rethrow=0 return_oop=0}
                      ; - com.android.tools.r8.internal.do3::a@5 (line 2)
                      ; - com.android.tools.r8.internal.u50::b@8 (line 1)
                      ; - com.android.tools.r8.internal.w50::b@69 (line 10)
                      ;   {runtime_call UncommonTrapBlob}
  0x00000001173db9fc: 616d 3997 

  0x00000001173dba00: ;   {other}
  0x00000001173dba00: 1f20 03d5 | 1f2e 86f2 | 1fa0 8af2 | 6103 8012 

  0x00000001173dba10: ; ImmutableOopMap {[8]=Oop [32]=Oop [48]=Oop [56]=Oop }
                      ;*aaload {reexecute=0 rethrow=0 return_oop=0}
                      ; - java.util.IdentityHashMap::get@25 (line 342)
                      ; - com.android.tools.r8.internal.do3::a@13 (line 3)
                      ; - com.android.tools.r8.internal.u50::b@8 (line 1)
                      ; - com.android.tools.r8.internal.w50::b@69 (line 10)
                      ;   {runtime_call UncommonTrapBlob}
  0x00000001173dba10: 5c6d 3997 

  0x00000001173dba14: ;   {other}
  0x00000001173dba14: 1f20 03d5 | 9f30 86f2 | 1fc0 8af2 | eb07 40f9 | 2107 8012 | fd0b 40f9 | eb03 00f9 | ea0f 00f9 
  0x00000001173dba34: ; ImmutableOopMap {rfp=Oop [0]=Oop [24]=Oop [64]=Oop }
                      ;*invokevirtual a {reexecute=0 rethrow=0 return_oop=0}
                      ; - com.android.tools.r8.internal.w50::b@100 (line 13)
                      ;   {runtime_call UncommonTrapBlob}
  0x00000001173dba34: 536d 3997 

  0x00000001173dba38: ;   {other}
  0x00000001173dba38: 1f20 03d5 | 1f35 86f2 | 1fe0 8af2 | 2104 8012 

  0x00000001173dba48: ; ImmutableOopMap {rfp=Oop }
                      ;*checkcast {reexecute=0 rethrow=0 return_oop=0}
                      ; - com.android.tools.r8.internal.do3::c@5 (line 2)
                      ; - com.android.tools.r8.internal.u50::a@2 (line 1)
                      ; - com.android.tools.r8.internal.w50::b@100 (line 13)
                      ;   {runtime_call UncommonTrapBlob}
  0x00000001173dba48: 4e6d 3997 

  0x00000001173dba4c: ;   {other}
  0x00000001173dba4c: 1f20 03d5 | 9f37 86f2 | 1f00 8bf2 | ea07 40f9 | ea03 00f9 | fd13 40f9 | ea27 40f9 | 6103 8012 
  0x00000001173dba6c: ea13 00f9 

  0x00000001173dba70: ; ImmutableOopMap {rfp=Oop [0]=Oop [32]=Oop [56]=Oop [72]=Oop [80]=Oop }
                      ;*aaload {reexecute=0 rethrow=0 return_oop=0}
                      ; - java.util.IdentityHashMap::put@47 (line 446)
                      ; - com.android.tools.r8.internal.v50::b@14 (line 3)
                      ; - com.android.tools.r8.internal.v50::b@5 (line 1)
                      ; - com.android.tools.r8.internal.w50::b@69 (line 10)
                      ;   {runtime_call UncommonTrapBlob}
  0x00000001173dba70: 446d 3997 

  0x00000001173dba74: ;   {other}
  0x00000001173dba74: 1f20 03d5 | 9f3c 86f2 | 1f20 8bf2 | ea13 40f9 | ea0b 00f9 | ea27 40f9 | ea13 00f9 | ea1f 40f9 
  0x00000001173dba94: 2105 8012 | ea17 00f9 

  0x00000001173dba9c: ; ImmutableOopMap {rfp=Oop [8]=Oop [16]=Oop [32]=Oop [40]=Oop [80]=Oop }
                      ;*aastore {reexecute=1 rethrow=0 return_oop=0}
                      ; - (reexecute) java.util.IdentityHashMap::put@57 (line 447)
                      ; - com.android.tools.r8.internal.v50::b@14 (line 3)
                      ; - com.android.tools.r8.internal.v50::b@5 (line 1)
                      ; - com.android.tools.r8.internal.w50::b@69 (line 10)
                      ;   {runtime_call UncommonTrapBlob}
  0x00000001173dba9c: 396d 3997 

  0x00000001173dbaa0: ;   {other}
  0x00000001173dbaa0: 1f20 03d5 | 1f42 86f2 | 1f40 8bf2 | e19b 04a9 | 6103 8012 | ea03 00f9 | ee37 01a9 | ec23 00b9 
  0x00000001173dbac0: f117 00f9 | e393 03a9 

  0x00000001173dbac8: ; ImmutableOopMap {[0]=Oop [16]=Oop [24]=Oop [40]=Oop [56]=Oop [64]=Oop [72]=Oop [80]=Oop }
                      ;*aaload {reexecute=0 rethrow=0 return_oop=0}
                      ; - java.util.IdentityHashMap::get@39 (line 344)
                      ; - java.util.Map::computeIfAbsent@7 (line 1064)
                      ; - com.android.tools.r8.internal.w50::b@11 (line 1)
                      ; - com.android.tools.r8.internal.w50$$Lambda/0x000000e003c3cec8::accept@5
                      ; - java.util.LinkedHashMap$LinkedValues::forEach@77 (line 833)
                      ; - com.android.tools.r8.internal.w50::b@7 (line 4)
                      ;   {runtime_call UncommonTrapBlob}
  0x00000001173dbac8: 2e6d 3997 

  0x00000001173dbacc: ;   {other}
  0x00000001173dbacc: 1f20 03d5 | 9f47 86f2 | 1f60 8bf2 | f027 00b9 | e50f 03a9 | 6103 8012 | ea03 00f9 | ee37 01a9 
  0x00000001173dbaec: ec23 00b9 | f117 00f9 

  0x00000001173dbaf4: ; ImmutableOopMap {rfp=Oop [0]=Oop [16]=Oop [24]=Oop [40]=Oop [48]=Oop [56]=Oop }
                      ;*aastore {reexecute=1 rethrow=0 return_oop=0}
                      ; - (reexecute) java.util.ArrayDeque::addLast@23 (line 304)
                      ; - com.android.tools.r8.internal.w50::b@34 (line 3)
                      ; - com.android.tools.r8.internal.w50$$Lambda/0x000000e003c3cec8::accept@5
                      ; - java.util.LinkedHashMap$LinkedValues::forEach@77 (line 833)
                      ; - com.android.tools.r8.internal.w50::b@7 (line 4)
                      ;   {runtime_call UncommonTrapBlob}
  0x00000001173dbaf4: 236d 3997 

  0x00000001173dbaf8: ;   {other}
  0x00000001173dbaf8: 1f20 03d5 | 1f4d 86f2 | 1f80 8bf2 | e58f 02a9 | 2104 8012 | fd03 0aaa | eeb7 00a9 | ec1b 00b9 
  0x00000001173dbb18: f113 00f9 

  0x00000001173dbb1c: ; ImmutableOopMap {rfp=Oop [8]=Oop [16]=Oop [32]=Oop [40]=Oop [48]=Oop }
                      ;*invokevirtual addLast {reexecute=0 rethrow=0 return_oop=0}
                      ; - com.android.tools.r8.internal.w50::b@34 (line 3)
                      ; - com.android.tools.r8.internal.w50$$Lambda/0x000000e003c3cec8::accept@5
                      ; - java.util.LinkedHashMap$LinkedValues::forEach@77 (line 833)
                      ; - com.android.tools.r8.internal.w50::b@7 (line 4)
                      ;   {runtime_call UncommonTrapBlob}
  0x00000001173dbb1c: 196d 3997 

  0x00000001173dbb20: ;   {other}
  0x00000001173dbb20: 1f20 03d5 | 1f52 86f2 | 1fa0 8bf2 | f027 00b9 | e50f 03a9 | 2105 8012 | ea03 00f9 | ee37 01a9 
  0x00000001173dbb40: ec23 00b9 | f117 00f9 

  0x00000001173dbb48: ; ImmutableOopMap {rfp=Oop [0]=Oop [16]=Oop [24]=Oop [40]=Oop [48]=Oop [56]=Oop }
                      ;*aastore {reexecute=1 rethrow=0 return_oop=0}
                      ; - (reexecute) java.util.ArrayDeque::addLast@23 (line 304)
                      ; - com.android.tools.r8.internal.w50::b@34 (line 3)
                      ; - com.android.tools.r8.internal.w50$$Lambda/0x000000e003c3cec8::accept@5
                      ; - java.util.LinkedHashMap$LinkedValues::forEach@77 (line 833)
                      ; - com.android.tools.r8.internal.w50::b@7 (line 4)
                      ;   {runtime_call UncommonTrapBlob}
  0x00000001173dbb48: 0e6d 3997 

  0x00000001173dbb4c: ;   {other}
  0x00000001173dbb4c: 1f20 03d5 | 9f57 86f2 | 1fc0 8bf2 | 6103 8012 

  0x00000001173dbb5c: ; ImmutableOopMap {[8]=Oop [32]=Oop [56]=Oop }
                      ;*aaload {reexecute=0 rethrow=0 return_oop=0}
                      ; - java.util.IdentityHashMap::get@39 (line 344)
                      ; - com.android.tools.r8.internal.do3::a@13 (line 3)
                      ; - com.android.tools.r8.internal.u50::b@8 (line 1)
                      ; - com.android.tools.r8.internal.w50::b@69 (line 10)
                      ;   {runtime_call UncommonTrapBlob}
  0x00000001173dbb5c: 096d 3997 

  0x00000001173dbb60: ;   {other}
  0x00000001173dbb60: 1f20 03d5 | 1f5a 86f2 | 1fe0 8bf2 | 2104 8012 

  0x00000001173dbb70: ; ImmutableOopMap {rfp=Oop }
                      ;*checkcast {reexecute=0 rethrow=0 return_oop=0}
                      ; - com.android.tools.r8.internal.do3::a@16 (line 3)
                      ; - com.android.tools.r8.internal.u50::b@8 (line 1)
                      ; - com.android.tools.r8.internal.w50::b@69 (line 10)
                      ;   {runtime_call UncommonTrapBlob}
  0x00000001173dbb70: 046d 3997 

  0x00000001173dbb74: ;   {other}
  0x00000001173dbb74: 1f20 03d5 | 9f5c 86f2 | 1f00 8cf2 | fd03 05aa | 2104 8012 

  0x00000001173dbb88: ; ImmutableOopMap {rfp=Oop }
                      ;*checkcast {reexecute=0 rethrow=0 return_oop=0}
                      ; - com.android.tools.r8.internal.w50::b@16 (line 1)
                      ; - com.android.tools.r8.internal.w50$$Lambda/0x000000e003c3cec8::accept@5
                      ; - java.util.LinkedHashMap$LinkedValues::forEach@77 (line 833)
                      ; - com.android.tools.r8.internal.w50::b@7 (line 4)
                      ;   {runtime_call UncommonTrapBlob}
  0x00000001173dbb88: fe6c 3997 

  0x00000001173dbb8c: ;   {other}
  0x00000001173dbb8c: 1f20 03d5 | 9f5f 86f2 | 1f20 8cf2 | 2105 8012 | fd07 40f9 

  0x00000001173dbba0: ; ImmutableOopMap {rfp=Oop [0]=Oop [48]=Oop [56]=Oop [64]=Oop [80]=Oop }
                      ;*aastore {reexecute=1 rethrow=0 return_oop=0}
                      ; - (reexecute) java.util.HashMap::putVal@59 (line 637)
                      ; - java.util.HashMap::put@9 (line 618)
                      ; - java.util.HashSet::add@8 (line 229)
                      ; - com.android.tools.r8.internal.do3::c@13 (line 3)
                      ; - com.android.tools.r8.internal.u50::a@2 (line 1)
                      ; - com.android.tools.r8.internal.w50::b@100 (line 13)
                      ;   {runtime_call UncommonTrapBlob}
  0x00000001173dbba0: f86c 3997 

  0x00000001173dbba4: ;   {other}
  0x00000001173dbba4: 1f20 03d5 | 9f62 86f2 | 1f40 8cf2 | e127 00f9 | eb27 00b9 | e617 05a9 | 6103 8012 | ea03 00f9 
  0x00000001173dbbc4: ee37 01a9 | ec23 00b9 | f117 00f9 | e393 03a9 

  0x00000001173dbbd4: ; ImmutableOopMap {[0]=Oop [16]=Oop [24]=Oop [40]=Oop [56]=Oop [64]=Oop [72]=Oop [80]=Oop [88]=Oop }
                      ;*aaload {reexecute=0 rethrow=0 return_oop=0}
                      ; - java.util.IdentityHashMap::get@25 (line 342)
                      ; - java.util.Map::computeIfAbsent@7 (line 1064)
                      ; - com.android.tools.r8.internal.w50::b@11 (line 1)
                      ; - com.android.tools.r8.internal.w50$$Lambda/0x000000e003c3cec8::accept@5
                      ; - java.util.LinkedHashMap$LinkedValues::forEach@77 (line 833)
                      ; - com.android.tools.r8.internal.w50::b@7 (line 4)
                      ;   {runtime_call UncommonTrapBlob}
  0x00000001173dbbd4: eb6c 3997 

  0x00000001173dbbd8: ;   {other}
  0x00000001173dbbd8: 1f20 03d5 | 1f69 86f2 | 1f60 8cf2 | 6103 8012 

  0x00000001173dbbe8: ; ImmutableOopMap {[8]=Oop [32]=Oop [48]=Oop [56]=Oop }
                      ;*aaload {reexecute=0 rethrow=0 return_oop=0}
                      ; - java.util.IdentityHashMap::get@25 (line 342)
                      ; - com.android.tools.r8.internal.do3::a@13 (line 3)
                      ; - com.android.tools.r8.internal.u50::b@8 (line 1)
                      ; - com.android.tools.r8.internal.w50::b@69 (line 10)
                      ;   {runtime_call UncommonTrapBlob}
  0x00000001173dbbe8: e66c 3997 

  0x00000001173dbbec: ;   {other}
  0x00000001173dbbec: 1f20 03d5 | 9f6b 86f2 | 1f80 8cf2 | e103 1caa | c900 0010 

  0x00000001173dbc00: ;   {runtime_call G1BarrierSetRuntime::write_ref_field_pre_entry(oopDesc*, JavaThread*)}
  0x00000001173dbc00: 0879 83d2 | c879 a0f2 | 2800 c0f2 | ff27 bfa9 | 0001 3fd6 

  0x00000001173dbc14: ;   {other}
  0x00000001173dbc14: 1f20 03d5 | 1f00 80f2 | 1f00 80f2 | ff43 0091 | ecf9 ff17 | fb03 05aa | fd03 03aa | f603 02aa 
  0x00000001173dbc34: fa03 11aa | f003 00b9 | f803 0eaa | f703 0daa | f903 0c2a | f403 0aaa | e103 1caa | c900 0010 
  0x00000001173dbc54: ;   {runtime_call G1BarrierSetRuntime::write_ref_field_pre_entry(oopDesc*, JavaThread*)}
  0x00000001173dbc54: 0879 83d2 | c879 a0f2 | 2800 c0f2 | ff27 bfa9 | 0001 3fd6 

  0x00000001173dbc68: ;   {other}
  0x00000001173dbc68: 1f20 03d5 | 1f00 80f2 | 1f00 80f2 | ff43 0091 | ea03 14aa | e203 16aa | ed03 17aa | ee03 18aa 
  0x00000001173dbc88: ec03 192a | f103 1aaa | e503 1baa | e303 1daa | f003 40b9 | 7af8 ff17 | 4117 8012 | fd07 40f9 
  0x00000001173dbca8: ; ImmutableOopMap {rfp=Oop [0]=Oop [48]=Oop [56]=Oop [64]=Oop }
                      ;*ifne {reexecute=1 rethrow=0 return_oop=0}
                      ; - (reexecute) java.util.HashMap::putVal@16 (line 634)
                      ; - java.util.HashMap::put@9 (line 618)
                      ; - java.util.HashSet::add@8 (line 229)
                      ; - com.android.tools.r8.internal.do3::c@13 (line 3)
                      ; - com.android.tools.r8.internal.u50::a@2 (line 1)
                      ; - com.android.tools.r8.internal.w50::b@100 (line 13)
                      ;   {runtime_call UncommonTrapBlob}
  0x00000001173dbca8: b66c 3997 

  0x00000001173dbcac: ;   {other}
  0x00000001173dbcac: 1f20 03d5 | 9f83 86f2 | 1fa0 8cf2 | e103 1caa | c900 0010 

  0x00000001173dbcc0: ;   {runtime_call G1BarrierSetRuntime::write_ref_field_pre_entry(oopDesc*, JavaThread*)}
  0x00000001173dbcc0: 0879 83d2 | c879 a0f2 | 2800 c0f2 | ff27 bfa9 | 0001 3fd6 

  0x00000001173dbcd4: ;   {other}
  0x00000001173dbcd4: 1f20 03d5 | 1f00 80f2 | 1f00 80f2 | ff43 0091 | 83f9 ff17 | e01b 00f9 | 4117 8012 

  0x00000001173dbcf0: ; ImmutableOopMap {rfp=Oop [0]=Oop [16]=Oop [32]=Oop [40]=Oop [48]=Oop }
                      ;*ifnull {reexecute=1 rethrow=0 return_oop=0}
                      ; - (reexecute) java.util.Map::computeIfAbsent@27 (line 1066)
                      ; - com.android.tools.r8.internal.w50::b@11 (line 1)
                      ; - com.android.tools.r8.internal.w50$$Lambda/0x000000e003c3cec8::accept@5
                      ; - java.util.LinkedHashMap$LinkedValues::forEach@77 (line 833)
                      ; - com.android.tools.r8.internal.w50::b@7 (line 4)
                      ;   {runtime_call UncommonTrapBlob}
  0x00000001173dbcf0: a46c 3997 

  0x00000001173dbcf4: ;   {other}
  0x00000001173dbcf4: 1f20 03d5 | 9f8c 86f2 | 1fc0 8cf2 | 4117 8012 | e00f 00b9 

  0x00000001173dbd08: ; ImmutableOopMap {rfp=Oop [0]=Oop [16]=Oop }
                      ;*ifne {reexecute=1 rethrow=0 return_oop=0}
                      ; - (reexecute) java.util.ArrayList::<init>@20 (line 157)
                      ; - com.android.tools.r8.internal.g02::a@12 (line 14)
                      ; - com.android.tools.r8.internal.v50::a@7 (line 44)
                      ; - com.android.tools.r8.internal.w50::b@164 (line 19)
                      ;   {runtime_call UncommonTrapBlob}
  0x00000001173dbd08: 9e6c 3997 

  0x00000001173dbd0c: ;   {other}
  0x00000001173dbd0c: 1f20 03d5 | 9f8f 86f2 | 1fe0 8cf2 | e103 1caa | c900 0010 

  0x00000001173dbd20: ;   {runtime_call G1BarrierSetRuntime::write_ref_field_pre_entry(oopDesc*, JavaThread*)}
  0x00000001173dbd20: 0879 83d2 | c879 a0f2 | 2800 c0f2 | ff27 bfa9 | 0001 3fd6 

  0x00000001173dbd34: ;   {other}
  0x00000001173dbd34: 1f20 03d5 | 1f00 80f2 | 1f00 80f2 | ff43 0091 | 19fa ff17 | e103 1caa | c900 0010 

  0x00000001173dbd50: ;   {runtime_call G1BarrierSetRuntime::write_ref_field_pre_entry(oopDesc*, JavaThread*)}
  0x00000001173dbd50: 0879 83d2 | c879 a0f2 | 2800 c0f2 | ff27 bfa9 | 0001 3fd6 

  0x00000001173dbd64: ;   {other}
  0x00000001173dbd64: 1f20 03d5 | 1f00 80f2 | 1f00 80f2 | ff43 0091 | a9fa ff17 | e103 1caa | c900 0010 

  0x00000001173dbd80: ;   {runtime_call G1BarrierSetRuntime::write_ref_field_pre_entry(oopDesc*, JavaThread*)}
  0x00000001173dbd80: 0879 83d2 | c879 a0f2 | 2800 c0f2 | ff27 bfa9 | 0001 3fd6 

  0x00000001173dbd94: ;   {other}
  0x00000001173dbd94: 1f20 03d5 | 1f00 80f2 | 1f00 80f2 | ff43 0091 | 1cf9 ff17 | ea07 40f9 | ea03 00f9 | ea23 40f9 
  0x00000001173dbdb4: 2104 8012 | eb2b 01a9 

  0x00000001173dbdbc: ; ImmutableOopMap {[0]=Oop [16]=Oop [24]=Oop [64]=Oop }
                      ;*checkcast {reexecute=0 rethrow=0 return_oop=0}
                      ; - com.android.tools.r8.internal.v50::a@2 (line 36)
                      ; - com.android.tools.r8.internal.w50::b@100 (line 13)
                      ;   {runtime_call UncommonTrapBlob}
  0x00000001173dbdbc: 716c 3997 

  0x00000001173dbdc0: ;   {other}
  0x00000001173dbdc0: 1f20 03d5 | 1fa6 86f2 | 1f00 8df2 | ea07 40f9 | 2104 8012 | ea37 00a9 

  0x00000001173dbdd8: ; ImmutableOopMap {[0]=Oop [8]=Oop [64]=Oop }
                      ;*checkcast {reexecute=0 rethrow=0 return_oop=0}
                      ; - com.android.tools.r8.internal.v50::b@2 (line 1)
                      ; - com.android.tools.r8.internal.w50::b@69 (line 10)
                      ;   {runtime_call UncommonTrapBlob}
  0x00000001173dbdd8: 6a6c 3997 

  0x00000001173dbddc: ;   {other}
  0x00000001173dbddc: 1f20 03d5 | 9fa9 86f2 | 1f20 8df2 | 2104 8012 | fd03 40f9 | ea4f 01a9 

  0x00000001173dbdf4: ; ImmutableOopMap {rfp=Oop [8]=Oop [16]=Oop [24]=Oop }
                      ;*checkcast {reexecute=0 rethrow=0 return_oop=0}
                      ; - com.android.tools.r8.internal.v50::c@8 (line 1)
                      ; - com.android.tools.r8.internal.v50$$Lambda/0x000000e003c3ea30::apply@5
                      ; - com.android.tools.r8.internal.g02::a@38 (line 16)
                      ; - com.android.tools.r8.internal.v50::a@7 (line 44)
                      ; - com.android.tools.r8.internal.w50::b@164 (line 19)
                      ;   {runtime_call UncommonTrapBlob}
  0x00000001173dbdf4: 636c 3997 

  0x00000001173dbdf8: ;   {other}
  0x00000001173dbdf8: 1f20 03d5 | 1fad 86f2 | 1f40 8df2 | eb07 40f9 | 2104 8012 | fd1b 40f9 | eb03 00f9 

  0x00000001173dbe14: ; ImmutableOopMap {rfp=Oop [0]=Oop [64]=Oop [72]=Oop [96]=Oop }
                      ;*checkcast {reexecute=0 rethrow=0 return_oop=0}
                      ; - com.android.tools.r8.internal.v50::a@15 (line 42)
                      ; - com.android.tools.r8.internal.v50::a@5 (line 36)
                      ; - com.android.tools.r8.internal.w50::b@100 (line 13)
                      ;   {runtime_call UncommonTrapBlob}
  0x00000001173dbe14: 5b6c 3997 

  0x00000001173dbe18: ;   {other}
  0x00000001173dbe18: 1f20 03d5 | 1fb1 86f2 | 1f60 8df2 | 2101 8012 

  0x00000001173dbe28: ; ImmutableOopMap {}
                      ;*invokevirtual removeLast {reexecute=0 rethrow=0 return_oop=0}
                      ; - com.android.tools.r8.internal.w50::b@26 (line 6)
                      ;   {runtime_call UncommonTrapBlob}
  0x00000001173dbe28: 566c 3997 

  0x00000001173dbe2c: ;   {other}
  0x00000001173dbe2c: 1f20 03d5 | 9fb3 86f2 | 1f80 8df2 | 2101 8012 

  0x00000001173dbe3c: ; ImmutableOopMap {}
                      ;*arraylength {reexecute=0 rethrow=0 return_oop=0}
                      ; - java.util.ArrayDeque::pollLast@11 (line 389)
                      ; - java.util.ArrayDeque::removeLast@1 (line 369)
                      ; - com.android.tools.r8.internal.w50::b@26 (line 6)
                      ;   {runtime_call UncommonTrapBlob}
  0x00000001173dbe3c: 516c 3997 

  0x00000001173dbe40: ;   {other}
  0x00000001173dbe40: 1f20 03d5 | 1fb6 86f2 | 1fa0 8df2 | 4117 8012 | fd0b 40f9 

  0x00000001173dbe54: ; ImmutableOopMap {rfp=Oop [8]=Oop }
                      ;*ifnonnull {reexecute=1 rethrow=0 return_oop=0}
                      ; - (reexecute) java.util.ArrayDeque::removeLast@6 (line 370)
                      ; - com.android.tools.r8.internal.w50::b@26 (line 6)
                      ;   {runtime_call UncommonTrapBlob}
  0x00000001173dbe54: 4b6c 3997 

  0x00000001173dbe58: ;   {other}
  0x00000001173dbe58: 1f20 03d5 | 1fb9 86f2 | 1fc0 8df2 | 2101 8012 

  0x00000001173dbe68: ; ImmutableOopMap {}
                      ;*invokevirtual c {reexecute=0 rethrow=0 return_oop=0}
                      ; - com.android.tools.r8.internal.w50::b@139 (line 16)
                      ;   {runtime_call UncommonTrapBlob}
  0x00000001173dbe68: 466c 3997 

  0x00000001173dbe6c: ;   {other}
  0x00000001173dbe6c: 1f20 03d5 | 9fbb 86f2 | 1fe0 8df2 | 2101 8012 

  0x00000001173dbe7c: ; ImmutableOopMap {}
                      ;*invokevirtual isEmpty {reexecute=0 rethrow=0 return_oop=0}
                      ; - com.android.tools.r8.internal.w50::b@16 (line 5)
                      ;   {runtime_call UncommonTrapBlob}
  0x00000001173dbe7c: 416c 3997 

  0x00000001173dbe80: ;   {other}
  0x00000001173dbe80: 1f20 03d5 | 1fbe 86f2 | 1f00 8ef2 | 2101 8012 | fd03 0caa | ef03 00f9 

  0x00000001173dbe98: ; ImmutableOopMap {rfp=Oop [0]=Oop }
                      ;*invokevirtual put {reexecute=0 rethrow=0 return_oop=0}
                      ; - com.android.tools.r8.internal.v50::b@14 (line 3)
                      ; - com.android.tools.r8.internal.v50::b@5 (line 1)
                      ; - com.android.tools.r8.internal.w50::b@69 (line 10)
                      ;   {runtime_call UncommonTrapBlob}
  0x00000001173dbe98: 3a6c 3997 

  0x00000001173dbe9c: ;   {other}
  0x00000001173dbe9c: 1f20 03d5 | 9fc1 86f2 | 1f20 8ef2 | 2101 8012 

  0x00000001173dbeac: ; ImmutableOopMap {}
                      ;*arraylength {reexecute=0 rethrow=0 return_oop=0}
                      ; - java.util.IdentityHashMap::put@13 (line 439)
                      ; - com.android.tools.r8.internal.v50::b@14 (line 3)
                      ; - com.android.tools.r8.internal.v50::b@5 (line 1)
                      ; - com.android.tools.r8.internal.w50::b@69 (line 10)
                      ;   {runtime_call UncommonTrapBlob}
  0x00000001173dbeac: 356c 3997 

  0x00000001173dbeb0: ;   {other}
  0x00000001173dbeb0: 1f20 03d5 | 1fc4 86f2 | 1f40 8ef2 | 2101 8012 | fd03 0caa 

  0x00000001173dbec4: ; ImmutableOopMap {rfp=Oop }
                      ;*invokevirtual remove {reexecute=0 rethrow=0 return_oop=0}
                      ; - com.android.tools.r8.internal.v32::a@2 (line 16)
                      ; - com.android.tools.r8.internal.v50::a@12 (line 42)
                      ; - com.android.tools.r8.internal.v50::a@5 (line 36)
                      ; - com.android.tools.r8.internal.w50::b@100 (line 13)
                      ;   {runtime_call UncommonTrapBlob}
  0x00000001173dbec4: 2f6c 3997 

  0x00000001173dbec8: ;   {other}
  0x00000001173dbec8: 1f20 03d5 | 1fc7 86f2 | 1f60 8ef2 | 2101 8012 

  0x00000001173dbed8: ; ImmutableOopMap {}
                      ;*arraylength {reexecute=0 rethrow=0 return_oop=0}
                      ; - java.util.IdentityHashMap::remove@11 (line 540)
                      ; - com.android.tools.r8.internal.v32::a@2 (line 16)
                      ; - com.android.tools.r8.internal.v50::a@12 (line 42)
                      ; - com.android.tools.r8.internal.v50::a@5 (line 36)
                      ; - com.android.tools.r8.internal.w50::b@100 (line 13)
                      ;   {runtime_call UncommonTrapBlob}
  0x00000001173dbed8: 2a6c 3997 

  0x00000001173dbedc: ;   {other}
  0x00000001173dbedc: 1f20 03d5 | 9fc9 86f2 | 1f80 8ef2 | 2101 8012 

  0x00000001173dbeec: ; ImmutableOopMap {}
                      ;*arraylength {reexecute=0 rethrow=0 return_oop=0}
                      ; - java.util.IdentityHashMap::closeDeletion@6 (line 603)
                      ; - java.util.IdentityHashMap::remove@77 (line 552)
                      ; - com.android.tools.r8.internal.v32::a@2 (line 16)
                      ; - com.android.tools.r8.internal.v50::a@12 (line 42)
                      ; - com.android.tools.r8.internal.v50::a@5 (line 36)
                      ; - com.android.tools.r8.internal.w50::b@100 (line 13)
                      ;   {runtime_call UncommonTrapBlob}
  0x00000001173dbeec: 256c 3997 

  0x00000001173dbef0: ;   {other}
  0x00000001173dbef0: 1f20 03d5 | 1fcc 86f2 | 1fa0 8ef2 | 2101 8012 | fd03 0daa 

  0x00000001173dbf04: ; ImmutableOopMap {rfp=Oop }
                      ;*invokeinterface forEach {reexecute=0 rethrow=0 return_oop=0}
                      ; - com.android.tools.r8.internal.w50::b@7 (line 4)
                      ;   {runtime_call UncommonTrapBlob}
  0x00000001173dbf04: 1f6c 3997 

  0x00000001173dbf08: ;   {other}
  0x00000001173dbf08: 1f20 03d5 | 1fcf 86f2 | 1fc0 8ef2 | 2101 8012 

  0x00000001173dbf18: ; ImmutableOopMap {}
                      ;*invokevirtual isEmpty {reexecute=0 rethrow=0 return_oop=0}
                      ; - com.android.tools.r8.internal.w50::b@16 (line 5)
                      ;   {runtime_call UncommonTrapBlob}
  0x00000001173dbf18: 1a6c 3997 

  0x00000001173dbf1c: ;   {other}
  0x00000001173dbf1c: 1f20 03d5 | 9fd1 86f2 | 1fe0 8ef2 | 2101 8012 | fd03 00aa 

  0x00000001173dbf30: ; ImmutableOopMap {rfp=Oop }
                      ;*invokevirtual get {reexecute=0 rethrow=0 return_oop=0}
                      ; - com.android.tools.r8.internal.v50::c@5 (line 1)
                      ; - com.android.tools.r8.internal.v50$$Lambda/0x000000e003c3ea30::apply@5
                      ; - com.android.tools.r8.internal.g02::a@38 (line 16)
                      ; - com.android.tools.r8.internal.v50::a@7 (line 44)
                      ; - com.android.tools.r8.internal.w50::b@164 (line 19)
                      ;   {runtime_call UncommonTrapBlob}
  0x00000001173dbf30: 146c 3997 

  0x00000001173dbf34: ;   {other}
  0x00000001173dbf34: 1f20 03d5 | 9fd4 86f2 | 1f00 8ff2 | 2101 8012 

  0x00000001173dbf44: ; ImmutableOopMap {}
                      ;*arraylength {reexecute=0 rethrow=0 return_oop=0}
                      ; - java.util.IdentityHashMap::get@11 (line 339)
                      ; - com.android.tools.r8.internal.v50::c@5 (line 1)
                      ; - com.android.tools.r8.internal.v50$$Lambda/0x000000e003c3ea30::apply@5
                      ; - com.android.tools.r8.internal.g02::a@38 (line 16)
                      ; - com.android.tools.r8.internal.v50::a@7 (line 44)
                      ; - com.android.tools.r8.internal.w50::b@164 (line 19)
                      ;   {runtime_call UncommonTrapBlob}
  0x00000001173dbf44: 0f6c 3997 

  0x00000001173dbf48: ;   {other}
  0x00000001173dbf48: 1f20 03d5 | 1fd7 86f2 | 1f20 8ff2 | 2101 8012 

  0x00000001173dbf58: ; ImmutableOopMap {}
                      ;*arraylength {reexecute=0 rethrow=0 return_oop=0}
                      ; - java.util.ArrayList::add@2 (line 482)
                      ; - java.util.ArrayList::add@20 (line 496)
                      ; - com.android.tools.r8.internal.g02::a@43 (line 16)
                      ; - com.android.tools.r8.internal.v50::a@7 (line 44)
                      ; - com.android.tools.r8.internal.w50::b@164 (line 19)
                      ;   {runtime_call UncommonTrapBlob}
  0x00000001173dbf58: 0a6c 3997 

  0x00000001173dbf5c: ;   {other}
  0x00000001173dbf5c: 1f20 03d5 | 9fd9 86f2 | 1f40 8ff2 | 2101 8012 

  0x00000001173dbf6c: ; ImmutableOopMap {}
                      ;*getfield modCount {reexecute=1 rethrow=0 return_oop=0}
                      ; - (reexecute) java.util.LinkedHashMap$LinkedValues::forEach@16 (line 827)
                      ; - com.android.tools.r8.internal.w50::b@7 (line 4)
                      ;   {runtime_call UncommonTrapBlob}
  0x00000001173dbf6c: 056c 3997 

  0x00000001173dbf70: ;   {other}
  0x00000001173dbf70: 1f20 03d5 | 1fdc 86f2 | 1f60 8ff2 | 2101 8012 

  0x00000001173dbf80: ; ImmutableOopMap {}
                      ;*getfield modCount {reexecute=1 rethrow=0 return_oop=0}
                      ; - (reexecute) java.util.LinkedHashMap$LinkedValues::forEach@94 (line 835)
                      ; - com.android.tools.r8.internal.w50::b@7 (line 4)
                      ;   {runtime_call UncommonTrapBlob}
  0x00000001173dbf80: 006c 3997 

  0x00000001173dbf84: ;   {other}
  0x00000001173dbf84: 1f20 03d5 | 9fde 86f2 | 1f80 8ff2 | 2101 8012 | fd03 03aa 

  0x00000001173dbf98: ; ImmutableOopMap {rfp=Oop }
                      ;*invokevirtual b {reexecute=0 rethrow=0 return_oop=0}
                      ; - com.android.tools.r8.internal.w50$$Lambda/0x000000e003c3cec8::accept@5
                      ; - java.util.LinkedHashMap$LinkedValues::forEach@77 (line 833)
                      ; - com.android.tools.r8.internal.w50::b@7 (line 4)
                      ;   {runtime_call UncommonTrapBlob}
  0x00000001173dbf98: fa6b 3997 

  0x00000001173dbf9c: ;   {other}
  0x00000001173dbf9c: 1f20 03d5 | 9fe1 86f2 | 1fa0 8ff2 | 2101 8012 | fd03 03aa | e403 00f9 

  0x00000001173dbfb4: ; ImmutableOopMap {rfp=Oop [0]=Oop }
                      ;*invokeinterface computeIfAbsent {reexecute=0 rethrow=0 return_oop=0}
                      ; - com.android.tools.r8.internal.w50::b@11 (line 1)
                      ; - com.android.tools.r8.internal.w50$$Lambda/0x000000e003c3cec8::accept@5
                      ; - java.util.LinkedHashMap$LinkedValues::forEach@77 (line 833)
                      ; - com.android.tools.r8.internal.w50::b@7 (line 4)
                      ;   {runtime_call UncommonTrapBlob}
  0x00000001173dbfb4: f36b 3997 

  0x00000001173dbfb8: ;   {other}
  0x00000001173dbfb8: 1f20 03d5 | 1fe5 86f2 | 1fc0 8ff2 | 2101 8012 

  0x00000001173dbfc8: ; ImmutableOopMap {}
                      ;*arraylength {reexecute=0 rethrow=0 return_oop=0}
                      ; - java.util.IdentityHashMap::get@11 (line 339)
                      ; - java.util.Map::computeIfAbsent@7 (line 1064)
                      ; - com.android.tools.r8.internal.w50::b@11 (line 1)
                      ; - com.android.tools.r8.internal.w50$$Lambda/0x000000e003c3cec8::accept@5
                      ; - java.util.LinkedHashMap$LinkedValues::forEach@77 (line 833)
                      ; - com.android.tools.r8.internal.w50::b@7 (line 4)
                      ;   {runtime_call UncommonTrapBlob}
  0x00000001173dbfc8: ee6b 3997 

  0x00000001173dbfcc: ;   {other}
  0x00000001173dbfcc: 1f20 03d5 | 9fe7 86f2 | 1fe0 8ff2 | ed03 00f9 | 6101 8012 | fd07 40f9 

  0x00000001173dbfe4: ; ImmutableOopMap {rfp=Oop [0]=Oop }
                      ;*checkcast {reexecute=0 rethrow=0 return_oop=0}
                      ; - com.android.tools.r8.internal.do3::a@5 (line 2)
                      ; - com.android.tools.r8.internal.u50::b@8 (line 1)
                      ; - com.android.tools.r8.internal.w50::b@69 (line 10)
                      ;   {runtime_call UncommonTrapBlob}
  0x00000001173dbfe4: e76b 3997 

  0x00000001173dbfe8: ;   {other}
  0x00000001173dbfe8: 1f20 03d5 | 1feb 86f2 | 1f00 90f2 | fd03 0eaa | 2101 8012 

  0x00000001173dbffc: ; ImmutableOopMap {rfp=Oop }
                      ;*invokevirtual get {reexecute=0 rethrow=0 return_oop=0}
                      ; - com.android.tools.r8.internal.do3::a@13 (line 3)
                      ; - com.android.tools.r8.internal.u50::b@8 (line 1)
                      ; - com.android.tools.r8.internal.w50::b@69 (line 10)
                      ;   {runtime_call UncommonTrapBlob}
  0x00000001173dbffc: e16b 3997 

  0x00000001173dc000: ;   {other}
  0x00000001173dc000: 1f20 03d5 | 1fee 86f2 | 1f20 90f2 | 2101 8012 

  0x00000001173dc010: ; ImmutableOopMap {}
                      ;*arraylength {reexecute=0 rethrow=0 return_oop=0}
                      ; - java.util.IdentityHashMap::get@11 (line 339)
                      ; - com.android.tools.r8.internal.do3::a@13 (line 3)
                      ; - com.android.tools.r8.internal.u50::b@8 (line 1)
                      ; - com.android.tools.r8.internal.w50::b@69 (line 10)
                      ;   {runtime_call UncommonTrapBlob}
  0x00000001173dc010: dc6b 3997 

  0x00000001173dc014: ;   {other}
  0x00000001173dc014: 1f20 03d5 | 9ff0 86f2 | 1f40 90f2 | 6101 8012 | fd07 40f9 

  0x00000001173dc028: ; ImmutableOopMap {rfp=Oop [0]=Oop [48]=Oop }
                      ;*checkcast {reexecute=0 rethrow=0 return_oop=0}
                      ; - com.android.tools.r8.internal.do3::c@5 (line 2)
                      ; - com.android.tools.r8.internal.u50::a@2 (line 1)
                      ; - com.android.tools.r8.internal.w50::b@100 (line 13)
                      ;   {runtime_call UncommonTrapBlob}
  0x00000001173dc028: d66b 3997 

  0x00000001173dc02c: ;   {other}
  0x00000001173dc02c: 1f20 03d5 | 9ff3 86f2 | 1f60 90f2 | 2101 8012 

  0x00000001173dc03c: ; ImmutableOopMap {[56]=Oop }
                      ;*invokeinterface add {reexecute=0 rethrow=0 return_oop=0}
                      ; - com.android.tools.r8.internal.do3::c@13 (line 3)
                      ; - com.android.tools.r8.internal.u50::a@2 (line 1)
                      ; - com.android.tools.r8.internal.w50::b@100 (line 13)
                      ;   {runtime_call UncommonTrapBlob}
  0x00000001173dc03c: d16b 3997 

  0x00000001173dc040: ;   {other}
  0x00000001173dc040: 1f20 03d5 | 1ff6 86f2 | 1f80 90f2 | fd03 05aa | 2101 8012 

  0x00000001173dc054: ; ImmutableOopMap {rfp=Oop }
                      ;*invokevirtual addLast {reexecute=0 rethrow=0 return_oop=0}
                      ; - com.android.tools.r8.internal.w50::b@34 (line 3)
                      ; - com.android.tools.r8.internal.w50$$Lambda/0x000000e003c3cec8::accept@5
                      ; - java.util.LinkedHashMap$LinkedValues::forEach@77 (line 833)
                      ; - com.android.tools.r8.internal.w50::b@7 (line 4)
                      ;   {runtime_call UncommonTrapBlob}
  0x00000001173dc054: cb6b 3997 

  0x00000001173dc058: ;   {other}
  0x00000001173dc058: 1f20 03d5 | 1ff9 86f2 | 1fa0 90f2 | f003 00b9 | fd03 05aa | 2101 8012 

  0x00000001173dc070: ; ImmutableOopMap {rfp=Oop }
                      ;*aastore {reexecute=1 rethrow=0 return_oop=0}
                      ; - (reexecute) java.util.ArrayDeque::addLast@23 (line 304)
                      ; - com.android.tools.r8.internal.w50::b@34 (line 3)
                      ; - com.android.tools.r8.internal.w50$$Lambda/0x000000e003c3cec8::accept@5
                      ; - java.util.LinkedHashMap$LinkedValues::forEach@77 (line 833)
                      ; - com.android.tools.r8.internal.w50::b@7 (line 4)
                      ;   {runtime_call UncommonTrapBlob}
  0x00000001173dc070: c46b 3997 

  0x00000001173dc074: ;   {other}
  0x00000001173dc074: 1f20 03d5 | 9ffc 86f2 | 1fc0 90f2 | 2101 8012 

  0x00000001173dc084: ; ImmutableOopMap {}
                      ;*arraylength {reexecute=0 rethrow=0 return_oop=0}
                      ; - java.util.HashMap::putVal@26 (line 635)
                      ; - java.util.HashMap::put@9 (line 618)
                      ; - java.util.HashSet::add@8 (line 229)
                      ; - com.android.tools.r8.internal.do3::c@13 (line 3)
                      ; - com.android.tools.r8.internal.u50::a@2 (line 1)
                      ; - com.android.tools.r8.internal.w50::b@100 (line 13)
                      ;   {runtime_call UncommonTrapBlob}
  0x00000001173dc084: bf6b 3997 

  0x00000001173dc088: ;   {other}
  0x00000001173dc088: 1f20 03d5 | 1fff 86f2 | 1fe0 90f2 | 2101 8012 

  0x00000001173dc098: ; ImmutableOopMap {}
                      ;*arraylength {reexecute=0 rethrow=0 return_oop=0}
                      ; - java.util.IdentityHashMap::put@13 (line 439)
                      ; - com.android.tools.r8.internal.v50::b@14 (line 3)
                      ; - com.android.tools.r8.internal.v50::b@5 (line 1)
                      ; - com.android.tools.r8.internal.w50::b@69 (line 10)
                      ;   {runtime_call UncommonTrapBlob}
  0x00000001173dc098: ba6b 3997 

  0x00000001173dc09c: ;   {other}
  0x00000001173dc09c: 1f20 03d5 | 9f01 87f2 | 1f00 91f2 | 2300 0014 | 2c00 0014 | 2100 0014 | 2800 0014 | 2700 0014 
  0x00000001173dc0bc: e103 00aa | 2a00 0014 | e103 00aa | 2800 0014 | e103 00aa | 2600 0014 | e103 00aa | 2400 0014 
  0x00000001173dc0dc: 1200 0014 | 1f00 0014 | 1e00 0014 | e103 00aa | 1f00 0014 | 1100 0014 | 1800 0014 | 1b00 0014 
  0x00000001173dc0fc: 0e00 0014 | 0d00 0014 | 0c00 0014 | 1500 0014 | 1600 0014 | 1300 0014 | 0800 0014 | e103 00aa 
  0x00000001173dc11c: 1300 0014 | 0100 0014 | e103 00aa | 1000 0014 | 0a00 0014 | 0100 0014 | e103 00aa | 0c00 0014 
  0x00000001173dc13c: 0600 0014 | 0500 0014 | 0400 0014 | e103 00aa | 0700 0014 | 0100 0014 | e103 00aa | 0400 0014 
  0x00000001173dc15c: e103 00aa | 0200 0014 | e103 00aa | fd7b 49a9 | ff83 0291 

  0x00000001173dc170: ;   {runtime_call _rethrow_Java}
  0x00000001173dc170: 44d4 3c17 

  0x00000001173dc174: ;   {internal_word}
  0x00000001173dc174: 08c9 fe10 | 8837 02f9 

  0x00000001173dc17c: ;   {runtime_call SafepointBlob}
  0x00000001173dc17c: e169 3917 | 0830 93d2 | 6884 a2f2 | 2800 c0f2 | 0001 3fd6 | 69f3 ff17 

  0x00000001173dc194: ;   {other}
  0x00000001173dc194: 5f00 0000 
[Stub Code]
  0x00000001173dc198: ;   {no_reloc}
  0x00000001173dc198: 4800 0058 | 0001 1fd6 | 805d 6f0f | 0100 0000 

  0x00000001173dc1a8: ;   {trampoline_stub}
  0x00000001173dc1a8: 4800 0058 | 0001 1fd6 | 509b c417 | 0100 0000 

  0x00000001173dc1b8: ;   {trampoline_stub}
  0x00000001173dc1b8: 4800 0058 | 0001 1fd6 | 805e 320d | 0100 0000 

  0x00000001173dc1c8: ;   {trampoline_stub}
  0x00000001173dc1c8: 4800 0058 | 0001 1fd6 | 0024 9a14 | 0100 0000 

  0x00000001173dc1d8: ;   {trampoline_stub}
  0x00000001173dc1d8: 4800 0058 | 0001 1fd6 | 0098 b814 | 0100 0000 

  0x00000001173dc1e8: ;   {trampoline_stub}
  0x00000001173dc1e8: 4800 0058 | 0001 1fd6 | 807e 9914 | 0100 0000 

  0x00000001173dc1f8: ;   {trampoline_stub}
  0x00000001173dc1f8: 4800 0058 | 0001 1fd6 | 807e 9914 | 0100 0000 

  0x00000001173dc208: ;   {trampoline_stub}
  0x00000001173dc208: 4800 0058 | 0001 1fd6 | 0095 b814 | 0100 0000 

  0x00000001173dc218: ;   {trampoline_stub}
  0x00000001173dc218: 4800 0058 | 0001 1fd6 | 8001 2314 | 0100 0000 

  0x00000001173dc228: ;   {trampoline_stub}
  0x00000001173dc228: 4800 0058 | 0001 1fd6 | 40dd 520f | 0100 0000 

  0x00000001173dc238: ;   {trampoline_stub}
  0x00000001173dc238: 4800 0058 | 0001 1fd6 | 90c1 0016 | 0100 0000 

  0x00000001173dc248: ;   {static_stub}
  0x00000001173dc248: df3f 03d5 

  0x00000001173dc24c: ;   {metadata(nullptr)}
  0x00000001173dc24c: 0c00 80d2 | 0c00 a0f2 | 0c00 c0f2 | 0800 80d2 | 0800 a0f2 | 0800 c0f2 | 0001 1fd6 

  0x00000001173dc268: ;   {trampoline_stub}
  0x00000001173dc268: 4800 0058 | 0001 1fd6 | 8001 2314 | 0100 0000 

  0x00000001173dc278: ;   {trampoline_stub}
  0x00000001173dc278: 4800 0058 | 0001 1fd6 | 8004 2314 | 0100 0000 

  0x00000001173dc288: ;   {trampoline_stub}
  0x00000001173dc288: 4800 0058 | 0001 1fd6 | c072 9614 | 0100 0000 

  0x00000001173dc298: ;   {trampoline_stub}
  0x00000001173dc298: 4800 0058 | 0001 1fd6 | 4014 0315 | 0100 0000 

  0x00000001173dc2a8: ;   {trampoline_stub}
  0x00000001173dc2a8: 4800 0058 | 0001 1fd6 | 8001 2314 | 0100 0000 

  0x00000001173dc2b8: ;   {trampoline_stub}
  0x00000001173dc2b8: 4800 0058 | 0001 1fd6 | 10b8 d715 | 0100 0000 

  0x00000001173dc2c8: ;   {trampoline_stub}
  0x00000001173dc2c8: 4800 0058 | 0001 1fd6 | d053 d614 | 0100 0000 

  0x00000001173dc2d8: ;   {trampoline_stub}
  0x00000001173dc2d8: 4800 0058 | 0001 1fd6 | d0bb 9514 | 0100 0000 

  0x00000001173dc2e8: ;   {trampoline_stub}
  0x00000001173dc2e8: 4800 0058 | 0001 1fd6 | 8007 2314 | 0100 0000 

  0x00000001173dc2f8: ;   {trampoline_stub}
  0x00000001173dc2f8: 4800 0058 | 0001 1fd6 | c072 9614 | 0100 0000 

  0x00000001173dc308: ;   {trampoline_stub}
  0x00000001173dc308: 4800 0058 | 0001 1fd6 | 8001 2314 | 0100 0000 

  0x00000001173dc318: ;   {trampoline_stub}
  0x00000001173dc318: 4800 0058 | 0001 1fd6 | 8007 2314 | 0100 0000 

  0x00000001173dc328: ;   {trampoline_stub}
  0x00000001173dc328: 4800 0058 | 0001 1fd6 | 8007 2314 | 0100 0000 

  0x00000001173dc338: ;   {trampoline_stub}
  0x00000001173dc338: 4800 0058 | 0001 1fd6 | 8001 2314 | 0100 0000 

  0x00000001173dc348: ;   {trampoline_stub}
  0x00000001173dc348: 4800 0058 | 0001 1fd6 | 8001 2314 | 0100 0000 

  0x00000001173dc358: ;   {trampoline_stub}
  0x00000001173dc358: 4800 0058 | 0001 1fd6 | 8007 2314 | 0100 0000 

  0x00000001173dc368: ;   {trampoline_stub}
  0x00000001173dc368: 4800 0058 | 0001 1fd6 | 8001 2314 | 0100 0000 

  0x00000001173dc378: ;   {static_stub}
  0x00000001173dc378: df3f 03d5 

  0x00000001173dc37c: ;   {metadata(nullptr)}
  0x00000001173dc37c: 0c00 80d2 | 0c00 a0f2 | 0c00 c0f2 | 0800 80d2 | 0800 a0f2 | 0800 c0f2 | 0001 1fd6 

  0x00000001173dc398: ;   {trampoline_stub}
  0x00000001173dc398: 4800 0058 | 0001 1fd6 | 8007 2314 | 0100 0000 

  0x00000001173dc3a8: ;   {trampoline_stub}
  0x00000001173dc3a8: 4800 0058 | 0001 1fd6 | 8001 2314 | 0100 0000 

  0x00000001173dc3b8: ;   {static_stub}
  0x00000001173dc3b8: df3f 03d5 

  0x00000001173dc3bc: ;   {metadata(nullptr)}
  0x00000001173dc3bc: 0c00 80d2 | 0c00 a0f2 | 0c00 c0f2 | 0800 80d2 | 0800 a0f2 | 0800 c0f2 | 0001 1fd6 

  0x00000001173dc3d8: ;   {trampoline_stub}
  0x00000001173dc3d8: 4800 0058 | 0001 1fd6 | 8007 2314 | 0100 0000 

  0x00000001173dc3e8: ;   {static_stub}
  0x00000001173dc3e8: df3f 03d5 

  0x00000001173dc3ec: ;   {metadata(nullptr)}
  0x00000001173dc3ec: 0c00 80d2 | 0c00 a0f2 | 0c00 c0f2 | 0800 80d2 | 0800 a0f2 | 0800 c0f2 | 0001 1fd6 

  0x00000001173dc408: ;   {static_stub}
  0x00000001173dc408: df3f 03d5 

  0x00000001173dc40c: ;   {metadata(nullptr)}
  0x00000001173dc40c: 0c00 80d2 | 0c00 a0f2 | 0c00 c0f2 | 0800 80d2 | 0800 a0f2 | 0800 c0f2 | 0001 1fd6 

  0x00000001173dc428: ;   {static_stub}
  0x00000001173dc428: df3f 03d5 

  0x00000001173dc42c: ;   {metadata(nullptr)}
  0x00000001173dc42c: 0c00 80d2 | 0c00 a0f2 | 0c00 c0f2 | 0800 80d2 | 0800 a0f2 | 0800 c0f2 | 0001 1fd6 

  0x00000001173dc448: ;   {static_stub}
  0x00000001173dc448: df3f 03d5 

  0x00000001173dc44c: ;   {metadata(nullptr)}
  0x00000001173dc44c: 0c00 80d2 | 0c00 a0f2 | 0c00 c0f2 | 0800 80d2 | 0800 a0f2 | 0800 c0f2 | 0001 1fd6 

  0x00000001173dc468: ;   {static_stub}
  0x00000001173dc468: df3f 03d5 

  0x00000001173dc46c: ;   {metadata(nullptr)}
  0x00000001173dc46c: 0c00 80d2 | 0c00 a0f2 | 0c00 c0f2 | 0800 80d2 | 0800 a0f2 | 0800 c0f2 | 0001 1fd6 

  0x00000001173dc488: ;   {static_stub}
  0x00000001173dc488: df3f 03d5 

  0x00000001173dc48c: ;   {metadata(nullptr)}
  0x00000001173dc48c: 0c00 80d2 | 0c00 a0f2 | 0c00 c0f2 | 0800 80d2 | 0800 a0f2 | 0800 c0f2 | 0001 1fd6 

  0x00000001173dc4a8: ;   {static_stub}
  0x00000001173dc4a8: df3f 03d5 

  0x00000001173dc4ac: ;   {metadata(nullptr)}
  0x00000001173dc4ac: 0c00 80d2 | 0c00 a0f2 | 0c00 c0f2 | 0800 80d2 | 0800 a0f2 | 0800 c0f2 | 0001 1fd6 

  0x00000001173dc4c8: ;   {static_stub}
  0x00000001173dc4c8: df3f 03d5 

  0x00000001173dc4cc: ;   {metadata({method} {0x00000003716a8aa8} 'a' '(Lcom/android/tools/r8/internal/t50;Ljava/util/function/Function;)Lcom/android/tools/r8/internal/aw3;' in 'com/android/tools/r8/internal/co3')}
  0x00000001173dc4cc: 0c55 91d2 | 4c2d aef2 | 6c00 c0f2 | 082b 99d2 | 4884 a2f2 | 2800 c0f2 | 0001 1fd6 

  0x00000001173dc4e8: ;   {static_stub}
  0x00000001173dc4e8: df3f 03d5 

  0x00000001173dc4ec: ;   {metadata(nullptr)}
  0x00000001173dc4ec: 0c00 80d2 | 0c00 a0f2 | 0c00 c0f2 | 0800 80d2 | 0800 a0f2 | 0800 c0f2 | 0001 1fd6 

  0x00000001173dc508: ;   {static_stub}
  0x00000001173dc508: df3f 03d5 

  0x00000001173dc50c: ;   {metadata(nullptr)}
  0x00000001173dc50c: 0c00 80d2 | 0c00 a0f2 | 0c00 c0f2 | 0800 80d2 | 0800 a0f2 | 0800 c0f2 | 0001 1fd6 
[Exception Handler]
  0x00000001173dc528: ;   {runtime_call ExceptionBlob}
  0x00000001173dc528: 76bc 3c17 
[Deopt Handler Code]
  0x00000001173dc52c: 1e00 0010 

  0x00000001173dc530: ;   {runtime_call DeoptimizationBlob}
  0x00000001173dc530: c469 3917 | 0000 0000 
[/MachCode]


Compiled method (c1) 1128285 175202       3       com.android.tools.r8.internal.w50::a (92 bytes)
 total in heap  [0x0000000110a2d810,0x0000000110a2f588] = 7544
 relocation     [0x0000000110a2d960,0x0000000110a2dbd0] = 624
 main code      [0x0000000110a2dc00,0x0000000110a2edf8] = 4600
 stub code      [0x0000000110a2edf8,0x0000000110a2ef60] = 360
 oops           [0x0000000110a2ef60,0x0000000110a2ef90] = 48
 metadata       [0x0000000110a2ef90,0x0000000110a2f0e8] = 344
 scopes data    [0x0000000110a2f0e8,0x0000000110a2f2e8] = 512
 scopes pcs     [0x0000000110a2f2e8,0x0000000110a2f558] = 624
 dependencies   [0x0000000110a2f558,0x0000000110a2f560] = 8
 nul chk table  [0x0000000110a2f560,0x0000000110a2f588] = 40

[Constant Pool (empty)]

[MachCode]
[Entry Point]
  # {method} {0x00000003716a5f48} 'a' '(Lcom/android/tools/r8/internal/jd;)Lcom/android/tools/r8/internal/aw3;' in 'com/android/tools/r8/internal/w50'
  # this:     c_rarg1:c_rarg1 
                        = 'com/android/tools/r8/internal/w50'
  # parm0:    c_rarg2:c_rarg2 
                        = 'com/android/tools/r8/internal/jd'
  #           [sp+0xc0]  (sp of caller)
  0x0000000110a2dc00: 2808 40b9 | 3f01 086b | c001 0054 

  0x0000000110a2dc0c: ;   {runtime_call ic_miss_stub}
  0x0000000110a2dc0c: 9d08 e014 | 1f20 03d5 | 1f20 03d5 | 1f20 03d5 | 1f20 03d5 | 1f20 03d5 | 1f20 03d5 | 1f20 03d5 
  0x0000000110a2dc2c: 1f20 03d5 | 1f20 03d5 | 1f20 03d5 | 1f20 03d5 | 1f20 03d5 
[Verified Entry Point]
  0x0000000110a2dc40: 1f20 03d5 | e953 40d1 | 3f01 00f9 | ff03 03d1 | fd7b 0ba9 | 2801 0018 | 8923 40b9 | 1f01 09eb 
  0x0000000110a2dc60: e000 0054 | 0830 93d2 | 6884 a2f2 | 2800 c0f2 | 0001 3fd6 | 0200 0014 | 5f00 0000 

  0x0000000110a2dc7c: ;   {metadata(method data for {method} {0x00000003716a5f48} 'a' '(Lcom/android/tools/r8/internal/jd;)Lcom/android/tools/r8/internal/aw3;' in 'com/android/tools/r8/internal/w50')}
  0x0000000110a2dc7c: 0322 98d2 | a3ee aef2 | 6300 c0f2 | 60ac 40b9 | 0008 0011 | 60ac 00b9 | 0024 1f12 | 1f00 0071 
  0x0000000110a2dc9c: 206f 0054 

  0x0000000110a2dca0: ;   {metadata(method data for {method} {0x00000003716a5f48} 'a' '(Lcom/android/tools/r8/internal/jd;)Lcom/android/tools/r8/internal/aw3;' in 'com/android/tools/r8/internal/w50')}
  0x0000000110a2dca0: 0322 98d2 | a3ee aef2 | 6300 c0f2 | 6878 40f9 | 0805 0091 | 6878 00f9 

  0x0000000110a2dcb8: ;   {metadata(method data for {method} {0x000000e0003e8b20} 'singletonList' '(Ljava/lang/Object;)Ljava/util/List;' in 'java/util/Collections')}
  0x0000000110a2dcb8: 03b1 87d2 | 2304 a6f2 | 2300 c0f2 | 60ac 40b9 | 0008 0011 | 60ac 00b9 | 004c 1f12 | 1f00 0071 
  0x0000000110a2dcd8: 406e 0054 

  0x0000000110a2dcdc: ;   {metadata('java/util/Collections$SingletonList')}
  0x0000000110a2dcdc: 0346 9ed2 | 8320 a0f2 | 031c c0f2 | 80df 40f9 | 0b60 0091 | 88e7 40f9 | 7f01 08eb | 486e 0054 
  0x0000000110a2dcfc: 8bdf 00f9 | ea03 40b2 | 0a00 00f9 | 6a08 5bd2 | 0a7c 0129 | 0a40 0091 | 5f01 00f9 | bf3a 03d5 
  0x0000000110a2dd1c: e303 00aa 

  0x0000000110a2dd20: ;   {metadata(method data for {method} {0x000000e0003e8b20} 'singletonList' '(Ljava/lang/Object;)Ljava/util/List;' in 'java/util/Collections')}
  0x0000000110a2dd20: 04b1 87d2 | 2404 a6f2 | 2400 c0f2 | 8878 40f9 | 0805 0091 | 8878 00f9 

  0x0000000110a2dd38: ;   {metadata(method data for {method} {0x00000001300f85e8} '<init>' '(Ljava/lang/Object;)V' in 'java/util/Collections$SingletonList')}
  0x0000000110a2dd38: 03d6 87d2 | 2304 a6f2 | 2300 c0f2 | 64ac 40b9 | 8408 0011 | 64ac 00b9 | 844c 1f12 | 9f00 0071 
  0x0000000110a2dd58: 806b 0054 | e303 00aa 

  0x0000000110a2dd60: ;   {metadata(method data for {method} {0x00000001300f85e8} '<init>' '(Ljava/lang/Object;)V' in 'java/util/Collections$SingletonList')}
  0x0000000110a2dd60: 04d6 87d2 | 2404 a6f2 | 2400 c0f2 | 8878 40f9 | 0805 0091 | 8878 00f9 

  0x0000000110a2dd78: ;   {metadata(method data for {method} {0x000000e00005c260} '<init>' '()V' in 'java/util/AbstractList')}
  0x0000000110a2dd78: 031b 9ad2 | c300 a6f2 | 2300 c0f2 | 64ac 40b9 | 8408 0011 | 64ac 00b9 | 844c 1f12 | 9f00 0071 
  0x0000000110a2dd98: 806a 0054 | e303 00aa 

  0x0000000110a2dda0: ;   {metadata(method data for {method} {0x000000e00005c260} '<init>' '()V' in 'java/util/AbstractList')}
  0x0000000110a2dda0: 041b 9ad2 | c400 a6f2 | 2400 c0f2 | 8878 40f9 | 0805 0091 | 8878 00f9 

  0x0000000110a2ddb8: ;   {metadata(method data for {method} {0x000000e00005b610} '<init>' '()V' in 'java/util/AbstractCollection')}
  0x0000000110a2ddb8: 03c4 9cd2 | 0300 a6f2 | 2300 c0f2 | 64ac 40b9 | 8408 0011 | 64ac 00b9 | 844c 1f12 | 9f00 0071 
  0x0000000110a2ddd8: 8069 0054 | e303 00aa 

  0x0000000110a2dde0: ;   {metadata(method data for {method} {0x000000e00005b610} '<init>' '()V' in 'java/util/AbstractCollection')}
  0x0000000110a2dde0: 04c4 9cd2 | 0400 a6f2 | 2400 c0f2 | 8878 40f9 | 0805 0091 | 8878 00f9 

  0x0000000110a2ddf8: ;   {metadata(method data for {method} {0x000000e0004784c8} '<init>' '()V' in 'java/lang/Object')}
  0x0000000110a2ddf8: 0358 90d2 | 0300 a6f2 | 2300 c0f2 | 64ac 40b9 | 8408 0011 | 64ac 00b9 | 844c 1f12 | 9f00 0071 
  0x0000000110a2de18: 8068 0054 | 8303 4139 | 7f00 0071 | 2169 0054 | 48fc 43d3 | 0810 00b9 | 0300 02ca | 63fc 56d3 
  0x0000000110a2de38: 7f00 00f1 | 2169 0054 | bf3a 03d5 | e203 01aa 

  0x0000000110a2de48: ;   {metadata(method data for {method} {0x00000003716a5f48} 'a' '(Lcom/android/tools/r8/internal/jd;)Lcom/android/tools/r8/internal/aw3;' in 'com/android/tools/r8/internal/w50')}
  0x0000000110a2de48: 0322 98d2 | a3ee aef2 | 6300 c0f2 | 6880 40f9 | 0805 0091 | 6880 00f9 | e203 00aa 

  0x0000000110a2de64: ; ImmutableOopMap {}
                      ;*invokevirtual b {reexecute=0 rethrow=0 return_oop=0}
                      ; - com.android.tools.r8.internal.w50::a@5 (line 2)
                      ;   {optimized virtual_call}
  0x0000000110a2de64: 2bac a695 

  0x0000000110a2de68: ;   {other}
  0x0000000110a2de68: 1f20 03d5 | 1fcb 80f2 | 1f00 80f2 

  0x0000000110a2de74: ;   {metadata(method data for {method} {0x00000003716a5f48} 'a' '(Lcom/android/tools/r8/internal/jd;)Lcom/android/tools/r8/internal/aw3;' in 'com/android/tools/r8/internal/w50')}
  0x0000000110a2de74: 0122 98d2 | a1ee aef2 | 6100 c0f2 | 289c 40f9 | 0805 0091 | 289c 00f9 

  0x0000000110a2de8c: ;   {metadata(method data for {method} {0x000000e0000e0e80} 'identity' '()Ljava/util/function/Function;' in 'java/util/function/Function')}
  0x0000000110a2de8c: 01ad 84d2 | 0161 a6f2 | 2100 c0f2 | 22ac 40b9 | 4208 0011 | 22ac 00b9 | 424c 1f12 | 5f00 0071 
  0x0000000110a2deac: 2066 0054 

  0x0000000110a2deb0: ;   {metadata(method data for {method} {0x000000e0000b05d8} 'linkToTargetMethod' '(Ljava/lang/Object;)Ljava/lang/Object;' in 'java/lang/invoke/Invokers$Holder')}
  0x0000000110a2deb0: 011a 8ad2 | 0103 a6f2 | 2100 c0f2 | 2120 0791 

  0x0000000110a2dec0: ;   {oop(a 'java/lang/invoke/BoundMethodHandle$Species_L'{0x00000006818ec190})}
  0x0000000110a2dec0: 0232 98d2 | c231 b0f2 | c200 c0f2 | e303 02aa | 8300 00b5 | 2900 40f9 | 2901 40b2 | 2900 00f9 
  0x0000000110a2dee0: ;   {metadata(method data for {method} {0x000000e0000e0e80} 'identity' '()Ljava/util/function/Function;' in 'java/util/function/Function')}
  0x0000000110a2dee0: 01ad 84d2 | 0161 a6f2 | 2100 c0f2 | 2878 40f9 | 0805 0091 | 2878 00f9 

  0x0000000110a2def8: ;   {metadata(method data for {method} {0x000000e0000b05d8} 'linkToTargetMethod' '(Ljava/lang/Object;)Ljava/lang/Object;' in 'java/lang/invoke/Invokers$Holder')}
  0x0000000110a2def8: 011a 8ad2 | 0103 a6f2 | 2100 c0f2 | 23ac 40b9 | 6308 0011 | 23ac 00b9 | 634c 1f12 | 7f00 0071 
  0x0000000110a2df18: c063 0054 

  0x0000000110a2df1c: ;   {metadata(method data for {method} {0x0000000130400a20} 'invoke' '(Ljava/lang/Object;)Ljava/lang/Object;' in 'java/lang/invoke/LambdaForm$MH+0x000000e001000800')}
  0x0000000110a2df1c: 0189 81d2 | 0108 a6f2 | 2100 c0f2 | 2100 0691 | 8200 00b5 | 2900 40f9 | 2901 40b2 | 2900 00f9 
  0x0000000110a2df3c: ;   {metadata(method data for {method} {0x000000e0000b05d8} 'linkToTargetMethod' '(Ljava/lang/Object;)Ljava/lang/Object;' in 'java/lang/invoke/Invokers$Holder')}
  0x0000000110a2df3c: 011a 8ad2 | 0103 a6f2 | 2100 c0f2 | 2894 40f9 | 0805 0091 | 2894 00f9 

  0x0000000110a2df54: ;   {metadata(method data for {method} {0x0000000130400a20} 'invoke' '(Ljava/lang/Object;)Ljava/lang/Object;' in 'java/lang/invoke/LambdaForm$MH+0x000000e001000800')}
  0x0000000110a2df54: 0189 81d2 | 0108 a6f2 | 2100 c0f2 | 22ac 40b9 | 4208 0011 | 22ac 00b9 | 424c 1f12 | 5f00 0071 
  0x0000000110a2df74: e061 0054 

  0x0000000110a2df78: ;   {metadata(method data for {method} {0x000000e0000b05d8} 'linkToTargetMethod' '(Ljava/lang/Object;)Ljava/lang/Object;' in 'java/lang/invoke/Invokers$Holder')}
  0x0000000110a2df78: 011a 8ad2 | 0103 a6f2 | 2100 c0f2 | 2180 0591 

  0x0000000110a2df88: ;   {oop(a 'java/util/function/Function$$Lambda+0x000000e001155490'{0x00000006818ec1b8})}
  0x0000000110a2df88: 0237 98d2 | c231 b0f2 | c200 c0f2 | e303 02aa | 8300 00b5 | 2900 40f9 | 2901 40b2 | 2900 00f9 
  0x0000000110a2dfa8: ;   {metadata(method data for {method} {0x000000e0000e0e80} 'identity' '()Ljava/util/function/Function;' in 'java/util/function/Function')}
  0x0000000110a2dfa8: 01ad 84d2 | 0161 a6f2 | 2100 c0f2 | 2100 0491 | 8200 00b5 | 2900 40f9 | 2901 40b2 | 2900 00f9 
  0x0000000110a2dfc8: ;   {metadata(method data for {method} {0x000000e0000b05d8} 'linkToTargetMethod' '(Ljava/lang/Object;)Ljava/lang/Object;' in 'java/lang/invoke/Invokers$Holder')}
  0x0000000110a2dfc8: 011a 8ad2 | 0103 a6f2 | 2100 c0f2 | 2120 0791 

  0x0000000110a2dfd8: ;   {oop(a 'java/lang/invoke/BoundMethodHandle$Species_L'{0x000000069e03e708})}
  0x0000000110a2dfd8: 02e1 9cd2 | 62c0 b3f2 | c200 c0f2 | e303 02aa | 8300 00b5 | 2900 40f9 | 2901 40b2 | 2900 00f9 
  0x0000000110a2dff8: ;   {metadata(method data for {method} {0x00000003716a5f48} 'a' '(Lcom/android/tools/r8/internal/jd;)Lcom/android/tools/r8/internal/aw3;' in 'com/android/tools/r8/internal/w50')}
  0x0000000110a2dff8: 0122 98d2 | a1ee aef2 | 6100 c0f2 | 28a4 40f9 | 0805 0091 | 28a4 00f9 

  0x0000000110a2e010: ;   {metadata(method data for {method} {0x000000e0000b05d8} 'linkToTargetMethod' '(Ljava/lang/Object;)Ljava/lang/Object;' in 'java/lang/invoke/Invokers$Holder')}
  0x0000000110a2e010: 011a 8ad2 | 0103 a6f2 | 2100 c0f2 | 23ac 40b9 | 6308 0011 | 23ac 00b9 | 634c 1f12 | 7f00 0071 
  0x0000000110a2e030: 005d 0054 

  0x0000000110a2e034: ;   {metadata(method data for {method} {0x0000000130400a20} 'invoke' '(Ljava/lang/Object;)Ljava/lang/Object;' in 'java/lang/invoke/LambdaForm$MH+0x000000e001000800')}
  0x0000000110a2e034: 0189 81d2 | 0108 a6f2 | 2100 c0f2 | 2100 0691 | 8200 00b5 | 2900 40f9 | 2901 40b2 | 2900 00f9 
  0x0000000110a2e054: ;   {metadata(method data for {method} {0x000000e0000b05d8} 'linkToTargetMethod' '(Ljava/lang/Object;)Ljava/lang/Object;' in 'java/lang/invoke/Invokers$Holder')}
  0x0000000110a2e054: 011a 8ad2 | 0103 a6f2 | 2100 c0f2 | 2894 40f9 | 0805 0091 | 2894 00f9 

  0x0000000110a2e06c: ;   {metadata(method data for {method} {0x0000000130400a20} 'invoke' '(Ljava/lang/Object;)Ljava/lang/Object;' in 'java/lang/invoke/LambdaForm$MH+0x000000e001000800')}
  0x0000000110a2e06c: 0189 81d2 | 0108 a6f2 | 2100 c0f2 | 22ac 40b9 | 4208 0011 | 22ac 00b9 | 424c 1f12 | 5f00 0071 
  0x0000000110a2e08c: 205b 0054 

  0x0000000110a2e090: ;   {metadata(method data for {method} {0x000000e0000b05d8} 'linkToTargetMethod' '(Ljava/lang/Object;)Ljava/lang/Object;' in 'java/lang/invoke/Invokers$Holder')}
  0x0000000110a2e090: 011a 8ad2 | 0103 a6f2 | 2100 c0f2 | 2180 0591 

  0x0000000110a2e0a0: ;   {oop(a 'com/android/tools/r8/internal/w50$$Lambda+0x000000e003c3ec68'{0x000000069e03e730})}
  0x0000000110a2e0a0: 02e6 9cd2 | 62c0 b3f2 | c200 c0f2 | e303 02aa | 8300 00b5 | 2900 40f9 | 2901 40b2 | 2900 00f9 
  0x0000000110a2e0c0: ;   {metadata(method data for {method} {0x00000003716a5f48} 'a' '(Lcom/android/tools/r8/internal/jd;)Lcom/android/tools/r8/internal/aw3;' in 'com/android/tools/r8/internal/w50')}
  0x0000000110a2e0c0: 0122 98d2 | a1ee aef2 | 6100 c0f2 | 2160 0591 | 8200 00b5 | 2900 40f9 | 2901 40b2 | 2900 00f9 
  0x0000000110a2e0e0: ; implicit exception: dispatches to 0x0000000110a2ec10
  0x0000000110a2e0e0: 1f00 40f9 | e103 00aa 

  0x0000000110a2e0e8: ;   {metadata(method data for {method} {0x00000003716a5f48} 'a' '(Lcom/android/tools/r8/internal/jd;)Lcom/android/tools/r8/internal/aw3;' in 'com/android/tools/r8/internal/w50')}
  0x0000000110a2e0e8: 0222 98d2 | a2ee aef2 | 6200 c0f2 | 2108 40b9 | 2108 5bd2 | 49e0 0591 | 2801 40f9 | 3f00 08eb 
  0x0000000110a2e108: a100 0054 | 48c0 40f9 | 0805 0091 | 48c0 00f9 | 1c00 0014 | 4920 0691 | 2801 40f9 | 3f00 08eb 
  0x0000000110a2e128: a100 0054 | 48c8 40f9 | 0805 0091 | 48c8 00f9 | 1400 0014 | 49e0 0591 | 2801 40f9 | c800 00b5 
  0x0000000110a2e148: 2101 00f9 | e803 40b2 | 4900 0691 | 2801 00f9 | 0c00 0014 | 4920 0691 | 2801 40f9 | c800 00b5 
  0x0000000110a2e168: 2101 00f9 | e803 40b2 | 4940 0691 | 2801 00f9 | 0400 0014 | 48b4 40f9 | 0805 0091 | 48b4 00f9 
  0x0000000110a2e188: e103 00aa | e04b 00f9 | 0900 99d2 | 6962 a0f2 | 091c c0f2 

  0x0000000110a2e19c: ; ImmutableOopMap {[144]=Oop }
                      ;*invokevirtual c {reexecute=0 rethrow=0 return_oop=0}
                      ; - com.android.tools.r8.internal.w50::a@20 (line 3)
                      ;   {virtual_call}
  0x0000000110a2e19c: 79d8 5495 

  0x0000000110a2e1a0: ;   {other}
  0x0000000110a2e1a0: 1f20 03d5 | 1f32 81f2 | 1f20 80f2 | 1f00 0071 

  0x0000000110a2e1b0: ;   {metadata(method data for {method} {0x00000003716a5f48} 'a' '(Lcom/android/tools/r8/internal/jd;)Lcom/android/tools/r8/internal/aw3;' in 'com/android/tools/r8/internal/w50')}
  0x0000000110a2e1b0: 0322 98d2 | a3ee aef2 | 6300 c0f2 | 0834 80d2 | 0936 80d2 | 0001 899a | 6468 60f8 | 8404 0091 
  0x0000000110a2e1d0: 6468 20f8 | 201b 0054 

  0x0000000110a2e1d8: ; ImmutableOopMap {[144]=Oop }
                      ;*new {reexecute=0 rethrow=0 return_oop=0}
                      ; - com.android.tools.r8.internal.w50::a@26 (line 4)
                      ;   {runtime_call load_mirror_patching Runtime1 stub}
  0x0000000110a2e1d8: aa6c e394 | 80df 40f9 | 0b40 0091 | 88e7 40f9 | 7f01 08eb | 4851 0054 | 8bdf 00f9 | ea03 40b2 
  0x0000000110a2e1f8: 0a00 00f9 | 6a08 5bd2 | 0a7c 0129 | bf3a 03d5 | e14b 40f9 

  0x0000000110a2e20c: ;   {metadata(method data for {method} {0x00000003716a5f48} 'a' '(Lcom/android/tools/r8/internal/jd;)Lcom/android/tools/r8/internal/aw3;' in 'com/android/tools/r8/internal/w50')}
  0x0000000110a2e20c: 0222 98d2 | a2ee aef2 | 6200 c0f2 | 2108 40b9 | 2108 5bd2 | 4940 0791 | 2801 40f9 | 3f00 08eb 
  0x0000000110a2e22c: a100 0054 | 48ec 40f9 | 0805 0091 | 48ec 00f9 | 1c00 0014 | 4980 0791 | 2801 40f9 | 3f00 08eb 
  0x0000000110a2e24c: a100 0054 | 48f4 40f9 | 0805 0091 | 48f4 00f9 | 1400 0014 | 4940 0791 | 2801 40f9 | c800 00b5 
  0x0000000110a2e26c: 2101 00f9 | e803 40b2 | 4960 0791 | 2801 00f9 | 0c00 0014 | 4980 0791 | 2801 40f9 | c800 00b5 
  0x0000000110a2e28c: 2101 00f9 | e803 40b2 | 49a0 0791 | 2801 00f9 | 0400 0014 | 48e0 40f9 | 0805 0091 | 48e0 00f9 
  0x0000000110a2e2ac: e14b 40f9 | e04f 00f9 | e9ff 9fd2 | e9ff bff2 | e9ff dff2 

  0x0000000110a2e2c0: ; ImmutableOopMap {[152]=Oop }
                      ;*invokevirtual a {reexecute=0 rethrow=0 return_oop=0}
                      ; - com.android.tools.r8.internal.w50::a@32 (line 4)
                      ;   {virtual_call}
  0x0000000110a2e2c0: 7008 e094 

  0x0000000110a2e2c4: ;   {other}
  0x0000000110a2e2c4: 1f20 03d5 | 9f56 81f2 | 1f60 80f2 

  0x0000000110a2e2d0: ; implicit exception: dispatches to 0x0000000110a2ec1c
  0x0000000110a2e2d0: 1f00 40f9 | e103 00aa 

  0x0000000110a2e2d8: ;   {metadata(method data for {method} {0x00000003716a5f48} 'a' '(Lcom/android/tools/r8/internal/jd;)Lcom/android/tools/r8/internal/aw3;' in 'com/android/tools/r8/internal/w50')}
  0x0000000110a2e2d8: 0222 98d2 | a2ee aef2 | 6200 c0f2 | 2108 40b9 | 2108 5bd2 | 4920 0891 | 2801 40f9 | 3f00 08eb 
  0x0000000110a2e2f8: a100 0054 | 4808 41f9 | 0805 0091 | 4808 01f9 | 1c00 0014 | 4960 0891 | 2801 40f9 | 3f00 08eb 
  0x0000000110a2e318: a100 0054 | 4810 41f9 | 0805 0091 | 4810 01f9 | 1400 0014 | 4920 0891 | 2801 40f9 | c800 00b5 
  0x0000000110a2e338: 2101 00f9 | e803 40b2 | 4940 0891 | 2801 00f9 | 0c00 0014 | 4960 0891 | 2801 40f9 | c800 00b5 
  0x0000000110a2e358: 2101 00f9 | e803 40b2 | 4980 0891 | 2801 00f9 | 0400 0014 | 48fc 40f9 | 0805 0091 | 48fc 00f9 
  0x0000000110a2e378: e103 00aa | e9ff 9fd2 | e9ff bff2 | e9ff dff2 

  0x0000000110a2e388: ; ImmutableOopMap {[152]=Oop }
                      ;*invokevirtual e {reexecute=0 rethrow=0 return_oop=0}
                      ; - com.android.tools.r8.internal.w50::a@35 (line 4)
                      ;   {virtual_call}
  0x0000000110a2e388: 3e08 e094 

  0x0000000110a2e38c: ;   {other}
  0x0000000110a2e38c: 1f20 03d5 | 9f6f 81f2 | 1f80 80f2 

  0x0000000110a2e398: ;   {oop(a 'java/util/function/Function$$Lambda+0x000000e001155490'{0x00000006818ec1b8})}
  0x0000000110a2e398: 0337 98d2 | c331 b0f2 | c300 c0f2 

  0x0000000110a2e3a4: ;   {metadata(method data for {method} {0x00000003716a5f48} 'a' '(Lcom/android/tools/r8/internal/jd;)Lcom/android/tools/r8/internal/aw3;' in 'com/android/tools/r8/internal/w50')}
  0x0000000110a2e3a4: 0422 98d2 | a4ee aef2 | 6400 c0f2 

  0x0000000110a2e3b0: ;   {metadata('java/util/function/Function$$Lambda+0x000000e001155490')}
  0x0000000110a2e3b0: 0892 8ad2 | a822 a0f2 | 081c c0f2 | 8900 0991 | 2801 00f9 | 8824 41f9 | 0805 0091 | 8824 01f9 
  0x0000000110a2e3d0: ;   {metadata(method data for {method} {0x0000000130f40b98} 'apply' '(Ljava/lang/Object;)Ljava/lang/Object;' in 'java/util/function/Function$$Lambda+0x000000e001155490')}
  0x0000000110a2e3d0: 034a 98d2 | 433b a6f2 | 2300 c0f2 | 64ac 40b9 | 8408 0011 | 64ac 00b9 | 844c 1f12 | 9f00 0071 
  0x0000000110a2e3f0: 8041 0054 

  0x0000000110a2e3f4: ;   {metadata(method data for {method} {0x0000000130f40b98} 'apply' '(Ljava/lang/Object;)Ljava/lang/Object;' in 'java/util/function/Function$$Lambda+0x000000e001155490')}
  0x0000000110a2e3f4: 034a 98d2 | 433b a6f2 | 2300 c0f2 | 6878 40f9 | 0805 0091 | 6878 00f9 

  0x0000000110a2e40c: ;   {metadata(method data for {method} {0x000000e0000e0f88} 'lambda$identity$2' '(Ljava/lang/Object;)Ljava/lang/Object;' in 'java/util/function/Function')}
  0x0000000110a2e40c: 0397 98d2 | 433b a6f2 | 2300 c0f2 | 64ac 40b9 | 8408 0011 | 64ac 00b9 | 844c 1f12 | 9f00 0071 
  0x0000000110a2e42c: a040 0054 | e34f 40f9 

  0x0000000110a2e434: ;   {metadata(method data for {method} {0x00000003716a5f48} 'a' '(Lcom/android/tools/r8/internal/jd;)Lcom/android/tools/r8/internal/aw3;' in 'com/android/tools/r8/internal/w50')}
  0x0000000110a2e434: 0422 98d2 | a4ee aef2 | 6400 c0f2 | 8834 41f9 | 0805 0091 | 8834 01f9 

  0x0000000110a2e44c: ;   {metadata(method data for {method} {0x000000037149e200} '<init>' '(Ljava/lang/Object;)V' in 'com/android/tools/r8/internal/xv3')}
  0x0000000110a2e44c: 038b 88d2 | 83aa aef2 | 6300 c0f2 | 64ac 40b9 | 8408 0011 | 64ac 00b9 | 844c 1f12 | 9f00 0071 
  0x0000000110a2e46c: a03f 0054 | e34f 40f9 

  0x0000000110a2e474: ;   {metadata(method data for {method} {0x000000037149e200} '<init>' '(Ljava/lang/Object;)V' in 'com/android/tools/r8/internal/xv3')}
  0x0000000110a2e474: 048b 88d2 | 84aa aef2 | 6400 c0f2 | 8878 40f9 | 0805 0091 | 8878 00f9 

  0x0000000110a2e48c: ;   {metadata(method data for {method} {0x0000000371483a28} '<init>' '()V' in 'com/android/tools/r8/internal/aw3')}
  0x0000000110a2e48c: 038a 8ed2 | a3a7 aef2 | 6300 c0f2 | 64ac 40b9 | 8408 0011 | 64ac 00b9 | 844c 1f12 | 9f00 0071 
  0x0000000110a2e4ac: a03e 0054 | e34f 40f9 

  0x0000000110a2e4b4: ;   {metadata(method data for {method} {0x0000000371483a28} '<init>' '()V' in 'com/android/tools/r8/internal/aw3')}
  0x0000000110a2e4b4: 048a 8ed2 | a4a7 aef2 | 6400 c0f2 | 8878 40f9 | 0805 0091 | 8878 00f9 

  0x0000000110a2e4cc: ;   {metadata(method data for {method} {0x000000e0004784c8} '<init>' '()V' in 'java/lang/Object')}
  0x0000000110a2e4cc: 0358 90d2 | 0300 a6f2 | 2300 c0f2 | 64ac 40b9 | 8408 0011 | 64ac 00b9 | 844c 1f12 | 9f00 0071 
  0x0000000110a2e4ec: a03d 0054 | 8303 4139 | 7f00 0071 | e34f 40f9 | 213e 0054 | 08fc 43d3 | 680c 00b9 | 6400 00ca 
  0x0000000110a2e50c: 84fc 56d3 | 9f00 00f1 | 213e 0054 | bf3a 03d5 | e003 03aa | fd7b 4ba9 | ff03 0391 

  0x0000000110a2e528: ;   {poll_return}
  0x0000000110a2e528: 882b 42f9 | ff63 28eb | c83d 0054 | c003 5fd6 

  0x0000000110a2e538: ;   {metadata(method data for {method} {0x00000003716a5f48} 'a' '(Lcom/android/tools/r8/internal/jd;)Lcom/android/tools/r8/internal/aw3;' in 'com/android/tools/r8/internal/w50')}
  0x0000000110a2e538: 0322 98d2 | a3ee aef2 | 6300 c0f2 | 603c 41f9 | 0004 0091 | 603c 01f9 | e14b 40f9 

  0x0000000110a2e554: ;   {metadata('com/android/tools/r8/internal/zv3')}
  0x0000000110a2e554: 0300 99d2 | 6362 a0f2 | 031c c0f2 | 80df 40f9 | 0b40 0091 | 88e7 40f9 | 7f01 08eb | 283c 0054 
  0x0000000110a2e574: 8bdf 00f9 | ea03 40b2 | 0a00 00f9 | 6a08 5bd2 | 0a7c 0129 | bf3a 03d5 | e203 01aa 

  0x0000000110a2e590: ;   {metadata(method data for {method} {0x00000003716a5f48} 'a' '(Lcom/android/tools/r8/internal/jd;)Lcom/android/tools/r8/internal/aw3;' in 'com/android/tools/r8/internal/w50')}
  0x0000000110a2e590: 0322 98d2 | a3ee aef2 | 6300 c0f2 | 4208 40b9 | 4208 5bd2 | 69a0 0c91 | 2801 40f9 | 5f00 08eb 
  0x0000000110a2e5b0: a100 0054 | 6898 41f9 | 0805 0091 | 6898 01f9 | 1c00 0014 | 69e0 0c91 | 2801 40f9 | 5f00 08eb 
  0x0000000110a2e5d0: a100 0054 | 68a0 41f9 | 0805 0091 | 68a0 01f9 | 1400 0014 | 69a0 0c91 | 2801 40f9 | c800 00b5 
  0x0000000110a2e5f0: 2201 00f9 | e803 40b2 | 69c0 0c91 | 2801 00f9 | 0c00 0014 | 69e0 0c91 | 2801 40f9 | c800 00b5 
  0x0000000110a2e610: 2201 00f9 | e803 40b2 | 6900 0d91 | 2801 00f9 | 0400 0014 | 688c 41f9 | 0805 0091 | 688c 01f9 
  0x0000000110a2e630: e053 00f9 | 0900 99d2 | 6962 a0f2 | 091c c0f2 

  0x0000000110a2e640: ; ImmutableOopMap {[160]=Oop }
                      ;*invokevirtual b {reexecute=0 rethrow=0 return_oop=0}
                      ; - com.android.tools.r8.internal.w50::a@77 (line 7)
                      ;   {virtual_call}
  0x0000000110a2e640: 10be 2695 

  0x0000000110a2e644: ;   {other}
  0x0000000110a2e644: 1f20 03d5 | 9fc6 81f2 | 1fa0 80f2 

  0x0000000110a2e650: ; implicit exception: dispatches to 0x0000000110a2ecfc
  0x0000000110a2e650: 1f00 40f9 | e103 00aa 

  0x0000000110a2e658: ;   {metadata(method data for {method} {0x00000003716a5f48} 'a' '(Lcom/android/tools/r8/internal/jd;)Lcom/android/tools/r8/internal/aw3;' in 'com/android/tools/r8/internal/w50')}
  0x0000000110a2e658: 0222 98d2 | a2ee aef2 | 6200 c0f2 | 2108 40b9 | 2108 5bd2 | 4980 0d91 | 2801 40f9 | 3f00 08eb 
  0x0000000110a2e678: a100 0054 | 48b4 41f9 | 0805 0091 | 48b4 01f9 | 1c00 0014 | 49c0 0d91 | 2801 40f9 | 3f00 08eb 
  0x0000000110a2e698: a100 0054 | 48bc 41f9 | 0805 0091 | 48bc 01f9 | 1400 0014 | 4980 0d91 | 2801 40f9 | c800 00b5 
  0x0000000110a2e6b8: 2101 00f9 | e803 40b2 | 49a0 0d91 | 2801 00f9 | 0c00 0014 | 49c0 0d91 | 2801 40f9 | c800 00b5 
  0x0000000110a2e6d8: 2101 00f9 | e803 40b2 | 49e0 0d91 | 2801 00f9 | 0400 0014 | 48a8 41f9 | 0805 0091 | 48a8 01f9 
  0x0000000110a2e6f8: e103 00aa | 0900 99d2 | 6962 a0f2 | 091c c0f2 

  0x0000000110a2e708: ; ImmutableOopMap {[160]=Oop }
                      ;*invokevirtual e {reexecute=0 rethrow=0 return_oop=0}
                      ; - com.android.tools.r8.internal.w50::a@80 (line 7)
                      ;   {virtual_call}
  0x0000000110a2e708: 1e38 6795 

  0x0000000110a2e70c: ;   {other}
  0x0000000110a2e70c: 1f20 03d5 | 9fdf 81f2 | 1fc0 80f2 

  0x0000000110a2e718: ;   {oop(a 'com/android/tools/r8/internal/w50$$Lambda+0x000000e003c3ec68'{0x000000069e03e730})}
  0x0000000110a2e718: 02e6 9cd2 | 62c0 b3f2 | c200 c0f2 

  0x0000000110a2e724: ;   {metadata(method data for {method} {0x00000003716a5f48} 'a' '(Lcom/android/tools/r8/internal/jd;)Lcom/android/tools/r8/internal/aw3;' in 'com/android/tools/r8/internal/w50')}
  0x0000000110a2e724: 0122 98d2 | a1ee aef2 | 6100 c0f2 | 28d0 41f9 | 0805 0091 | 28d0 01f9 

  0x0000000110a2e73c: ;   {metadata(method data for {method} {0x00000003774b9720} 'apply' '(Ljava/lang/Object;)Ljava/lang/Object;' in 'com/android/tools/r8/internal/w50$$Lambda+0x000000e003c3ec68')}
  0x0000000110a2e73c: 0262 89d2 | 8258 aef2 | 6200 c0f2 | 41ac 40b9 | 2108 0011 | 41ac 00b9 | 214c 1f12 | 3f00 0071 
  0x0000000110a2e75c: 202d 0054 | 0001 00b5 

  0x0000000110a2e764: ;   {metadata(method data for {method} {0x00000003774b9720} 'apply' '(Ljava/lang/Object;)Ljava/lang/Object;' in 'com/android/tools/r8/internal/w50$$Lambda+0x000000e003c3ec68')}
  0x0000000110a2e764: 0362 89d2 | 8358 aef2 | 6300 c0f2 | 68a4 4339 | 0801 40b2 | 68a4 0339 | 3d00 0014 

  0x0000000110a2e780: ;   {metadata('java/util/List')}
  0x0000000110a2e780: 01c0 92d2 | a100 a0f2 | 011c c0f2 | 0308 40b9 | 6308 5bd2 | 6810 40f9 | 3f00 08eb | e000 0054 
  0x0000000110a2e7a0: 7f00 01eb | a000 0054 | e307 bfa9 

  0x0000000110a2e7ac: ;   {runtime_call slow_subtype_check Runtime1 stub}
  0x0000000110a2e7ac: 7563 e394 | e307 41f8 | e304 0034 

  0x0000000110a2e7b8: ;   {metadata(method data for {method} {0x00000003774b9720} 'apply' '(Ljava/lang/Object;)Ljava/lang/Object;' in 'com/android/tools/r8/internal/w50$$Lambda+0x000000e003c3ec68')}
  0x0000000110a2e7b8: 0362 89d2 | 8358 aef2 | 6300 c0f2 | 0108 40b9 | 2108 5bd2 | 6900 0491 | 2801 40f9 | 3f00 08eb 
  0x0000000110a2e7d8: a100 0054 | 6884 40f9 | 0805 0091 | 6884 00f9 | 2200 0014 | 6940 0491 | 2801 40f9 | 3f00 08eb 
  0x0000000110a2e7f8: a100 0054 | 688c 40f9 | 0805 0091 | 688c 00f9 | 1a00 0014 | 6900 0491 | 2801 40f9 | c800 00b5 
  0x0000000110a2e818: 2101 00f9 | e803 40b2 | 6920 0491 | 2801 00f9 | 1200 0014 | 6940 0491 | 2801 40f9 | c800 00b5 
  0x0000000110a2e838: 2101 00f9 | e803 40b2 | 6960 0491 | 2801 00f9 | 0a00 0014 | 0900 0014 

  0x0000000110a2e850: ;   {metadata(method data for {method} {0x00000003774b9720} 'apply' '(Ljava/lang/Object;)Ljava/lang/Object;' in 'com/android/tools/r8/internal/w50$$Lambda+0x000000e003c3ec68')}
  0x0000000110a2e850: 0362 89d2 | 8358 aef2 | 6300 c0f2 | 6878 40f9 | 0805 00d1 | 6878 00f9 | 2e01 0014 | 0100 0014 
  0x0000000110a2e870: e103 00aa 

  0x0000000110a2e874: ;   {metadata(method data for {method} {0x00000003774b9720} 'apply' '(Ljava/lang/Object;)Ljava/lang/Object;' in 'com/android/tools/r8/internal/w50$$Lambda+0x000000e003c3ec68')}
  0x0000000110a2e874: 0262 89d2 | 8258 aef2 | 6200 c0f2 | 4894 40f9 | 0805 0091 | 4894 00f9 

  0x0000000110a2e88c: ;   {metadata(method data for {method} {0x00000003716a5a80} 'a' '(Ljava/util/List;)Ljava/lang/Object;' in 'com/android/tools/r8/internal/w50')}
  0x0000000110a2e88c: 0292 89d2 | 8258 aef2 | 6200 c0f2 | 40ac 40b9 | 0008 0011 | 40ac 00b9 | 004c 1f12 | 1f00 0071 
  0x0000000110a2e8ac: e023 0054 

  0x0000000110a2e8b0: ; implicit exception: dispatches to 0x0000000110a2ed48
  0x0000000110a2e8b0: 3f00 40f9 | e203 01aa 

  0x0000000110a2e8b8: ;   {metadata(method data for {method} {0x00000003716a5a80} 'a' '(Ljava/util/List;)Ljava/lang/Object;' in 'com/android/tools/r8/internal/w50')}
  0x0000000110a2e8b8: 0092 89d2 | 8058 aef2 | 6000 c0f2 | 4208 40b9 | 4208 5bd2 | 0900 0491 | 2801 40f9 | 5f00 08eb 
  0x0000000110a2e8d8: a100 0054 | 0884 40f9 | 0805 0091 | 0884 00f9 | 1c00 0014 | 0940 0491 | 2801 40f9 | 5f00 08eb 
  0x0000000110a2e8f8: a100 0054 | 088c 40f9 | 0805 0091 | 088c 00f9 | 1400 0014 | 0900 0491 | 2801 40f9 | c800 00b5 
  0x0000000110a2e918: 2201 00f9 | e803 40b2 | 0920 0491 | 2801 00f9 | 0c00 0014 | 0940 0491 | 2801 40f9 | c800 00b5 
  0x0000000110a2e938: 2201 00f9 | e803 40b2 | 0960 0491 | 2801 00f9 | 0400 0014 | 0878 40f9 | 0805 0091 | 0878 00f9 
  0x0000000110a2e958: 0200 a052 | 09b8 96d2 | 6901 a0f2 | 091c c0f2 

  0x0000000110a2e968: ; ImmutableOopMap {[160]=Oop }
                      ;*invokeinterface get {reexecute=0 rethrow=0 return_oop=0}
                      ; - com.android.tools.r8.internal.w50::a@2 (line 1)
                      ; - com.android.tools.r8.internal.w50$$Lambda/0x000000e003c3ec68::apply@4
                      ; - com.android.tools.r8.internal.w50::a@83 (line 7)
                      ;   {virtual_call}
  0x0000000110a2e968: b67b fe94 

  0x0000000110a2e96c: ;   {other}
  0x0000000110a2e96c: 1f20 03d5 | 9f2b 82f2 | 1fe0 80f2 | e153 40f9 

  0x0000000110a2e97c: ;   {metadata(method data for {method} {0x00000003716a5f48} 'a' '(Lcom/android/tools/r8/internal/jd;)Lcom/android/tools/r8/internal/aw3;' in 'com/android/tools/r8/internal/w50')}
  0x0000000110a2e97c: 0222 98d2 | a2ee aef2 | 6200 c0f2 | 48e0 41f9 | 0805 0091 | 48e0 01f9 

  0x0000000110a2e994: ;   {metadata(method data for {method} {0x0000000371484390} '<init>' '(Ljava/lang/Object;)V' in 'com/android/tools/r8/internal/zv3')}
  0x0000000110a2e994: 01cb 8dd2 | a1a7 aef2 | 6100 c0f2 | 22ac 40b9 | 4208 0011 | 22ac 00b9 | 424c 1f12 | 5f00 0071 
  0x0000000110a2e9b4: c01c 0054 | e153 40f9 

  0x0000000110a2e9bc: ;   {metadata(method data for {method} {0x0000000371484390} '<init>' '(Ljava/lang/Object;)V' in 'com/android/tools/r8/internal/zv3')}
  0x0000000110a2e9bc: 02cb 8dd2 | a2a7 aef2 | 6200 c0f2 | 4878 40f9 | 0805 0091 | 4878 00f9 

  0x0000000110a2e9d4: ;   {metadata(method data for {method} {0x0000000371483a28} '<init>' '()V' in 'com/android/tools/r8/internal/aw3')}
  0x0000000110a2e9d4: 018a 8ed2 | a1a7 aef2 | 6100 c0f2 | 22ac 40b9 | 4208 0011 | 22ac 00b9 | 424c 1f12 | 5f00 0071 
  0x0000000110a2e9f4: c01b 0054 | e153 40f9 

  0x0000000110a2e9fc: ;   {metadata(method data for {method} {0x0000000371483a28} '<init>' '()V' in 'com/android/tools/r8/internal/aw3')}
  0x0000000110a2e9fc: 028a 8ed2 | a2a7 aef2 | 6200 c0f2 | 4878 40f9 | 0805 0091 | 4878 00f9 

  0x0000000110a2ea14: ;   {metadata(method data for {method} {0x000000e0004784c8} '<init>' '()V' in 'java/lang/Object')}
  0x0000000110a2ea14: 0158 90d2 | 0100 a6f2 | 2100 c0f2 | 22ac 40b9 | 4208 0011 | 22ac 00b9 | 424c 1f12 | 5f00 0071 
  0x0000000110a2ea34: c01a 0054 | 8103 4139 | 3f00 0071 | e153 40f9 | 411b 0054 | 08fc 43d3 | 280c 00b9 | 2200 00ca 
  0x0000000110a2ea54: 42fc 56d3 | 5f00 00f1 | 411b 0054 | bf3a 03d5 | e003 01aa | fd7b 4ba9 | ff03 0391 

  0x0000000110a2ea70: ;   {poll_return}
  0x0000000110a2ea70: 882b 42f9 | ff63 28eb | e81a 0054 | c003 5fd6 

  0x0000000110a2ea80: ;   {metadata({method} {0x00000003716a5f48} 'a' '(Lcom/android/tools/r8/internal/jd;)Lcom/android/tools/r8/internal/aw3;' in 'com/android/tools/r8/internal/w50')}
  0x0000000110a2ea80: 08e9 8bd2 | 482d aef2 | 6800 c0f2 | e807 00f9 | 0800 8092 | e803 00f9 

  0x0000000110a2ea98: ; ImmutableOopMap {c_rarg1=Oop c_rarg2=Oop }
                      ;*synchronization entry
                      ; - com.android.tools.r8.internal.w50::a@-1
                      ;   {runtime_call counter_overflow Runtime1 stub}
  0x0000000110a2ea98: 9a6d e394 | 81fc ff17 

  0x0000000110a2eaa0: ;   {metadata({method} {0x000000e0003e8b20} 'singletonList' '(Ljava/lang/Object;)Ljava/util/List;' in 'java/util/Collections')}
  0x0000000110a2eaa0: 0864 91d2 | c807 a0f2 | 081c c0f2 | e807 00f9 | 0800 8092 | e803 00f9 

  0x0000000110a2eab8: ; ImmutableOopMap {c_rarg1=Oop c_rarg2=Oop }
                      ;*synchronization entry
                      ; - java.util.Collections::singletonList@-1 (line 5151)
                      ; - com.android.tools.r8.internal.w50::a@2 (line 2)
                      ;   {runtime_call counter_overflow Runtime1 stub}
  0x0000000110a2eab8: 926d e394 | 88fc ff17 

  0x0000000110a2eac0: ; ImmutableOopMap {c_rarg1=Oop c_rarg2=Oop }
                      ;*new {reexecute=0 rethrow=0 return_oop=0}
                      ; - java.util.Collections::singletonList@0 (line 5151)
                      ; - com.android.tools.r8.internal.w50::a@2 (line 2)
                      ;   {runtime_call fast_new_instance Runtime1 stub}
  0x0000000110a2eac0: 705a e394 | 96fc ff17 

  0x0000000110a2eac8: ;   {metadata({method} {0x00000001300f85e8} '<init>' '(Ljava/lang/Object;)V' in 'java/util/Collections$SingletonList')}
  0x0000000110a2eac8: 08bd 90d2 | e801 a6f2 | 2800 c0f2 | e807 00f9 | 0800 8092 | e803 00f9 

  0x0000000110a2eae0: ; ImmutableOopMap {c_rarg1=Oop c_rarg2=Oop c_rarg0=Oop }
                      ;*synchronization entry
                      ; - java.util.Collections$SingletonList::<init>@-1 (line 5167)
                      ; - java.util.Collections::singletonList@5 (line 5151)
                      ; - com.android.tools.r8.internal.w50::a@2 (line 2)
                      ;   {runtime_call counter_overflow Runtime1 stub}
  0x0000000110a2eae0: 886d e394 | 9efc ff17 

  0x0000000110a2eae8: ;   {metadata({method} {0x000000e00005c260} '<init>' '()V' in 'java/util/AbstractList')}
  0x0000000110a2eae8: 084c 98d2 | a800 a0f2 | 081c c0f2 | e807 00f9 | 0800 8092 | e803 00f9 

  0x0000000110a2eb00: ; ImmutableOopMap {c_rarg1=Oop c_rarg2=Oop c_rarg0=Oop }
                      ;*synchronization entry
                      ; - java.util.AbstractList::<init>@-1 (line 80)
                      ; - java.util.Collections$SingletonList::<init>@1 (line 5167)
                      ; - java.util.Collections::singletonList@5 (line 5151)
                      ; - com.android.tools.r8.internal.w50::a@2 (line 2)
                      ;   {runtime_call counter_overflow Runtime1 stub}
  0x0000000110a2eb00: 806d e394 | a6fc ff17 

  0x0000000110a2eb08: ;   {metadata({method} {0x000000e00005b610} '<init>' '()V' in 'java/util/AbstractCollection')}
  0x0000000110a2eb08: 08c2 96d2 | a800 a0f2 | 081c c0f2 | e807 00f9 | 0800 8092 | e803 00f9 

  0x0000000110a2eb20: ; ImmutableOopMap {c_rarg1=Oop c_rarg2=Oop c_rarg0=Oop }
                      ;*synchronization entry
                      ; - java.util.AbstractCollection::<init>@-1 (line 70)
                      ; - java.util.AbstractList::<init>@1 (line 80)
                      ; - java.util.Collections$SingletonList::<init>@1 (line 5167)
                      ; - java.util.Collections::singletonList@5 (line 5151)
                      ; - com.android.tools.r8.internal.w50::a@2 (line 2)
                      ;   {runtime_call counter_overflow Runtime1 stub}
  0x0000000110a2eb20: 786d e394 | aefc ff17 

  0x0000000110a2eb28: ;   {metadata({method} {0x000000e0004784c8} '<init>' '()V' in 'java/lang/Object')}
  0x0000000110a2eb28: 0899 90d2 | e808 a0f2 | 081c c0f2 | e807 00f9 | 0800 8092 | e803 00f9 

  0x0000000110a2eb40: ; ImmutableOopMap {c_rarg1=Oop c_rarg2=Oop c_rarg0=Oop }
                      ;*synchronization entry
                      ; - java.lang.Object::<init>@-1 (line 45)
                      ; - java.util.AbstractCollection::<init>@1 (line 70)
                      ; - java.util.AbstractList::<init>@1 (line 80)
                      ; - java.util.Collections$SingletonList::<init>@1 (line 5167)
                      ; - java.util.Collections::singletonList@5 (line 5151)
                      ; - com.android.tools.r8.internal.w50::a@2 (line 2)
                      ;   {runtime_call counter_overflow Runtime1 stub}
  0x0000000110a2eb40: 706d e394 | b6fc ff17 | 0310 40b9 | 63f0 7dd3 | c396 ffb4 | e303 00f9 

  0x0000000110a2eb58: ;   {runtime_call g1_pre_barrier_slow}
  0x0000000110a2eb58: ea6e e394 | b3fc ff17 | 0297 ffb4 | e003 00f9 

  0x0000000110a2eb68: ;   {runtime_call g1_post_barrier_slow}
  0x0000000110a2eb68: a66f e394 | b5fc ff17 

  0x0000000110a2eb70: ;   {metadata({method} {0x000000e0000e0e80} 'identity' '()Ljava/util/function/Function;' in 'java/util/function/Function')}
  0x0000000110a2eb70: 08d0 81d2 | c801 a0f2 | 081c c0f2 | e807 00f9 | 0800 8092 | e803 00f9 

  0x0000000110a2eb88: ; ImmutableOopMap {c_rarg0=Oop }
                      ;*synchronization entry
                      ; - java.util.function.Function::identity@-1 (line 98)
                      ; - com.android.tools.r8.internal.w50::a@10 (line 2)
                      ;   {runtime_call counter_overflow Runtime1 stub}
  0x0000000110a2eb88: 5e6d e394 | c9fc ff17 

  0x0000000110a2eb90: ;   {metadata({method} {0x000000e0000b05d8} 'linkToTargetMethod' '(Ljava/lang/Object;)Ljava/lang/Object;' in 'java/lang/invoke/Invokers$Holder')}
  0x0000000110a2eb90: 08bb 80d2 | 6801 a0f2 | 081c c0f2 | e807 00f9 | 0800 8092 | e803 00f9 

  0x0000000110a2eba8: ; ImmutableOopMap {c_rarg0=Oop c_rarg2=Oop }
                      ;*synchronization entry
                      ; - java.lang.invoke.Invokers$Holder::linkToTargetMethod@-1
                      ; - java.util.function.Function::identity@0 (line 98)
                      ; - com.android.tools.r8.internal.w50::a@10 (line 2)
                      ;   {runtime_call counter_overflow Runtime1 stub}
  0x0000000110a2eba8: 566d e394 | dcfc ff17 

  0x0000000110a2ebb0: ;   {metadata({method} {0x0000000130400a20} 'invoke' '(Ljava/lang/Object;)Ljava/lang/Object;' in 'java/lang/invoke/LambdaForm$MH+0x000000e001000800')}
  0x0000000110a2ebb0: 0844 81d2 | 0808 a6f2 | 2800 c0f2 | e807 00f9 | 0800 8092 | e803 00f9 

  0x0000000110a2ebc8: ; ImmutableOopMap {c_rarg0=Oop }
                      ;*synchronization entry
                      ; - java.lang.invoke.LambdaForm$MH/0x000000e001000800::invoke@-1
                      ; - java.lang.invoke.Invokers$Holder::linkToTargetMethod@4
                      ; - java.util.function.Function::identity@0 (line 98)
                      ; - com.android.tools.r8.internal.w50::a@10 (line 2)
                      ;   {runtime_call counter_overflow Runtime1 stub}
  0x0000000110a2ebc8: 4e6d e394 | ebfc ff17 

  0x0000000110a2ebd0: ;   {metadata({method} {0x000000e0000b05d8} 'linkToTargetMethod' '(Ljava/lang/Object;)Ljava/lang/Object;' in 'java/lang/invoke/Invokers$Holder')}
  0x0000000110a2ebd0: 08bb 80d2 | 6801 a0f2 | 081c c0f2 | e807 00f9 | 0800 8092 | e803 00f9 

  0x0000000110a2ebe8: ; ImmutableOopMap {c_rarg0=Oop c_rarg2=Oop }
                      ;*synchronization entry
                      ; - java.lang.invoke.Invokers$Holder::linkToTargetMethod@-1
                      ; - com.android.tools.r8.internal.w50::a@14 (line 2)
                      ;   {runtime_call counter_overflow Runtime1 stub}
  0x0000000110a2ebe8: 466d e394 | 12fd ff17 

  0x0000000110a2ebf0: ;   {metadata({method} {0x0000000130400a20} 'invoke' '(Ljava/lang/Object;)Ljava/lang/Object;' in 'java/lang/invoke/LambdaForm$MH+0x000000e001000800')}
  0x0000000110a2ebf0: 0844 81d2 | 0808 a6f2 | 2800 c0f2 | e807 00f9 | 0800 8092 | e803 00f9 

  0x0000000110a2ec08: ; ImmutableOopMap {c_rarg0=Oop }
                      ;*synchronization entry
                      ; - java.lang.invoke.LambdaForm$MH/0x000000e001000800::invoke@-1
                      ; - java.lang.invoke.Invokers$Holder::linkToTargetMethod@4
                      ; - com.android.tools.r8.internal.w50::a@14 (line 2)
                      ;   {runtime_call counter_overflow Runtime1 stub}
  0x0000000110a2ec08: 3e6d e394 | 21fd ff17 

  0x0000000110a2ec10: ; ImmutableOopMap {c_rarg0=Oop }
                      ;*invokevirtual c {reexecute=0 rethrow=0 return_oop=0}
                      ; - com.android.tools.r8.internal.w50::a@20 (line 3)
                      ;   {runtime_call throw_null_pointer_exception Runtime1 stub}
  0x0000000110a2ec10: 1c56 e394 

  0x0000000110a2ec14: ; ImmutableOopMap {[144]=Oop }
                      ;*new {reexecute=0 rethrow=0 return_oop=0}
                      ; - com.android.tools.r8.internal.w50::a@26 (line 4)
                      ;   {runtime_call fast_new_instance Runtime1 stub}
  0x0000000110a2ec14: 1b5a e394 | 7cfd ff17 

  0x0000000110a2ec1c: ; ImmutableOopMap {c_rarg0=Oop [152]=Oop }
                      ;*invokevirtual e {reexecute=0 rethrow=0 return_oop=0}
                      ; - com.android.tools.r8.internal.w50::a@35 (line 4)
                      ;   {runtime_call throw_null_pointer_exception Runtime1 stub}
  0x0000000110a2ec1c: 1956 e394 

  0x0000000110a2ec20: ;   {metadata({method} {0x0000000130f40b98} 'apply' '(Ljava/lang/Object;)Ljava/lang/Object;' in 'java/util/function/Function$$Lambda+0x000000e001155490')}
  0x0000000110a2ec20: 0873 81d2 | 881e a6f2 | 2800 c0f2 | e807 00f9 | 0800 8092 | e803 00f9 

  0x0000000110a2ec38: ; ImmutableOopMap {c_rarg0=Oop [152]=Oop }
                      ;*synchronization entry
                      ; - java.util.function.Function$$Lambda/0x000000e001155490::apply@-1
                      ; - com.android.tools.r8.internal.w50::a@38 (line 4)
                      ;   {runtime_call counter_overflow Runtime1 stub}
  0x0000000110a2ec38: 326d e394 | eefd ff17 

  0x0000000110a2ec40: ;   {metadata({method} {0x000000e0000e0f88} 'lambda$identity$2' '(Ljava/lang/Object;)Ljava/lang/Object;' in 'java/util/function/Function')}
  0x0000000110a2ec40: 08f1 81d2 | c801 a0f2 | 081c c0f2 | e807 00f9 | 0800 8092 | e803 00f9 

  0x0000000110a2ec58: ; ImmutableOopMap {c_rarg0=Oop [152]=Oop }
                      ;*synchronization entry
                      ; - java.util.function.Function::lambda$identity$2@-1 (line 98)
                      ; - java.util.function.Function$$Lambda/0x000000e001155490::apply@1
                      ; - com.android.tools.r8.internal.w50::a@38 (line 4)
                      ;   {runtime_call counter_overflow Runtime1 stub}
  0x0000000110a2ec58: 2a6d e394 | f5fd ff17 

  0x0000000110a2ec60: ;   {metadata({method} {0x000000037149e200} '<init>' '(Ljava/lang/Object;)V' in 'com/android/tools/r8/internal/xv3')}
  0x0000000110a2ec60: 0840 9cd2 | 2829 aef2 | 6800 c0f2 | e807 00f9 | 0800 8092 | e803 00f9 

  0x0000000110a2ec78: ; ImmutableOopMap {c_rarg0=Oop [152]=Oop }
                      ;*synchronization entry
                      ; - com.android.tools.r8.internal.xv3::<init>@-1
                      ; - com.android.tools.r8.internal.w50::a@43 (line 4)
                      ;   {runtime_call counter_overflow Runtime1 stub}
  0x0000000110a2ec78: 226d e394 | fdfd ff17 

  0x0000000110a2ec80: ;   {metadata({method} {0x0000000371483a28} '<init>' '()V' in 'com/android/tools/r8/internal/aw3')}
  0x0000000110a2ec80: 0845 87d2 | 0829 aef2 | 6800 c0f2 | e807 00f9 | 0800 8092 | e803 00f9 

  0x0000000110a2ec98: ; ImmutableOopMap {c_rarg0=Oop [152]=Oop }
                      ;*synchronization entry
                      ; - com.android.tools.r8.internal.aw3::<init>@-1
                      ; - com.android.tools.r8.internal.xv3::<init>@2 (line 1)
                      ; - com.android.tools.r8.internal.w50::a@43 (line 4)
                      ;   {runtime_call counter_overflow Runtime1 stub}
  0x0000000110a2ec98: 1a6d e394 | 05fe ff17 

  0x0000000110a2eca0: ;   {metadata({method} {0x000000e0004784c8} '<init>' '()V' in 'java/lang/Object')}
  0x0000000110a2eca0: 0899 90d2 | e808 a0f2 | 081c c0f2 | e807 00f9 | 0800 8092 | e803 00f9 

  0x0000000110a2ecb8: ; ImmutableOopMap {c_rarg0=Oop [152]=Oop }
                      ;*synchronization entry
                      ; - java.lang.Object::<init>@-1 (line 45)
                      ; - com.android.tools.r8.internal.aw3::<init>@1 (line 1)
                      ; - com.android.tools.r8.internal.xv3::<init>@2 (line 1)
                      ; - com.android.tools.r8.internal.w50::a@43 (line 4)
                      ;   {runtime_call counter_overflow Runtime1 stub}
  0x0000000110a2ecb8: 126d e394 | 0dfe ff17 | 640c 40b9 | 84f0 7dd3 | c4c1 ffb4 | e403 00f9 

  0x0000000110a2ecd0: ;   {runtime_call g1_pre_barrier_slow}
  0x0000000110a2ecd0: 8c6e e394 | 0bfe ff17 | 00c2 ffb4 | e303 00f9 

  0x0000000110a2ece0: ;   {runtime_call g1_post_barrier_slow}
  0x0000000110a2ece0: 486f e394 | 0dfe ff17 

  0x0000000110a2ece8: ;   {internal_word}
  0x0000000110a2ece8: 08c2 ff10 | 8837 02f9 

  0x0000000110a2ecf0: ;   {runtime_call SafepointBlob}
  0x0000000110a2ecf0: 041f e014 

  0x0000000110a2ecf4: ; ImmutableOopMap {c_rarg1=Oop }
                      ;*new {reexecute=0 rethrow=0 return_oop=0}
                      ; - com.android.tools.r8.internal.w50::a@71 (line 7)
                      ;   {runtime_call fast_new_instance Runtime1 stub}
  0x0000000110a2ecf4: e359 e394 | 25fe ff17 

  0x0000000110a2ecfc: ; ImmutableOopMap {c_rarg0=Oop [160]=Oop }
                      ;*invokevirtual e {reexecute=0 rethrow=0 return_oop=0}
                      ; - com.android.tools.r8.internal.w50::a@80 (line 7)
                      ;   {runtime_call throw_null_pointer_exception Runtime1 stub}
  0x0000000110a2ecfc: e155 e394 

  0x0000000110a2ed00: ;   {metadata({method} {0x00000003774b9720} 'apply' '(Ljava/lang/Object;)Ljava/lang/Object;' in 'com/android/tools/r8/internal/w50$$Lambda+0x000000e003c3ec68')}
  0x0000000110a2ed00: 08e4 92d2 | 68e9 aef2 | 6800 c0f2 | e807 00f9 | 0800 8092 | e803 00f9 

  0x0000000110a2ed18: ; ImmutableOopMap {c_rarg0=Oop [160]=Oop }
                      ;*synchronization entry
                      ; - com.android.tools.r8.internal.w50$$Lambda/0x000000e003c3ec68::apply@-1
                      ; - com.android.tools.r8.internal.w50::a@83 (line 7)
                      ;   {runtime_call counter_overflow Runtime1 stub}
  0x0000000110a2ed18: fa6c e394 | 91fe ff17 | e803 00aa 

  0x0000000110a2ed24: ; ImmutableOopMap {[160]=Oop }
                      ;*checkcast {reexecute=0 rethrow=0 return_oop=0}
                      ; - com.android.tools.r8.internal.w50$$Lambda/0x000000e003c3ec68::apply@1
                      ; - com.android.tools.r8.internal.w50::a@83 (line 7)
                      ;   {runtime_call throw_class_cast_exception Runtime1 stub}
  0x0000000110a2ed24: 9760 e394 

  0x0000000110a2ed28: ;   {metadata({method} {0x00000003716a5a80} 'a' '(Ljava/util/List;)Ljava/lang/Object;' in 'com/android/tools/r8/internal/w50')}
  0x0000000110a2ed28: 0850 8bd2 | 482d aef2 | 6800 c0f2 | e807 00f9 | 0800 8092 | e803 00f9 

  0x0000000110a2ed40: ; ImmutableOopMap {c_rarg1=Oop [160]=Oop }
                      ;*synchronization entry
                      ; - com.android.tools.r8.internal.w50::a@-1
                      ; - com.android.tools.r8.internal.w50$$Lambda/0x000000e003c3ec68::apply@4
                      ; - com.android.tools.r8.internal.w50::a@83 (line 7)
                      ;   {runtime_call counter_overflow Runtime1 stub}
  0x0000000110a2ed40: f06c e394 | dbfe ff17 

  0x0000000110a2ed48: ; ImmutableOopMap {c_rarg1=Oop [160]=Oop }
                      ;*invokeinterface get {reexecute=0 rethrow=0 return_oop=0}
                      ; - com.android.tools.r8.internal.w50::a@2 (line 1)
                      ; - com.android.tools.r8.internal.w50$$Lambda/0x000000e003c3ec68::apply@4
                      ; - com.android.tools.r8.internal.w50::a@83 (line 7)
                      ;   {runtime_call throw_null_pointer_exception Runtime1 stub}
  0x0000000110a2ed48: ce55 e394 

  0x0000000110a2ed4c: ;   {metadata({method} {0x0000000371484390} '<init>' '(Ljava/lang/Object;)V' in 'com/android/tools/r8/internal/zv3')}
  0x0000000110a2ed4c: 0872 88d2 | 0829 aef2 | 6800 c0f2 | e807 00f9 | 0800 8092 | e803 00f9 

  0x0000000110a2ed64: ; ImmutableOopMap {c_rarg0=Oop [160]=Oop }
                      ;*synchronization entry
                      ; - com.android.tools.r8.internal.zv3::<init>@-1
                      ; - com.android.tools.r8.internal.w50::a@88 (line 7)
                      ;   {runtime_call counter_overflow Runtime1 stub}
  0x0000000110a2ed64: e76c e394 | 14ff ff17 

  0x0000000110a2ed6c: ;   {metadata({method} {0x0000000371483a28} '<init>' '()V' in 'com/android/tools/r8/internal/aw3')}
  0x0000000110a2ed6c: 0845 87d2 | 0829 aef2 | 6800 c0f2 | e807 00f9 | 0800 8092 | e803 00f9 

  0x0000000110a2ed84: ; ImmutableOopMap {c_rarg0=Oop [160]=Oop }
                      ;*synchronization entry
                      ; - com.android.tools.r8.internal.aw3::<init>@-1
                      ; - com.android.tools.r8.internal.zv3::<init>@2 (line 1)
                      ; - com.android.tools.r8.internal.w50::a@88 (line 7)
                      ;   {runtime_call counter_overflow Runtime1 stub}
  0x0000000110a2ed84: df6c e394 | 1cff ff17 

  0x0000000110a2ed8c: ;   {metadata({method} {0x000000e0004784c8} '<init>' '()V' in 'java/lang/Object')}
  0x0000000110a2ed8c: 0899 90d2 | e808 a0f2 | 081c c0f2 | e807 00f9 | 0800 8092 | e803 00f9 

  0x0000000110a2eda4: ; ImmutableOopMap {c_rarg0=Oop [160]=Oop }
                      ;*synchronization entry
                      ; - java.lang.Object::<init>@-1 (line 45)
                      ; - com.android.tools.r8.internal.aw3::<init>@1 (line 1)
                      ; - com.android.tools.r8.internal.zv3::<init>@2 (line 1)
                      ; - com.android.tools.r8.internal.w50::a@88 (line 7)
                      ;   {runtime_call counter_overflow Runtime1 stub}
  0x0000000110a2eda4: d76c e394 | 24ff ff17 | 220c 40b9 | 42f0 7dd3 | a2e4 ffb4 | e203 00f9 

  0x0000000110a2edbc: ;   {runtime_call g1_pre_barrier_slow}
  0x0000000110a2edbc: 516e e394 | 22ff ff17 | e0e4 ffb4 | e103 00f9 

  0x0000000110a2edcc: ;   {runtime_call g1_post_barrier_slow}
  0x0000000110a2edcc: 0d6f e394 | 24ff ff17 

  0x0000000110a2edd4: ;   {internal_word}
  0x0000000110a2edd4: e8e4 ff10 | 8837 02f9 

  0x0000000110a2eddc: ;   {runtime_call SafepointBlob}
  0x0000000110a2eddc: c91e e014 | 8083 42f9 | 9f83 02f9 | 9f87 02f9 | fd7b 4ba9 | ff03 0391 

  0x0000000110a2edf4: ;   {runtime_call unwind_exception Runtime1 stub}
  0x0000000110a2edf4: e351 e314 
[Stub Code]
  0x0000000110a2edf8: ;   {no_reloc}
  0x0000000110a2edf8: 4800 0058 | 0001 1fd6 | 108f 3d17 | 0100 0000 

  0x0000000110a2ee08: ;   {static_stub}
  0x0000000110a2ee08: df3f 03d5 

  0x0000000110a2ee0c: ;   {metadata(nullptr)}
  0x0000000110a2ee0c: 0c00 80d2 | 0c00 a0f2 | 0c00 c0f2 | 0800 80d2 | 0800 a0f2 | 0800 c0f2 | 0001 1fd6 

  0x0000000110a2ee28: ;   {trampoline_stub}
  0x0000000110a2ee28: 4800 0058 | 0001 1fd6 | 8043 f615 | 0100 0000 

  0x0000000110a2ee38: ;   {static_stub}
  0x0000000110a2ee38: df3f 03d5 

  0x0000000110a2ee3c: ;   {metadata(nullptr)}
  0x0000000110a2ee3c: 0c00 80d2 | 0c00 a0f2 | 0c00 c0f2 | 0800 80d2 | 0800 a0f2 | 0800 c0f2 | 0001 1fd6 

  0x0000000110a2ee58: ;   {trampoline_stub}
  0x0000000110a2ee58: 4800 0058 | 0001 1fd6 | 8004 2314 | 0100 0000 

  0x0000000110a2ee68: ;   {static_stub}
  0x0000000110a2ee68: df3f 03d5 

  0x0000000110a2ee6c: ;   {metadata(nullptr)}
  0x0000000110a2ee6c: 0c00 80d2 | 0c00 a0f2 | 0c00 c0f2 | 0800 80d2 | 0800 a0f2 | 0800 c0f2 | 0001 1fd6 

  0x0000000110a2ee88: ;   {trampoline_stub}
  0x0000000110a2ee88: 4800 0058 | 0001 1fd6 | 8004 2314 | 0100 0000 

  0x0000000110a2ee98: ;   {static_stub}
  0x0000000110a2ee98: df3f 03d5 

  0x0000000110a2ee9c: ;   {metadata(nullptr)}
  0x0000000110a2ee9c: 0c00 80d2 | 0c00 a0f2 | 0c00 c0f2 | 0800 80d2 | 0800 a0f2 | 0800 c0f2 | 0001 1fd6 

  0x0000000110a2eeb8: ;   {trampoline_stub}
  0x0000000110a2eeb8: 4800 0058 | 0001 1fd6 | 80de 3d15 | 0100 0000 

  0x0000000110a2eec8: ;   {static_stub}
  0x0000000110a2eec8: df3f 03d5 

  0x0000000110a2eecc: ;   {metadata(nullptr)}
  0x0000000110a2eecc: 0c00 80d2 | 0c00 a0f2 | 0c00 c0f2 | 0800 80d2 | 0800 a0f2 | 0800 c0f2 | 0001 1fd6 

  0x0000000110a2eee8: ;   {trampoline_stub}
  0x0000000110a2eee8: 4800 0058 | 0001 1fd6 | 80c7 3f16 | 0100 0000 

  0x0000000110a2eef8: ;   {static_stub}
  0x0000000110a2eef8: df3f 03d5 

  0x0000000110a2eefc: ;   {metadata(nullptr)}
  0x0000000110a2eefc: 0c00 80d2 | 0c00 a0f2 | 0c00 c0f2 | 0800 80d2 | 0800 a0f2 | 0800 c0f2 | 0001 1fd6 

  0x0000000110a2ef18: ;   {trampoline_stub}
  0x0000000110a2ef18: 4800 0058 | 0001 1fd6 | 40d8 9c14 | 0100 0000 

  0x0000000110a2ef28: ;   {static_stub}
  0x0000000110a2ef28: df3f 03d5 

  0x0000000110a2ef2c: ;   {metadata(nullptr)}
  0x0000000110a2ef2c: 0c00 80d2 | 0c00 a0f2 | 0c00 c0f2 | 0800 80d2 | 0800 a0f2 | 0800 c0f2 | 0001 1fd6 
[Exception Handler]
  0x0000000110a2ef48: ;   {runtime_call handle_exception_from_callee Runtime1 stub}
  0x0000000110a2ef48: 8e5e e394 | c1d5 bbd4 | 42d3 4304 | 0100 0000 
[Deopt Handler Code]
  0x0000000110a2ef58: 1e00 0010 

  0x0000000110a2ef5c: ;   {runtime_call DeoptimizationBlob}
  0x0000000110a2ef5c: 391f e014 
[/MachCode]


---------------  P R O C E S S  ---------------

Threads class SMR info:
_java_thread_list=0x0000600002178a80, length=194, elements={
0x0000000145808600, 0x0000000127008800, 0x000000012700b200, 0x000000012700ba00,
0x000000012700c200, 0x000000012700ca00, 0x0000000155809e00, 0x0000000155811a00,
0x0000000127082600, 0x0000000156811c00, 0x0000000145fff600, 0x000000012763ee00,
0x00000001553f4a00, 0x0000000135510000, 0x0000000135519600, 0x0000000135514600,
0x0000000156f66c00, 0x0000000140439e00, 0x00000001421fe400, 0x00000001400ffa00,
0x0000000144181800, 0x0000000135936200, 0x0000000144299a00, 0x00000001424c3e00,
0x0000000142508600, 0x0000000156f72800, 0x0000000140339000, 0x000000014292a800,
0x000000013575b200, 0x000000014033c800, 0x0000000155933400, 0x000000012703e200,
0x000000012703f200, 0x00000001277fdc00, 0x0000000155012e00, 0x000000013571e000,
0x0000000127135600, 0x0000000155fb0a00, 0x000000014311ca00, 0x0000000156d95200,
0x00000001556f7a00, 0x000000015590be00, 0x0000000146139200, 0x0000000141051a00,
0x00000001348a4e00, 0x0000000134871400, 0x000000015691b800, 0x0000000127128c00,
0x00000001276a4800, 0x000000012770de00, 0x0000000146882c00, 0x0000000127ad4800,
0x0000000147028400, 0x0000000140899400, 0x0000000136949200, 0x00000001470aaa00,
0x0000000141027000, 0x0000000168419800, 0x000000014104f400, 0x0000000140860c00,
0x0000000141825400, 0x0000000141921000, 0x00000001418e8600, 0x00000001408c6600,
0x00000001408da000, 0x000000014104fc00, 0x0000000141050400, 0x00000001408d8a00,
0x000000014090b800, 0x000000014091a600, 0x000000014090c000, 0x00000003809cae00,
0x000000038098be00, 0x000000038098c600, 0x000000038098ce00, 0x0000000380c97600,
0x0000000156f41000, 0x0000000156f41800, 0x0000000142545400, 0x0000000142545c00,
0x0000000142546400, 0x0000000142546c00, 0x000000012773b600, 0x0000000380c9ae00,
0x0000000380c9b600, 0x0000000380c9be00, 0x0000000380c9c600, 0x0000000380c9ce00,
0x0000000142512c00, 0x000000014264b200, 0x0000000146338000, 0x0000000147ac4c00,
0x0000000127876a00, 0x000000016858de00, 0x0000000380dcee00, 0x000000014264a200,
0x00000001683e7000, 0x0000000380923800, 0x0000000380926200, 0x0000000380926a00,
0x0000000380927200, 0x0000000380927a00, 0x00000003809a0e00, 0x00000001683e7800,
0x00000001683b5a00, 0x0000000135938000, 0x0000000143039a00, 0x000000014793c400,
0x000000013402b800, 0x00000001341e3400, 0x000000013693c000, 0x0000000141224a00,
0x0000000141225200, 0x00000001341e3c00, 0x00000001409d1200, 0x00000001270dda00,
0x0000000143123c00, 0x0000000141985c00, 0x0000000137ad1600, 0x00000001684f8800,
0x0000000136906c00, 0x0000000127ade400, 0x00000003809a6400, 0x00000001341e5800,
0x0000000141226000, 0x00000001370f7400, 0x0000000134abf400, 0x0000000137ad1e00,
0x00000003809a8e00, 0x0000000136a72400, 0x0000000141296000, 0x00000001371ce600,
0x000000013596f400, 0x0000000147a2ee00, 0x0000000156f38200, 0x0000000143094200,
0x00000001270f6c00, 0x0000000145aa5800, 0x0000000146148000, 0x00000001557e1600,
0x00000001270dca00, 0x000000014220c600, 0x0000000145a0c400, 0x0000000380e05e00,
0x00000001430c4200, 0x0000000137b49e00, 0x00000001436bec00, 0x00000001341dd800,
0x00000001342e2800, 0x0000000147452600, 0x0000000156879a00, 0x0000000380867800,
0x0000000135727a00, 0x0000000156cd8200, 0x0000000156954000, 0x0000000155e2bc00,
0x000000014305b200, 0x000000016848f200, 0x0000000168517c00, 0x0000000147456a00,
0x000000014743f800, 0x0000000140e15200, 0x000000038096d600, 0x00000001416a6800,
0x0000000168518400, 0x000000016849ae00, 0x0000000127166600, 0x0000000380a0aa00,
0x0000000156ccda00, 0x0000000142300000, 0x00000001342fe400, 0x0000000381430e00,
0x0000000137966800, 0x0000000146af9c00, 0x0000000134171400, 0x0000000135b63a00,
0x0000000127988600, 0x00000001278dde00, 0x000000014100f000, 0x000000014155ce00,
0x00000001416d4e00, 0x0000000141db7000, 0x00000001368eec00, 0x0000000147ce8a00,
0x000000016872a800, 0x0000000145b98600, 0x0000000380a1b600, 0x0000000147474e00,
0x0000000127d75800, 0x0000000141a02600, 0x00000001687ac400, 0x000000016856c600,
0x00000001473cde00, 0x0000000145b99400
}

Java Threads: ( => current thread )
  0x0000000145808600 JavaThread "main"                              [_thread_blocked, id=4099, stack(0x000000016d77c000,0x000000016d97f000) (2060K)]
  0x0000000127008800 JavaThread "Reference Handler"          daemon [_thread_blocked, id=32003, stack(0x000000016e8f4000,0x000000016eaf7000) (2060K)]
  0x000000012700b200 JavaThread "Finalizer"                  daemon [_thread_blocked, id=23043, stack(0x000000016eb00000,0x000000016ed03000) (2060K)]
  0x000000012700ba00 JavaThread "Signal Dispatcher"          daemon [_thread_blocked, id=31747, stack(0x000000016ed0c000,0x000000016ef0f000) (2060K)]
  0x000000012700c200 JavaThread "Service Thread"             daemon [_thread_blocked, id=31491, stack(0x000000016ef18000,0x000000016f11b000) (2060K)]
  0x000000012700ca00 JavaThread "Monitor Deflation Thread"   daemon [_thread_blocked, id=30979, stack(0x000000016f124000,0x000000016f327000) (2060K)]
  0x0000000155809e00 JavaThread "C2 CompilerThread0"         daemon [_thread_blocked, id=30467, stack(0x000000016f330000,0x000000016f533000) (2060K)]
  0x0000000155811a00 JavaThread "C1 CompilerThread0"         daemon [_thread_blocked, id=30211, stack(0x000000016f53c000,0x000000016f73f000) (2060K)]
  0x0000000127082600 JavaThread "Common-Cleaner"             daemon [_thread_blocked, id=29443, stack(0x000000016f954000,0x000000016fb57000) (2060K)]
  0x0000000156811c00 JavaThread "Notification Thread"        daemon [_thread_blocked, id=28931, stack(0x000000016fb60000,0x000000016fd63000) (2060K)]
  0x0000000145fff600 JavaThread "Daemon health stats"               [_thread_blocked, id=40707, stack(0x000000017a2d0000,0x000000017a4d3000) (2060K)]
  0x000000012763ee00 JavaThread "Incoming local TCP Connector on port 49277"        [_thread_in_native, id=40195, stack(0x000000017a4dc000,0x000000017a6df000) (2060K)]
  0x00000001553f4a00 JavaThread "Daemon periodic checks"            [_thread_blocked, id=35331, stack(0x000000017a6e8000,0x000000017a8eb000) (2060K)]
  0x0000000135510000 JavaThread "Cache worker for journal cache (/Users/yuchuan.gu/.gradle/caches/journal-1)"        [_thread_blocked, id=38147, stack(0x000000017b748000,0x000000017b94b000) (2060K)]
  0x0000000135519600 JavaThread "File lock request listener"        [_thread_in_native, id=37635, stack(0x000000017b954000,0x000000017bb57000) (2060K)]
  0x0000000135514600 JavaThread "Cache worker for file hash cache (/Users/yuchuan.gu/.gradle/caches/9.7.1/fileHashes)"        [_thread_blocked, id=43779, stack(0x000000017bb60000,0x000000017bd63000) (2060K)]
  0x0000000156f66c00 JavaThread "File watcher server"        daemon [_thread_in_native, id=45571, stack(0x000000017c7a8000,0x000000017c9ab000) (2060K)]
  0x0000000140439e00 JavaThread "File watcher consumer"      daemon [_thread_blocked, id=46083, stack(0x000000017c9b4000,0x000000017cbb7000) (2060K)]
  0x00000001421fe400 JavaThread "Cache worker for file content cache (/Users/yuchuan.gu/.gradle/caches/9.7.1/fileContent)"        [_thread_blocked, id=46339, stack(0x000000017cbc0000,0x000000017cdc3000) (2060K)]
  0x00000001400ffa00 JavaThread "jar transforms"                    [_thread_blocked, id=62979, stack(0x000000017d3f0000,0x000000017d5f3000) (2060K)]
  0x0000000144181800 JavaThread "jar transforms Thread 2"           [_thread_blocked, id=61955, stack(0x000000017d808000,0x000000017da0b000) (2060K)]
  0x0000000135936200 JavaThread "jar transforms Thread 3"           [_thread_blocked, id=47875, stack(0x000000017da14000,0x000000017dc17000) (2060K)]
  0x0000000144299a00 JavaThread "Memory manager"                    [_thread_blocked, id=51971, stack(0x000000017fad4000,0x000000017fcd7000) (2060K)]
  0x00000001424c3e00 JavaThread "jar transforms Thread 4"           [_thread_blocked, id=53251, stack(0x0000000360210000,0x0000000360413000) (2060K)]
  0x0000000142508600 JavaThread "jar transforms Thread 5"           [_thread_blocked, id=57091, stack(0x000000036041c000,0x000000036061f000) (2060K)]
  0x0000000156f72800 JavaThread "jar transforms Thread 6"           [_thread_blocked, id=56579, stack(0x0000000360628000,0x000000036082b000) (2060K)]
  0x0000000140339000 JavaThread "jar transforms Thread 7"           [_thread_blocked, id=21779, stack(0x0000000360834000,0x0000000360a37000) (2060K)]
  0x000000014292a800 JavaThread "jar transforms Thread 8"           [_thread_blocked, id=53763, stack(0x0000000360a40000,0x0000000360c43000) (2060K)]
  0x000000013575b200 JavaThread "jar transforms Thread 9"           [_thread_blocked, id=55811, stack(0x0000000360c4c000,0x0000000360e4f000) (2060K)]
  0x000000014033c800 JavaThread "jar transforms Thread 10"          [_thread_blocked, id=54275, stack(0x0000000360e58000,0x000000036105b000) (2060K)]
  0x0000000155933400 JavaThread "jar transforms Thread 11"          [_thread_blocked, id=54787, stack(0x0000000361064000,0x0000000361267000) (2060K)]
  0x000000012703e200 JavaThread "jar transforms Thread 12"          [_thread_blocked, id=55043, stack(0x0000000361270000,0x0000000361473000) (2060K)]
  0x000000012703f200 JavaThread "jar transforms Thread 13"          [_thread_blocked, id=65795, stack(0x000000036147c000,0x000000036167f000) (2060K)]
  0x00000001277fdc00 JavaThread "jar transforms Thread 14"          [_thread_blocked, id=66051, stack(0x0000000361688000,0x000000036188b000) (2060K)]
  0x0000000155012e00 JavaThread "jar transforms Thread 15"          [_thread_blocked, id=86787, stack(0x0000000361894000,0x0000000361a97000) (2060K)]
  0x000000013571e000 JavaThread "jar transforms Thread 16"          [_thread_blocked, id=66819, stack(0x0000000361aa0000,0x0000000361ca3000) (2060K)]
  0x0000000127135600 JavaThread "jar transforms Thread 17"          [_thread_blocked, id=67075, stack(0x0000000361cac000,0x0000000361eaf000) (2060K)]
  0x0000000155fb0a00 JavaThread "jar transforms Thread 18"          [_thread_blocked, id=86019, stack(0x0000000361eb8000,0x00000003620bb000) (2060K)]
  0x000000014311ca00 JavaThread "Cache worker for Java compile cache (/Users/yuchuan.gu/.gradle/caches/9.7.1/javaCompile)"        [_thread_blocked, id=81155, stack(0x00000003647a8000,0x00000003649ab000) (2060K)]
  0x0000000156d95200 JavaThread "process reaper (pid 23107)" daemon [_thread_in_native, id=76803, stack(0x000000016e868000,0x000000016e89f000) (220K)]
  0x00000001556f7a00 JavaThread "RMI Scheduler(0)"           daemon [_thread_blocked, id=77843, stack(0x0000000366038000,0x000000036623b000) (2060K)]
  0x000000015590be00 JavaThread "RMI TCP Accept-0"           daemon [_thread_in_native, id=88323, stack(0x0000000366c80000,0x0000000366e83000) (2060K)]
  0x0000000146139200 JavaThread "DefaultDispatcher-worker-1" daemon [_thread_blocked, id=130067, stack(0x000000036665c000,0x000000036685f000) (2060K)]
  0x0000000141051a00 JavaThread "DefaultDispatcher-worker-2" daemon [_thread_blocked, id=130831, stack(0x0000000366868000,0x0000000366a6b000) (2060K)]
  0x00000001348a4e00 JavaThread "DefaultDispatcher-worker-3" daemon [_thread_blocked, id=88075, stack(0x0000000366a74000,0x0000000366c77000) (2060K)]
  0x0000000134871400 JavaThread "DefaultDispatcher-worker-4" daemon [_thread_blocked, id=91403, stack(0x000000036c41c000,0x000000036c61f000) (2060K)]
  0x000000015691b800 JavaThread "Periodic tasks thread"      daemon [_thread_blocked, id=123651, stack(0x000000036dcac000,0x000000036deaf000) (2060K)]
  0x0000000127128c00 JavaThread "ApplicationImpl pooled thread 1"        [_thread_blocked, id=94467, stack(0x000000036deb8000,0x000000036e0bb000) (2060K)]
  0x00000001276a4800 JavaThread "AppKit Thread"              daemon [_thread_in_native, id=259, stack(0x000000016cef4000,0x000000016d6f0000) (8176K)]
  0x000000012770de00 JavaThread "ApplicationImpl pooled thread 2"        [_thread_blocked, id=29979, stack(0x000000016f748000,0x000000016f94b000) (2060K)]
  0x0000000146882c00 JavaThread "ForkJoinPool.commonPool-worker-8" daemon [_thread_blocked, id=116739, stack(0x0000000384b74000,0x0000000384d77000) (2060K)]
  0x0000000127ad4800 JavaThread "ForkJoinPool.commonPool-worker-9" daemon [_thread_blocked, id=116483, stack(0x0000000384d80000,0x0000000384f83000) (2060K)]
  0x0000000147028400 JavaThread "ForkJoinPool.commonPool-worker-10" daemon [_thread_blocked, id=115971, stack(0x0000000384f8c000,0x000000038518f000) (2060K)]
  0x0000000140899400 JavaThread "ForkJoinPool.commonPool-worker-11" daemon [_thread_blocked, id=115715, stack(0x0000000385198000,0x000000038539b000) (2060K)]
  0x0000000136949200 JavaThread "ForkJoinPool.commonPool-worker-12" daemon [_thread_blocked, id=100099, stack(0x0000000387678000,0x000000038787b000) (2060K)]
  0x00000001470aaa00 JavaThread "ForkJoinPool.commonPool-worker-13" daemon [_thread_blocked, id=100611, stack(0x0000000387884000,0x0000000387a87000) (2060K)]
  0x0000000141027000 JavaThread "ForkJoinPool.commonPool-worker-14" daemon [_thread_blocked, id=115459, stack(0x0000000389d3c000,0x0000000389f3f000) (2060K)]
  0x0000000168419800 JavaThread "ForkJoinPool.commonPool-worker-20" daemon [_thread_blocked, id=102915, stack(0x000000038a984000,0x000000038ab87000) (2060K)]
  0x000000014104f400 JavaThread "RMI TCP Connection(49)-127.0.0.1" daemon [_thread_in_native, id=101411, stack(0x0000000178004000,0x0000000178207000) (2060K)]
  0x0000000140860c00 JavaThread "Daemon Thread 5"                   [_thread_blocked, id=98323, stack(0x000000016fd6c000,0x000000016ff6f000) (2060K)]
  0x0000000141825400 JavaThread "Handler for socket connection from /127.0.0.1:49277 to /127.0.0.1:49992"        [_thread_in_native, id=101939, stack(0x0000000178210000,0x0000000178413000) (2060K)]
  0x0000000141921000 JavaThread "Cancel handler"                    [_thread_blocked, id=102179, stack(0x000000017841c000,0x000000017861f000) (2060K)]
  0x00000001418e8600 JavaThread "Daemon worker Thread 5"            [_thread_blocked, id=114951, stack(0x0000000178628000,0x000000017882b000) (2060K)]
  0x00000001408c6600 JavaThread "Asynchronous log dispatcher for DefaultDaemonConnection: socket connection from /127.0.0.1:49277 to /127.0.0.1:49992"        [_thread_blocked, id=76619, stack(0x000000017a8f4000,0x000000017aaf7000) (2060K)]
  0x00000001408da000 JavaThread "Stdin handler"                     [_thread_blocked, id=102435, stack(0x000000017ab00000,0x000000017ad03000) (2060K)]
  0x000000014104fc00 JavaThread "Daemon client event forwarder"        [_thread_blocked, id=117523, stack(0x000000017ad0c000,0x000000017af0f000) (2060K)]
  0x0000000141050400 JavaThread "Cache worker for file hash cache (/Users/yuchuan.gu/Workspace/AOSP/Launcher3-17-release/.gradle/9.7.1/fileHashes)"        [_thread_blocked, id=24723, stack(0x000000017af18000,0x000000017b11b000) (2060K)]
  0x00000001408d8a00 JavaThread "Cache worker for Build Output Cleanup Cache (/Users/yuchuan.gu/Workspace/AOSP/Launcher3-17-release/.gradle/buildOutputCleanup)"        [_thread_blocked, id=83495, stack(0x000000017b124000,0x000000017b327000) (2060K)]
  0x000000014090b800 JavaThread "Cache worker for checksums cache (/Users/yuchuan.gu/Workspace/AOSP/Launcher3-17-release/.gradle/9.7.1/checksums)"        [_thread_blocked, id=98587, stack(0x000000017b330000,0x000000017b533000) (2060K)]
  0x000000014091a600 JavaThread "Cache worker for cache directory md-supplier (/Users/yuchuan.gu/.gradle/caches/9.7.1/md-supplier)"        [_thread_blocked, id=38683, stack(0x000000017b53c000,0x000000017b73f000) (2060K)]
  0x000000014090c000 JavaThread "Cache worker for cache directory md-rule (/Users/yuchuan.gu/.gradle/caches/9.7.1/md-rule)"        [_thread_blocked, id=98851, stack(0x000000017c390000,0x000000017c593000) (2060K)]
=>0x00000003809cae00 JavaThread "Build operations"                  [_thread_in_Java, id=91235, stack(0x000000017cdcc000,0x000000017cfcf000) (2060K)]
  0x000000038098be00 JavaThread "Build operations Thread 2"         [_thread_blocked, id=82763, stack(0x000000017cfd8000,0x000000017d1db000) (2060K)]
  0x000000038098c600 JavaThread "Build operations Thread 3"         [_thread_blocked, id=126807, stack(0x000000017d1e4000,0x000000017d3e7000) (2060K)]
  0x000000038098ce00 JavaThread "Build operations Thread 4"         [_thread_blocked, id=73059, stack(0x000000017d5fc000,0x000000017d7ff000) (2060K)]
  0x0000000380c97600 JavaThread "Build operations Thread 5"         [_thread_blocked, id=61003, stack(0x000000017dc20000,0x000000017de23000) (2060K)]
  0x0000000156f41000 JavaThread "Build operations Thread 6"         [_thread_blocked, id=71187, stack(0x000000017de2c000,0x000000017e02f000) (2060K)]
  0x0000000156f41800 JavaThread "Build operations Thread 7"         [_thread_blocked, id=51251, stack(0x000000017e038000,0x000000017e23b000) (2060K)]
  0x0000000142545400 JavaThread "Build operations Thread 8"         [_thread_blocked, id=85579, stack(0x000000017e244000,0x000000017e447000) (2060K)]
  0x0000000142545c00 JavaThread "Build operations Thread 9"         [_thread_blocked, id=57955, stack(0x000000017e450000,0x000000017e653000) (2060K)]
  0x0000000142546400 JavaThread "Build operations Thread 10"        [_thread_in_Java, id=57651, stack(0x000000017e65c000,0x000000017e85f000) (2060K)]
  0x0000000142546c00 JavaThread "Build operations Thread 11"        [_thread_blocked, id=38963, stack(0x000000017e868000,0x000000017ea6b000) (2060K)]
  0x000000012773b600 JavaThread "Build operations Thread 12"        [_thread_blocked, id=85267, stack(0x000000017ec80000,0x000000017ee83000) (2060K)]
  0x0000000380c9ae00 JavaThread "Build operations Thread 13"        [_thread_blocked, id=37147, stack(0x000000017ee8c000,0x000000017f08f000) (2060K)]
  0x0000000380c9b600 JavaThread "Build operations Thread 14"        [_thread_blocked, id=69667, stack(0x000000017f098000,0x000000017f29b000) (2060K)]
  0x0000000380c9be00 JavaThread "Build operations Thread 15"        [_thread_blocked, id=130615, stack(0x000000017f2a4000,0x000000017f4a7000) (2060K)]
  0x0000000380c9c600 JavaThread "Build operations Thread 16"        [_thread_in_Java, id=84251, stack(0x000000017f4b0000,0x000000017f6b3000) (2060K)]
  0x0000000380c9ce00 JavaThread "Build operations Thread 17"        [_thread_blocked, id=83019, stack(0x000000017f6bc000,0x000000017f8bf000) (2060K)]
  0x0000000142512c00 JavaThread "Build operations Thread 18"        [_thread_blocked, id=83779, stack(0x000000017f8c8000,0x000000017facb000) (2060K)]
  0x000000014264b200 JavaThread "Problems report writer"            [_thread_blocked, id=71491, stack(0x00000003620c4000,0x00000003622c7000) (2060K)]
  0x0000000146338000 JavaThread "C1 CompilerThread1"         daemon [_thread_blocked, id=82195, stack(0x00000003622d0000,0x00000003624d3000) (2060K)]
  0x0000000147ac4c00 JavaThread "C1 CompilerThread2"         daemon [_thread_blocked, id=127775, stack(0x00000003624dc000,0x00000003626df000) (2060K)]
  0x0000000127876a00 JavaThread "C1 CompilerThread3"         daemon [_thread_blocked, id=121443, stack(0x00000003626e8000,0x00000003628eb000) (2060K)]
  0x000000016858de00 JavaThread "build event listener"              [_thread_blocked, id=25943, stack(0x0000000362d0c000,0x0000000362f0f000) (2060K)]
  0x0000000380dcee00 JavaThread "build event listener"              [_thread_blocked, id=48923, stack(0x0000000362f18000,0x000000036311b000) (2060K)]
  0x000000014264a200 JavaThread "build event listener"              [_thread_blocked, id=78107, stack(0x0000000363124000,0x0000000363327000) (2060K)]
  0x00000001683e7000 JavaThread "included builds"                   [_thread_blocked, id=72275, stack(0x000000036353c000,0x000000036373f000) (2060K)]
  0x0000000380923800 JavaThread "Execution worker"                  [_thread_blocked, id=124187, stack(0x0000000363748000,0x000000036394b000) (2060K)]
  0x0000000380926200 JavaThread "Execution worker Thread 2"         [_thread_blocked, id=120639, stack(0x0000000363954000,0x0000000363b57000) (2060K)]
  0x0000000380926a00 JavaThread "Execution worker Thread 3"         [_thread_blocked, id=84011, stack(0x0000000363b60000,0x0000000363d63000) (2060K)]
  0x0000000380927200 JavaThread "Execution worker Thread 4"         [_thread_blocked, id=68659, stack(0x0000000363d6c000,0x0000000363f6f000) (2060K)]
  0x0000000380927a00 JavaThread "Execution worker Thread 5"         [_thread_blocked, id=96083, stack(0x0000000363f78000,0x000000036417b000) (2060K)]
  0x00000003809a0e00 JavaThread "Execution worker Thread 6"         [_thread_blocked, id=88627, stack(0x0000000364184000,0x0000000364387000) (2060K)]
  0x00000001683e7800 JavaThread "Execution worker Thread 7"         [_thread_blocked, id=95563, stack(0x0000000364390000,0x0000000364593000) (2060K)]
  0x00000001683b5a00 JavaThread "Execution worker Thread 8"         [_thread_blocked, id=95319, stack(0x000000036459c000,0x000000036479f000) (2060K)]
  0x0000000135938000 JavaThread "Cache worker for execution history cache (/Users/yuchuan.gu/Workspace/AOSP/Launcher3-17-release/.gradle/9.7.1/executionHistory)"        [_thread_blocked, id=69927, stack(0x00000003649b4000,0x0000000364bb7000) (2060K)]
  0x0000000143039a00 JavaThread "Execution worker Thread 9"         [_thread_blocked, id=93219, stack(0x0000000364bc0000,0x0000000364dc3000) (2060K)]
  0x000000014793c400 JavaThread "Execution worker Thread 10"        [_thread_blocked, id=70183, stack(0x0000000364dcc000,0x0000000364fcf000) (2060K)]
  0x000000013402b800 JavaThread "Execution worker Thread 11"        [_thread_blocked, id=120355, stack(0x0000000364fd8000,0x00000003651db000) (2060K)]
  0x00000001341e3400 JavaThread "Execution worker Thread 12"        [_thread_blocked, id=24907, stack(0x00000003651e4000,0x00000003653e7000) (2060K)]
  0x000000013693c000 JavaThread "Execution worker Thread 13"        [_thread_blocked, id=36163, stack(0x00000003653f0000,0x00000003655f3000) (2060K)]
  0x0000000141224a00 JavaThread "Execution worker Thread 14"        [_thread_blocked, id=128555, stack(0x00000003655fc000,0x00000003657ff000) (2060K)]
  0x0000000141225200 JavaThread "Execution worker Thread 15"        [_thread_blocked, id=28219, stack(0x0000000365808000,0x0000000365a0b000) (2060K)]
  0x00000001341e3c00 JavaThread "Execution worker Thread 16"        [_thread_blocked, id=51007, stack(0x0000000365a14000,0x0000000365c17000) (2060K)]
  0x00000001409d1200 JavaThread "Execution worker Thread 17"        [_thread_blocked, id=92499, stack(0x0000000365c20000,0x0000000365e23000) (2060K)]
  0x00000001270dda00 JavaThread "WorkerExecutor Queue"              [_thread_blocked, id=88855, stack(0x0000000365e2c000,0x000000036602f000) (2060K)]
  0x0000000143123c00 JavaThread "WorkerExecutor Queue Thread 2"        [_thread_blocked, id=49471, stack(0x0000000366244000,0x0000000366447000) (2060K)]
  0x0000000141985c00 JavaThread "WorkerExecutor Queue Thread 3"        [_thread_blocked, id=127315, stack(0x0000000366450000,0x0000000366653000) (2060K)]
  0x0000000137ad1600 JavaThread "WorkerExecutor Queue Thread 4"        [_thread_blocked, id=130355, stack(0x0000000366e8c000,0x000000036708f000) (2060K)]
  0x00000001684f8800 JavaThread "WorkerExecutor Queue Thread 5"        [_thread_blocked, id=91987, stack(0x0000000367098000,0x000000036729b000) (2060K)]
  0x0000000136906c00 JavaThread "WorkerExecutor Queue Thread 6"        [_thread_blocked, id=76115, stack(0x00000003672a4000,0x00000003674a7000) (2060K)]
  0x0000000127ade400 JavaThread "WorkerExecutor Queue Thread 7"        [_thread_blocked, id=46931, stack(0x00000003674b0000,0x00000003676b3000) (2060K)]
  0x00000003809a6400 JavaThread "WorkerExecutor Queue Thread 8"        [_thread_blocked, id=92771, stack(0x00000003676bc000,0x00000003678bf000) (2060K)]
  0x00000001341e5800 JavaThread "WorkerExecutor Queue Thread 9"        [_thread_blocked, id=128027, stack(0x00000003678c8000,0x0000000367acb000) (2060K)]
  0x0000000141226000 JavaThread "WorkerExecutor Queue Thread 10"        [_thread_blocked, id=60183, stack(0x0000000367ad4000,0x0000000367cd7000) (2060K)]
  0x00000001370f7400 JavaThread "WorkerExecutor Queue Thread 12"        [_thread_blocked, id=125739, stack(0x000000036c004000,0x000000036c207000) (2060K)]
  0x0000000134abf400 JavaThread "WorkerExecutor Queue Thread 13"        [_thread_blocked, id=39763, stack(0x000000036c210000,0x000000036c413000) (2060K)]
  0x0000000137ad1e00 JavaThread "WorkerExecutor Queue Thread 14"        [_thread_blocked, id=61523, stack(0x000000036d804000,0x000000036da07000) (2060K)]
  0x00000003809a8e00 JavaThread "WorkerExecutor Queue Thread 16"        [_thread_blocked, id=91691, stack(0x000000036e0c4000,0x000000036e2c7000) (2060K)]
  0x0000000136a72400 JavaThread "WorkerExecutor Queue Thread 17"        [_thread_blocked, id=68115, stack(0x000000036e2d0000,0x000000036e4d3000) (2060K)]
  0x0000000141296000 JavaThread "WorkerExecutor Queue Thread 18"        [_thread_blocked, id=75859, stack(0x000000036e4dc000,0x000000036e6df000) (2060K)]
  0x00000001371ce600 JavaThread "RMI GC Daemon"              daemon [_thread_blocked, id=120075, stack(0x0000000373b50000,0x0000000373d53000) (2060K)]
  0x000000013596f400 JavaThread "RMI Reaper"                        [_thread_blocked, id=74275, stack(0x000000037add8000,0x000000037afdb000) (2060K)]
  0x0000000147a2ee00 JavaThread "RMI TCP Connection(57)-127.0.0.1" daemon [_thread_in_native, id=119827, stack(0x000000037b1f0000,0x000000037b3f3000) (2060K)]
  0x0000000156f38200 JavaThread "RMI TCP Connection(59)-127.0.0.1" daemon [_thread_in_native, id=74787, stack(0x000000037b3fc000,0x000000037b5ff000) (2060K)]
  0x0000000143094200 JavaThread "RMI TCP Connection(55)-127.0.0.1" daemon [_thread_in_native, id=52507, stack(0x000000037b608000,0x000000037b80b000) (2060K)]
  0x00000001270f6c00 JavaThread "RMI TCP Connection(53)-127.0.0.1" daemon [_thread_in_native, id=85787, stack(0x000000037b814000,0x000000037ba17000) (2060K)]
  0x0000000145aa5800 JavaThread "RMI TCP Connection(54)-127.0.0.1" daemon [_thread_in_native, id=57363, stack(0x000000037be38000,0x000000037c03b000) (2060K)]
  0x0000000146148000 JavaThread "RMI TCP Connection(58)-127.0.0.1" daemon [_thread_in_native, id=52747, stack(0x000000037c044000,0x000000037c247000) (2060K)]
  0x00000001557e1600 JavaThread "RMI TCP Connection(51)-127.0.0.1" daemon [_thread_in_native, id=74507, stack(0x0000000381804000,0x0000000381a07000) (2060K)]
  0x00000001270dca00 JavaThread "pool-20-thread-1"                  [_thread_blocked, id=25139, stack(0x0000000383ec8000,0x00000003840cb000) (2060K)]
  0x000000014220c600 JavaThread "process reaper (pid 34581)" daemon [_thread_in_native, id=36951, stack(0x000000016e8a8000,0x000000016e8df000) (220K)]
  0x0000000145a0c400 JavaThread "stderr"                            [_thread_in_native, id=90195, stack(0x0000000389f48000,0x000000038a14b000) (2060K)]
  0x0000000380e05e00 JavaThread "stdout"                            [_thread_in_native, id=48499, stack(0x000000038a154000,0x000000038a357000) (2060K)]
  0x00000001430c4200 JavaThread "process reaper (pid 34617)" daemon [_thread_in_native, id=35923, stack(0x000000017feec000,0x000000017ff23000) (220K)]
  0x0000000137b49e00 JavaThread "stderr"                            [_thread_in_native, id=114179, stack(0x000000038a360000,0x000000038a563000) (2060K)]
  0x00000001436bec00 JavaThread "stdout"                            [_thread_in_native, id=103939, stack(0x000000038a56c000,0x000000038a76f000) (2060K)]
  0x00000001341dd800 JavaThread "pool-21-thread-1"                  [_thread_blocked, id=112899, stack(0x000000038ab90000,0x000000038ad93000) (2060K)]
  0x00000001342e2800 JavaThread "process reaper (pid 34645)" daemon [_thread_in_native, id=112387, stack(0x000000017ff2c000,0x000000017ff63000) (220K)]
  0x0000000147452600 JavaThread "WorkerExecutor Queue Thread 21"        [_thread_blocked, id=104707, stack(0x000000038ad9c000,0x000000038af9f000) (2060K)]
  0x0000000156879a00 JavaThread "stderr"                            [_thread_in_native, id=104963, stack(0x000000038afa8000,0x000000038b1ab000) (2060K)]
  0x0000000380867800 JavaThread "stdout"                            [_thread_in_native, id=111875, stack(0x000000038b1b4000,0x000000038b3b7000) (2060K)]
  0x0000000135727a00 JavaThread "process reaper (pid 34657)" daemon [_thread_in_native, id=111363, stack(0x000000017ff6c000,0x000000017ffa3000) (220K)]
  0x0000000156cd8200 JavaThread "stderr"                            [_thread_in_native, id=105475, stack(0x000000038b3c0000,0x000000038b5c3000) (2060K)]
  0x0000000156954000 JavaThread "stdout"                            [_thread_in_native, id=105731, stack(0x000000038b5cc000,0x000000038b7cf000) (2060K)]
  0x0000000155e2bc00 JavaThread "process reaper (pid 34669)" daemon [_thread_in_native, id=110595, stack(0x000000017ffac000,0x000000017ffe3000) (220K)]
  0x000000014305b200 JavaThread "stderr"                            [_thread_in_native, id=110339, stack(0x000000038b7d8000,0x000000038b9db000) (2060K)]
  0x000000016848f200 JavaThread "process reaper (pid 34668)" daemon [_thread_in_native, id=109827, stack(0x0000000367eec000,0x0000000367f23000) (220K)]
  0x0000000168517c00 JavaThread "stderr"                            [_thread_in_native, id=109315, stack(0x000000038b9e4000,0x000000038bbe7000) (2060K)]
  0x0000000147456a00 JavaThread "stdout"                            [_thread_in_native, id=108803, stack(0x000000038bbf0000,0x000000038bdf3000) (2060K)]
  0x000000014743f800 JavaThread "stdout"                            [_thread_in_native, id=106499, stack(0x000000038bdfc000,0x000000038bfff000) (2060K)]
  0x0000000140e15200 JavaThread "process reaper (pid 34672)" daemon [_thread_in_native, id=107523, stack(0x0000000367f2c000,0x0000000367f63000) (220K)]
  0x000000038096d600 JavaThread "process reaper (pid 34673)" daemon [_thread_in_native, id=108035, stack(0x0000000367f6c000,0x0000000367fa3000) (220K)]
  0x00000001416a6800 JavaThread "stderr"                            [_thread_in_native, id=131075, stack(0x000000038c214000,0x000000038c417000) (2060K)]
  0x0000000168518400 JavaThread "stdout"                            [_thread_in_native, id=131587, stack(0x000000038c420000,0x000000038c623000) (2060K)]
  0x000000016849ae00 JavaThread "stderr"                            [_thread_in_native, id=174083, stack(0x000000038c62c000,0x000000038c82f000) (2060K)]
  0x0000000127166600 JavaThread "stdout"                            [_thread_in_native, id=173571, stack(0x000000038c838000,0x000000038ca3b000) (2060K)]
  0x0000000380a0aa00 JavaThread "process reaper (pid 34675)" daemon [_thread_in_native, id=173315, stack(0x0000000367fac000,0x0000000367fe3000) (220K)]
  0x0000000156ccda00 JavaThread "stderr"                            [_thread_in_native, id=172803, stack(0x000000038ca44000,0x000000038cc47000) (2060K)]
  0x0000000142300000 JavaThread "stdout"                            [_thread_in_native, id=172547, stack(0x000000038cc50000,0x000000038ce53000) (2060K)]
  0x00000001342fe400 JavaThread "RMI TCP Connection(50)-127.0.0.1" daemon [_thread_in_native, id=172291, stack(0x000000038ce5c000,0x000000038d05f000) (2060K)]
  0x0000000381430e00 JavaThread "RMI TCP Connection(52)-127.0.0.1" daemon [_thread_in_native, id=78643, stack(0x000000037afe4000,0x000000037b1e7000) (2060K)]
  0x0000000137966800 JavaThread "RMI TCP Connection(56)-127.0.0.1" daemon [_thread_in_native, id=104203, stack(0x000000037ba20000,0x000000037bc23000) (2060K)]
  0x0000000146af9c00 JavaThread "RMI TCP Connection(60)-127.0.0.1" daemon [_thread_in_native, id=121187, stack(0x0000000373d5c000,0x0000000373f5f000) (2060K)]
  0x0000000134171400 JavaThread "ForkJoinPool.commonPool-worker-21" daemon [_thread_blocked, id=107027, stack(0x000000036da10000,0x000000036dc13000) (2060K)]
  0x0000000135b63a00 JavaThread "ForkJoinPool.commonPool-worker-22" daemon [_thread_blocked, id=19211, stack(0x0000000373944000,0x0000000373b47000) (2060K)]
  0x0000000127988600 JavaThread "ForkJoinPool.commonPool-worker-23" daemon [_thread_blocked, id=18443, stack(0x000000037abcc000,0x000000037adcf000) (2060K)]
  0x00000001278dde00 JavaThread "ForkJoinPool.commonPool-worker-24" daemon [_thread_blocked, id=79923, stack(0x000000037bc2c000,0x000000037be2f000) (2060K)]
  0x000000014100f000 JavaThread "ForkJoinPool.commonPool-worker-25" daemon [_thread_blocked, id=74051, stack(0x00000003805e0000,0x00000003807e3000) (2060K)]
  0x000000014155ce00 JavaThread "ForkJoinPool.commonPool-worker-26" daemon [_thread_blocked, id=64539, stack(0x0000000381a10000,0x0000000381c13000) (2060K)]
  0x00000001416d4e00 JavaThread "ForkJoinPool.commonPool-worker-27" daemon [_thread_blocked, id=63515, stack(0x000000038a778000,0x000000038a97b000) (2060K)]
  0x0000000141db7000 JavaThread "ForkJoinPool.commonPool-worker-28" daemon [_thread_blocked, id=80411, stack(0x000000038c008000,0x000000038c20b000) (2060K)]
  0x00000001368eec00 JavaThread "ForkJoinPool.commonPool-worker-29" daemon [_thread_blocked, id=79119, stack(0x000000038d068000,0x000000038d26b000) (2060K)]
  0x0000000147ce8a00 JavaThread "WorkerExecutor Queue Thread 22"        [_thread_blocked, id=96547, stack(0x000000038d274000,0x000000038d477000) (2060K)]
  0x000000016872a800 JavaThread "C2 CompilerThread1"         daemon [_thread_blocked, id=89795, stack(0x000000017c59c000,0x000000017c79f000) (2060K)]
  0x0000000145b98600 JavaThread "C2 CompilerThread2"         daemon [_thread_blocked, id=125227, stack(0x000000017ea74000,0x000000017ec77000) (2060K)]
  0x0000000380a1b600 JavaThread "C2 CompilerThread3"         daemon [_thread_blocked, id=68475, stack(0x000000017fce0000,0x000000017fee3000) (2060K)]
  0x0000000147474e00 JavaThread "C2 CompilerThread4"         daemon [_thread_blocked, id=61843, stack(0x0000000360004000,0x0000000360207000) (2060K)]
  0x0000000127d75800 JavaThread "C2 CompilerThread5"         daemon [_thread_blocked, id=128331, stack(0x00000003628f4000,0x0000000362af7000) (2060K)]
  0x0000000141a02600 JavaThread "pool-21-thread-2"                  [_thread_blocked, id=39475, stack(0x0000000362b00000,0x0000000362d03000) (2060K)]
  0x00000001687ac400 JavaThread "pool-21-thread-3"                  [_thread_blocked, id=72491, stack(0x0000000363330000,0x0000000363533000) (2060K)]
  0x000000016856c600 JavaThread "pool-21-thread-4"                  [_thread_blocked, id=49695, stack(0x0000000367ce0000,0x0000000367ee3000) (2060K)]
  0x00000001473cde00 JavaThread "pool-21-thread-5"                  [_thread_blocked, id=172035, stack(0x000000038d480000,0x000000038d683000) (2060K)]
  0x0000000145b99400 JavaThread "pool-21-thread-6"                  [_thread_blocked, id=171779, stack(0x000000038d68c000,0x000000038d88f000) (2060K)]
Total: 194

Other Threads:
  0x0000000144e077c0 VMThread "VM Thread"                           [id=17667, stack(0x000000016e5d0000,0x000000016e7d3000) (2060K)] _threads_hazard_ptr=0x0000600002178a80
  0x0000000144e052c0 WatcherThread "VM Periodic Task Thread"        [id=21251, stack(0x000000016e3c4000,0x000000016e5c7000) (2060K)]
  0x0000000145007150 WorkerThread "GC Thread#0"                     [id=12291, stack(0x000000016d988000,0x000000016db8b000) (2060K)]
  0x000000014501b130 WorkerThread "GC Thread#1"                     [id=26371, stack(0x0000000178834000,0x0000000178a37000) (2060K)]
  0x000000014501b6a0 WorkerThread "GC Thread#2"                     [id=26627, stack(0x0000000178a40000,0x0000000178c43000) (2060K)]
  0x000000014501bc10 WorkerThread "GC Thread#3"                     [id=27139, stack(0x0000000178c4c000,0x0000000178e4f000) (2060K)]
  0x000000014501c180 WorkerThread "GC Thread#4"                     [id=27651, stack(0x0000000178e58000,0x000000017905b000) (2060K)]
  0x000000014501c6f0 WorkerThread "GC Thread#5"                     [id=43267, stack(0x0000000179064000,0x0000000179267000) (2060K)]
  0x0000000144f35aa0 WorkerThread "GC Thread#6"                     [id=33283, stack(0x0000000179270000,0x0000000179473000) (2060K)]
  0x0000000144f36010 WorkerThread "GC Thread#7"                     [id=43011, stack(0x000000017947c000,0x000000017967f000) (2060K)]
  0x0000000144f36580 WorkerThread "GC Thread#8"                     [id=33795, stack(0x0000000179688000,0x000000017988b000) (2060K)]
  0x0000000144f36af0 WorkerThread "GC Thread#9"                     [id=34051, stack(0x0000000179894000,0x0000000179a97000) (2060K)]
  0x000000014501cc60 WorkerThread "GC Thread#10"                    [id=34307, stack(0x0000000179aa0000,0x0000000179ca3000) (2060K)]
  0x000000014501d1d0 WorkerThread "GC Thread#11"                    [id=41731, stack(0x0000000179cac000,0x0000000179eaf000) (2060K)]
  0x000000014501d740 WorkerThread "GC Thread#12"                    [id=34819, stack(0x0000000179eb8000,0x000000017a0bb000) (2060K)]
  0x0000000144f37060 WorkerThread "GC Thread#13"                    [id=41219, stack(0x000000017a0c4000,0x000000017a2c7000) (2060K)]
  0x00000001450078f0 ConcurrentGCThread "G1 Main Marker"            [id=12547, stack(0x000000016db94000,0x000000016dd97000) (2060K)]
  0x0000000145008270 WorkerThread "G1 Conc#0"                       [id=13059, stack(0x000000016dda0000,0x000000016dfa3000) (2060K)]
  0x0000000145076ef0 WorkerThread "G1 Conc#1"                       [id=44035, stack(0x000000017bd6c000,0x000000017bf6f000) (2060K)]
  0x0000000145077470 WorkerThread "G1 Conc#2"                       [id=44291, stack(0x000000017bf78000,0x000000017c17b000) (2060K)]
  0x00000001450779e0 WorkerThread "G1 Conc#3"                       [id=44803, stack(0x000000017c184000,0x000000017c387000) (2060K)]
  0x00000001458c9000 ConcurrentGCThread "G1 Refine#0"               [id=13571, stack(0x000000016dfac000,0x000000016e1af000) (2060K)]
  0x0000000155f14000 ConcurrentGCThread "G1 Refine#1"               [id=119299, stack(0x000000037c250000,0x000000037c453000) (2060K)]
  0x0000000143116a00 ConcurrentGCThread "G1 Refine#2"               [id=119043, stack(0x000000037c45c000,0x000000037c65f000) (2060K)]
  0x0000000155c71400 ConcurrentGCThread "G1 Refine#3"               [id=97539, stack(0x000000037c668000,0x000000037c86b000) (2060K)]
  0x0000000143547000 ConcurrentGCThread "G1 Refine#4"               [id=118275, stack(0x000000037c874000,0x000000037ca77000) (2060K)]
  0x000000014311a600 ConcurrentGCThread "G1 Refine#5"               [id=97795, stack(0x000000037ca80000,0x000000037cc83000) (2060K)]
  0x000000014500b810 ConcurrentGCThread "G1 Service"                [id=16643, stack(0x000000016e1b8000,0x000000016e3bb000) (2060K)]
Total: 28

Threads with active compile tasks:
C2 CompilerThread0  1128301 197718       4       com.android.tools.r8.ir.optimize.k0::a (393 bytes)
C1 CompilerThread2  1128301 197732       3       com.android.tools.r8.internal.gc2::b (1957 bytes)
C2 CompilerThread1  1128301 197650       4       com.android.tools.r8.internal.sh::c (2151 bytes)
C2 CompilerThread2  1128301 197725       4       com.android.tools.r8.internal.rz0::a (2677 bytes)
C2 CompilerThread3  1128301 195314       4       com.android.tools.r8.ir.optimize.e0::<init> (67 bytes)
C2 CompilerThread4  1128301 195269       4       com.android.tools.r8.internal.sq3::<init> (22 bytes)
C2 CompilerThread5  1128301 197733       4       com.android.tools.r8.internal.io3::a (626 bytes)
Total: 7

VM state: synchronizing (normal execution)

VM Mutex/Monitor currently owned by a thread:  ([mutex/lock_event])
[0x000000010463cf08] Threads_lock - owner thread: 0x0000000144e077c0
[0x000000010463cf88] Heap_lock - owner thread: 0x00000001450078f0

Heap address: 0x0000000680000000, size: 6144 MB, Compressed Oops mode: Zero based, Oop shift amount: 3

CDS archive(s) mapped at: [0x000000e000000000-0x000000e000ca8000-0x000000e000ca8000), size 13271040, SharedBaseAddress: 0x000000e000000000, ArchiveRelocationMode: 1.
Compressed class space mapped at: 0x000000e001000000-0x000000e041000000, reserved size: 1073741824
Narrow klass base: 0x000000e000000000, Narrow klass shift: 0, Narrow klass range: 0x100000000

GC Precious Log:
 CardTable entry size: 512
 Card Set container configuration: InlinePtr #cards 4 size 8 Array Of Cards #cards 32 size 80 Howl #buckets 8 coarsen threshold 7372 Howl Bitmap #cards 1024 size 144 coarsen threshold 921 Card regions per heap region 1 cards per card region 8192
 CPUs: 18 total, 18 available
 Memory: 65536M
 Large Page Support: Disabled
 NUMA Support: Disabled
 Compressed Oops: Enabled (Zero based)
 Heap Region Size: 4M
 Heap Min Capacity: 8M
 Heap Initial Capacity: 1G
 Heap Max Capacity: 6G
 Pre-touch: Disabled
 Parallel Workers: 14
 Concurrent Workers: 4
 Concurrent Refinement Workers: 14
 Periodic GC: Disabled

Heap:
 garbage-first heap   total 4124672K, used 2909301K [0x0000000680000000, 0x0000000800000000)
  region size 4096K, 425 young (1740800K), 31 survivors (126976K)
 Metaspace       used 362915K, committed 368064K, reserved 1441792K
  class space    used 43465K, committed 46144K, reserved 1048576K

Heap Regions: E=young(eden), S=young(survivor), O=old, HS=humongous(starts), HC=humongous(continues), CS=collection set, F=free, TAMS=top-at-mark-start, PB=parsable bottom
|   0|0x0000000680000000, 0x0000000680400000, 0x0000000680400000|100%|HS|  |TAMS 0x0000000680400000| PB 0x0000000680000000| Complete 
|   1|0x0000000680400000, 0x0000000680800000, 0x0000000680800000|100%| O|  |TAMS 0x0000000680800000| PB 0x0000000680400000| Untracked 
|   2|0x0000000680800000, 0x0000000680c00000, 0x0000000680c00000|100%| O|  |TAMS 0x0000000680c00000| PB 0x0000000680800000| Untracked 
|   3|0x0000000680c00000, 0x0000000681000000, 0x0000000681000000|100%| O|  |TAMS 0x0000000681000000| PB 0x0000000680c00000| Untracked 
|   4|0x0000000681000000, 0x0000000681400000, 0x0000000681400000|100%| O|  |TAMS 0x0000000681400000| PB 0x0000000681000000| Untracked 
|   5|0x0000000681400000, 0x0000000681800000, 0x0000000681800000|100%| O|  |TAMS 0x0000000681800000| PB 0x0000000681400000| Untracked 
|   6|0x0000000681800000, 0x0000000681c00000, 0x0000000681c00000|100%| O|  |TAMS 0x0000000681c00000| PB 0x0000000681800000| Untracked 
|   7|0x0000000681c00000, 0x0000000682000000, 0x0000000682000000|100%| O|  |TAMS 0x0000000682000000| PB 0x0000000681c00000| Untracked 
|   8|0x0000000682000000, 0x0000000682400000, 0x0000000682400000|100%| O|  |TAMS 0x0000000682400000| PB 0x0000000682000000| Untracked 
|   9|0x0000000682400000, 0x0000000682800000, 0x0000000682800000|100%| O|  |TAMS 0x0000000682800000| PB 0x0000000682400000| Untracked 
|  10|0x0000000682800000, 0x0000000682c00000, 0x0000000682c00000|100%| O|  |TAMS 0x0000000682c00000| PB 0x0000000682800000| Untracked 
|  11|0x0000000682c00000, 0x0000000683000000, 0x0000000683000000|100%| O|  |TAMS 0x0000000683000000| PB 0x0000000682c00000| Untracked 
|  12|0x0000000683000000, 0x0000000683400000, 0x0000000683400000|100%| O|  |TAMS 0x0000000683400000| PB 0x0000000683000000| Untracked 
|  13|0x0000000683400000, 0x0000000683800000, 0x0000000683800000|100%| O|  |TAMS 0x0000000683800000| PB 0x0000000683400000| Untracked 
|  14|0x0000000683800000, 0x0000000683c00000, 0x0000000683c00000|100%| O|  |TAMS 0x0000000683c00000| PB 0x0000000683800000| Untracked 
|  15|0x0000000683c00000, 0x0000000684000000, 0x0000000684000000|100%| O|  |TAMS 0x0000000684000000| PB 0x0000000683c00000| Untracked 
|  16|0x0000000684000000, 0x0000000684400000, 0x0000000684400000|100%| O|  |TAMS 0x0000000684400000| PB 0x0000000684000000| Untracked 
|  17|0x0000000684400000, 0x0000000684800000, 0x0000000684800000|100%| O|  |TAMS 0x0000000684800000| PB 0x0000000684400000| Untracked 
|  18|0x0000000684800000, 0x0000000684c00000, 0x0000000684c00000|100%| O|  |TAMS 0x0000000684c00000| PB 0x0000000684800000| Untracked 
|  19|0x0000000684c00000, 0x0000000685000000, 0x0000000685000000|100%| O|  |TAMS 0x0000000685000000| PB 0x0000000684c00000| Untracked 
|  20|0x0000000685000000, 0x0000000685400000, 0x0000000685400000|100%| O|  |TAMS 0x0000000685400000| PB 0x0000000685000000| Untracked 
|  21|0x0000000685400000, 0x0000000685800000, 0x0000000685800000|100%| O|  |TAMS 0x0000000685800000| PB 0x0000000685400000| Untracked 
|  22|0x0000000685800000, 0x0000000685c00000, 0x0000000685c00000|100%| O|  |TAMS 0x0000000685c00000| PB 0x0000000685800000| Untracked 
|  23|0x0000000685c00000, 0x0000000686000000, 0x0000000686000000|100%| O|  |TAMS 0x0000000686000000| PB 0x0000000685c00000| Untracked 
|  24|0x0000000686000000, 0x0000000686400000, 0x0000000686400000|100%| O|  |TAMS 0x0000000686400000| PB 0x0000000686000000| Untracked 
|  25|0x0000000686400000, 0x0000000686800000, 0x0000000686800000|100%| O|  |TAMS 0x0000000686800000| PB 0x0000000686400000| Untracked 
|  26|0x0000000686800000, 0x0000000686c00000, 0x0000000686c00000|100%| O|  |TAMS 0x0000000686c00000| PB 0x0000000686800000| Untracked 
|  27|0x0000000686c00000, 0x0000000687000000, 0x0000000687000000|100%| O|  |TAMS 0x0000000687000000| PB 0x0000000686c00000| Untracked 
|  28|0x0000000687000000, 0x0000000687400000, 0x0000000687400000|100%| O|  |TAMS 0x0000000687400000| PB 0x0000000687000000| Untracked 
|  29|0x0000000687400000, 0x0000000687800000, 0x0000000687800000|100%| O|  |TAMS 0x0000000687800000| PB 0x0000000687400000| Untracked 
|  30|0x0000000687800000, 0x0000000687c00000, 0x0000000687c00000|100%| O|  |TAMS 0x0000000687c00000| PB 0x0000000687800000| Untracked 
|  31|0x0000000687c00000, 0x0000000688000000, 0x0000000688000000|100%| O|  |TAMS 0x0000000688000000| PB 0x0000000687c00000| Untracked 
|  32|0x0000000688000000, 0x0000000688400000, 0x0000000688400000|100%| O|  |TAMS 0x0000000688400000| PB 0x0000000688000000| Untracked 
|  33|0x0000000688400000, 0x0000000688800000, 0x0000000688800000|100%| O|  |TAMS 0x0000000688800000| PB 0x0000000688400000| Untracked 
|  34|0x0000000688800000, 0x0000000688c00000, 0x0000000688c00000|100%| O|  |TAMS 0x0000000688c00000| PB 0x0000000688800000| Untracked 
|  35|0x0000000688c00000, 0x0000000689000000, 0x0000000689000000|100%| O|  |TAMS 0x0000000689000000| PB 0x0000000688c00000| Untracked 
|  36|0x0000000689000000, 0x0000000689400000, 0x0000000689400000|100%| O|  |TAMS 0x0000000689400000| PB 0x0000000689000000| Untracked 
|  37|0x0000000689400000, 0x0000000689800000, 0x0000000689800000|100%| O|  |TAMS 0x0000000689800000| PB 0x0000000689400000| Untracked 
|  38|0x0000000689800000, 0x0000000689c00000, 0x0000000689c00000|100%| O|  |TAMS 0x0000000689c00000| PB 0x0000000689800000| Untracked 
|  39|0x0000000689c00000, 0x000000068a000000, 0x000000068a000000|100%|HS|  |TAMS 0x000000068a000000| PB 0x0000000689c00000| Complete 
|  40|0x000000068a000000, 0x000000068a400000, 0x000000068a400000|100%|HC|  |TAMS 0x000000068a400000| PB 0x000000068a000000| Complete 
|  41|0x000000068a400000, 0x000000068a800000, 0x000000068a800000|100%| O|  |TAMS 0x000000068a800000| PB 0x000000068a400000| Untracked 
|  42|0x000000068a800000, 0x000000068ac00000, 0x000000068ac00000|100%| O|  |TAMS 0x000000068ac00000| PB 0x000000068a800000| Untracked 
|  43|0x000000068ac00000, 0x000000068b000000, 0x000000068b000000|100%| O|  |TAMS 0x000000068b000000| PB 0x000000068ac00000| Untracked 
|  44|0x000000068b000000, 0x000000068b400000, 0x000000068b400000|100%| O|  |TAMS 0x000000068b400000| PB 0x000000068b000000| Untracked 
|  45|0x000000068b400000, 0x000000068b800000, 0x000000068b800000|100%| O|  |TAMS 0x000000068b800000| PB 0x000000068b400000| Untracked 
|  46|0x000000068b800000, 0x000000068bc00000, 0x000000068bc00000|100%| O|  |TAMS 0x000000068bc00000| PB 0x000000068b800000| Untracked 
|  47|0x000000068bc00000, 0x000000068c000000, 0x000000068c000000|100%| O|  |TAMS 0x000000068c000000| PB 0x000000068bc00000| Untracked 
|  48|0x000000068c000000, 0x000000068c400000, 0x000000068c400000|100%|HS|  |TAMS 0x000000068c400000| PB 0x000000068c000000| Complete 
|  49|0x000000068c400000, 0x000000068c800000, 0x000000068c800000|100%| O|  |TAMS 0x000000068c800000| PB 0x000000068c400000| Untracked 
|  50|0x000000068c800000, 0x000000068cc00000, 0x000000068cc00000|100%| O|  |TAMS 0x000000068cc00000| PB 0x000000068c800000| Untracked 
|  51|0x000000068cc00000, 0x000000068d000000, 0x000000068d000000|100%| O|  |TAMS 0x000000068d000000| PB 0x000000068cc00000| Untracked 
|  52|0x000000068d000000, 0x000000068d400000, 0x000000068d400000|100%| O|  |TAMS 0x000000068d400000| PB 0x000000068d000000| Untracked 
|  53|0x000000068d400000, 0x000000068d800000, 0x000000068d800000|100%| O|  |TAMS 0x000000068d800000| PB 0x000000068d400000| Untracked 
|  54|0x000000068d800000, 0x000000068dc00000, 0x000000068dc00000|100%| O|  |TAMS 0x000000068dc00000| PB 0x000000068d800000| Untracked 
|  55|0x000000068dc00000, 0x000000068e000000, 0x000000068e000000|100%| O|  |TAMS 0x000000068e000000| PB 0x000000068dc00000| Untracked 
|  56|0x000000068e000000, 0x000000068e400000, 0x000000068e400000|100%| O|  |TAMS 0x000000068e400000| PB 0x000000068e000000| Untracked 
|  57|0x000000068e400000, 0x000000068e800000, 0x000000068e800000|100%| O|  |TAMS 0x000000068e800000| PB 0x000000068e400000| Untracked 
|  58|0x000000068e800000, 0x000000068ec00000, 0x000000068ec00000|100%|HS|  |TAMS 0x000000068ec00000| PB 0x000000068e800000| Complete 
|  59|0x000000068ec00000, 0x000000068f000000, 0x000000068f000000|100%| O|  |TAMS 0x000000068f000000| PB 0x000000068ec00000| Untracked 
|  60|0x000000068f000000, 0x000000068f400000, 0x000000068f400000|100%| O|  |TAMS 0x000000068f400000| PB 0x000000068f000000| Untracked 
|  61|0x000000068f400000, 0x000000068f800000, 0x000000068f800000|100%| O|  |TAMS 0x000000068f800000| PB 0x000000068f400000| Untracked 
|  62|0x000000068f800000, 0x000000068fc00000, 0x000000068fc00000|100%| O|  |TAMS 0x000000068fc00000| PB 0x000000068f800000| Untracked 
|  63|0x000000068fc00000, 0x0000000690000000, 0x0000000690000000|100%| O|  |TAMS 0x0000000690000000| PB 0x000000068fc00000| Untracked 
|  64|0x0000000690000000, 0x0000000690400000, 0x0000000690400000|100%| O|  |TAMS 0x0000000690400000| PB 0x0000000690000000| Untracked 
|  65|0x0000000690400000, 0x0000000690800000, 0x0000000690800000|100%| O|  |TAMS 0x0000000690800000| PB 0x0000000690400000| Untracked 
|  66|0x0000000690800000, 0x0000000690c00000, 0x0000000690c00000|100%| O|  |TAMS 0x0000000690c00000| PB 0x0000000690800000| Untracked 
|  67|0x0000000690c00000, 0x0000000691000000, 0x0000000691000000|100%| O|  |TAMS 0x0000000691000000| PB 0x0000000690c00000| Untracked 
|  68|0x0000000691000000, 0x0000000691400000, 0x0000000691400000|100%| O|  |TAMS 0x0000000691400000| PB 0x0000000691000000| Untracked 
|  69|0x0000000691400000, 0x0000000691800000, 0x0000000691800000|100%| O|  |TAMS 0x0000000691800000| PB 0x0000000691400000| Untracked 
|  70|0x0000000691800000, 0x0000000691c00000, 0x0000000691c00000|100%| O|  |TAMS 0x0000000691c00000| PB 0x0000000691800000| Untracked 
|  71|0x0000000691c00000, 0x0000000692000000, 0x0000000692000000|100%| O|  |TAMS 0x0000000692000000| PB 0x0000000691c00000| Untracked 
|  72|0x0000000692000000, 0x0000000692400000, 0x0000000692400000|100%| O|  |TAMS 0x0000000692400000| PB 0x0000000692000000| Untracked 
|  73|0x0000000692400000, 0x0000000692800000, 0x0000000692800000|100%| O|  |TAMS 0x0000000692800000| PB 0x0000000692400000| Untracked 
|  74|0x0000000692800000, 0x0000000692c00000, 0x0000000692c00000|100%| O|  |TAMS 0x0000000692c00000| PB 0x0000000692800000| Untracked 
|  75|0x0000000692c00000, 0x0000000693000000, 0x0000000693000000|100%| O|  |TAMS 0x0000000692c00000| PB 0x0000000692c00000| Untracked 
|  76|0x0000000693000000, 0x0000000693400000, 0x0000000693400000|100%| O|  |TAMS 0x0000000693400000| PB 0x0000000693000000| Untracked 
|  77|0x0000000693400000, 0x0000000693800000, 0x0000000693800000|100%| O|  |TAMS 0x0000000693800000| PB 0x0000000693400000| Untracked 
|  78|0x0000000693800000, 0x0000000693c00000, 0x0000000693c00000|100%| O|  |TAMS 0x0000000693c00000| PB 0x0000000693800000| Untracked 
|  79|0x0000000693c00000, 0x0000000694000000, 0x0000000694000000|100%| O|  |TAMS 0x0000000694000000| PB 0x0000000693c00000| Untracked 
|  80|0x0000000694000000, 0x0000000694400000, 0x0000000694400000|100%| O|  |TAMS 0x0000000694400000| PB 0x0000000694000000| Untracked 
|  81|0x0000000694400000, 0x0000000694800000, 0x0000000694800000|100%| O|  |TAMS 0x0000000694800000| PB 0x0000000694400000| Untracked 
|  82|0x0000000694800000, 0x0000000694c00000, 0x0000000694c00000|100%| O|  |TAMS 0x0000000694c00000| PB 0x0000000694800000| Untracked 
|  83|0x0000000694c00000, 0x0000000695000000, 0x0000000695000000|100%| O|  |TAMS 0x0000000695000000| PB 0x0000000694c00000| Untracked 
|  84|0x0000000695000000, 0x0000000695400000, 0x0000000695400000|100%| O|  |TAMS 0x0000000695400000| PB 0x0000000695000000| Untracked 
|  85|0x0000000695400000, 0x0000000695800000, 0x0000000695800000|100%| O|  |TAMS 0x0000000695800000| PB 0x0000000695400000| Untracked 
|  86|0x0000000695800000, 0x0000000695c00000, 0x0000000695c00000|100%| O|  |TAMS 0x0000000695c00000| PB 0x0000000695800000| Untracked 
|  87|0x0000000695c00000, 0x0000000696000000, 0x0000000696000000|100%| O|  |TAMS 0x0000000695c00000| PB 0x0000000695c00000| Untracked 
|  88|0x0000000696000000, 0x0000000696400000, 0x0000000696400000|100%| O|  |TAMS 0x0000000696400000| PB 0x0000000696000000| Untracked 
|  89|0x0000000696400000, 0x0000000696800000, 0x0000000696800000|100%| O|  |TAMS 0x0000000696800000| PB 0x0000000696400000| Untracked 
|  90|0x0000000696800000, 0x0000000696c00000, 0x0000000696c00000|100%| O|  |TAMS 0x0000000696c00000| PB 0x0000000696800000| Untracked 
|  91|0x0000000696c00000, 0x0000000697000000, 0x0000000697000000|100%| O|  |TAMS 0x0000000697000000| PB 0x0000000696c00000| Untracked 
|  92|0x0000000697000000, 0x0000000697400000, 0x0000000697400000|100%| O|  |TAMS 0x0000000697400000| PB 0x0000000697000000| Untracked 
|  93|0x0000000697400000, 0x0000000697800000, 0x0000000697800000|100%| O|  |TAMS 0x0000000697800000| PB 0x0000000697400000| Untracked 
|  94|0x0000000697800000, 0x0000000697c00000, 0x0000000697c00000|100%| O|  |TAMS 0x0000000697c00000| PB 0x0000000697800000| Untracked 
|  95|0x0000000697c00000, 0x0000000698000000, 0x0000000698000000|100%| O|  |TAMS 0x0000000698000000| PB 0x0000000697c00000| Untracked 
|  96|0x0000000698000000, 0x0000000698400000, 0x0000000698400000|100%| O|  |TAMS 0x0000000698400000| PB 0x0000000698000000| Untracked 
|  97|0x0000000698400000, 0x0000000698800000, 0x0000000698800000|100%| O|  |TAMS 0x0000000698800000| PB 0x0000000698400000| Untracked 
|  98|0x0000000698800000, 0x0000000698c00000, 0x0000000698c00000|100%| O|  |TAMS 0x0000000698c00000| PB 0x0000000698800000| Untracked 
|  99|0x0000000698c00000, 0x0000000699000000, 0x0000000699000000|100%| O|  |TAMS 0x0000000699000000| PB 0x0000000698c00000| Untracked 
| 100|0x0000000699000000, 0x0000000699400000, 0x0000000699400000|100%| O|  |TAMS 0x0000000699000000| PB 0x0000000699000000| Untracked 
| 101|0x0000000699400000, 0x0000000699800000, 0x0000000699800000|100%| O|  |TAMS 0x0000000699800000| PB 0x0000000699400000| Untracked 
| 102|0x0000000699800000, 0x0000000699c00000, 0x0000000699c00000|100%| O|  |TAMS 0x0000000699c00000| PB 0x0000000699800000| Untracked 
| 103|0x0000000699c00000, 0x000000069a000000, 0x000000069a000000|100%| O|  |TAMS 0x000000069a000000| PB 0x0000000699c00000| Untracked 
| 104|0x000000069a000000, 0x000000069a400000, 0x000000069a400000|100%| O|  |TAMS 0x000000069a400000| PB 0x000000069a000000| Untracked 
| 105|0x000000069a400000, 0x000000069a800000, 0x000000069a800000|100%| O|  |TAMS 0x000000069a800000| PB 0x000000069a400000| Untracked 
| 106|0x000000069a800000, 0x000000069ac00000, 0x000000069ac00000|100%| O|  |TAMS 0x000000069ac00000| PB 0x000000069a800000| Untracked 
| 107|0x000000069ac00000, 0x000000069b000000, 0x000000069b000000|100%| O|  |TAMS 0x000000069b000000| PB 0x000000069ac00000| Untracked 
| 108|0x000000069b000000, 0x000000069b400000, 0x000000069b400000|100%| O|  |TAMS 0x000000069b400000| PB 0x000000069b000000| Untracked 
| 109|0x000000069b400000, 0x000000069b800000, 0x000000069b800000|100%| O|  |TAMS 0x000000069b800000| PB 0x000000069b400000| Untracked 
| 110|0x000000069b800000, 0x000000069bc00000, 0x000000069bc00000|100%| O|  |TAMS 0x000000069bc00000| PB 0x000000069b800000| Untracked 
| 111|0x000000069bc00000, 0x000000069c000000, 0x000000069c000000|100%| O|  |TAMS 0x000000069c000000| PB 0x000000069bc00000| Untracked 
| 112|0x000000069c000000, 0x000000069c400000, 0x000000069c400000|100%| O|  |TAMS 0x000000069c400000| PB 0x000000069c000000| Untracked 
| 113|0x000000069c400000, 0x000000069c800000, 0x000000069c800000|100%| O|  |TAMS 0x000000069c800000| PB 0x000000069c400000| Untracked 
| 114|0x000000069c800000, 0x000000069cc00000, 0x000000069cc00000|100%| O|  |TAMS 0x000000069cc00000| PB 0x000000069c800000| Untracked 
| 115|0x000000069cc00000, 0x000000069d000000, 0x000000069d000000|100%| O|  |TAMS 0x000000069d000000| PB 0x000000069cc00000| Untracked 
| 116|0x000000069d000000, 0x000000069d400000, 0x000000069d400000|100%| O|  |TAMS 0x000000069d400000| PB 0x000000069d000000| Untracked 
| 117|0x000000069d400000, 0x000000069d800000, 0x000000069d800000|100%| O|  |TAMS 0x000000069d800000| PB 0x000000069d400000| Untracked 
| 118|0x000000069d800000, 0x000000069dc00000, 0x000000069dc00000|100%| O|  |TAMS 0x000000069dc00000| PB 0x000000069d800000| Untracked 
| 119|0x000000069dc00000, 0x000000069e000000, 0x000000069e000000|100%| O|  |TAMS 0x000000069dc00000| PB 0x000000069dc00000| Untracked 
| 120|0x000000069e000000, 0x000000069e400000, 0x000000069e400000|100%| O|  |TAMS 0x000000069e400000| PB 0x000000069e000000| Untracked 
| 121|0x000000069e400000, 0x000000069e800000, 0x000000069e800000|100%| O|  |TAMS 0x000000069e800000| PB 0x000000069e400000| Untracked 
| 122|0x000000069e800000, 0x000000069ec00000, 0x000000069ec00000|100%| O|  |TAMS 0x000000069ec00000| PB 0x000000069e800000| Untracked 
| 123|0x000000069ec00000, 0x000000069f000000, 0x000000069f000000|100%| O|  |TAMS 0x000000069f000000| PB 0x000000069ec00000| Untracked 
| 124|0x000000069f000000, 0x000000069f400000, 0x000000069f400000|100%| O|  |TAMS 0x000000069f000000| PB 0x000000069f000000| Untracked 
| 125|0x000000069f400000, 0x000000069f800000, 0x000000069f800000|100%| O|  |TAMS 0x000000069f400000| PB 0x000000069f400000| Untracked 
| 126|0x000000069f800000, 0x000000069fc00000, 0x000000069fc00000|100%| O|  |TAMS 0x000000069f800000| PB 0x000000069f800000| Untracked 
| 127|0x000000069fc00000, 0x00000006a0000000, 0x00000006a0000000|100%| O|  |TAMS 0x00000006a0000000| PB 0x000000069fc00000| Untracked 
| 128|0x00000006a0000000, 0x00000006a0400000, 0x00000006a0400000|100%| O|  |TAMS 0x00000006a0400000| PB 0x00000006a0000000| Untracked 
| 129|0x00000006a0400000, 0x00000006a0800000, 0x00000006a0800000|100%| O|  |TAMS 0x00000006a0800000| PB 0x00000006a0400000| Untracked 
| 130|0x00000006a0800000, 0x00000006a0c00000, 0x00000006a0c00000|100%| O|  |TAMS 0x00000006a0c00000| PB 0x00000006a0800000| Untracked 
| 131|0x00000006a0c00000, 0x00000006a1000000, 0x00000006a1000000|100%| O|  |TAMS 0x00000006a0c00000| PB 0x00000006a0c00000| Untracked 
| 132|0x00000006a1000000, 0x00000006a1400000, 0x00000006a1400000|100%| O|  |TAMS 0x00000006a1000000| PB 0x00000006a1000000| Untracked 
| 133|0x00000006a1400000, 0x00000006a1800000, 0x00000006a1800000|100%| O|  |TAMS 0x00000006a1800000| PB 0x00000006a1400000| Untracked 
| 134|0x00000006a1800000, 0x00000006a1c00000, 0x00000006a1c00000|100%| O|  |TAMS 0x00000006a1c00000| PB 0x00000006a1800000| Untracked 
| 135|0x00000006a1c00000, 0x00000006a2000000, 0x00000006a2000000|100%| O|  |TAMS 0x00000006a2000000| PB 0x00000006a1c00000| Untracked 
| 136|0x00000006a2000000, 0x00000006a2400000, 0x00000006a2400000|100%| O|  |TAMS 0x00000006a2400000| PB 0x00000006a2000000| Untracked 
| 137|0x00000006a2400000, 0x00000006a2800000, 0x00000006a2800000|100%| O|  |TAMS 0x00000006a2800000| PB 0x00000006a2400000| Untracked 
| 138|0x00000006a2800000, 0x00000006a2c00000, 0x00000006a2c00000|100%| O|  |TAMS 0x00000006a2c00000| PB 0x00000006a2800000| Untracked 
| 139|0x00000006a2c00000, 0x00000006a3000000, 0x00000006a3000000|100%| O|  |TAMS 0x00000006a3000000| PB 0x00000006a2c00000| Untracked 
| 140|0x00000006a3000000, 0x00000006a3400000, 0x00000006a3400000|100%| O|  |TAMS 0x00000006a3400000| PB 0x00000006a3000000| Untracked 
| 141|0x00000006a3400000, 0x00000006a3800000, 0x00000006a3800000|100%| O|  |TAMS 0x00000006a3669868| PB 0x00000006a3400000| Untracked 
| 142|0x00000006a3800000, 0x00000006a3c00000, 0x00000006a3c00000|100%| O|  |TAMS 0x00000006a3c00000| PB 0x00000006a3800000| Untracked 
| 143|0x00000006a3c00000, 0x00000006a4000000, 0x00000006a4000000|100%| O|  |TAMS 0x00000006a3c00000| PB 0x00000006a3c00000| Untracked 
| 144|0x00000006a4000000, 0x00000006a4400000, 0x00000006a4400000|100%| O|  |TAMS 0x00000006a4000000| PB 0x00000006a4000000| Untracked 
| 145|0x00000006a4400000, 0x00000006a4800000, 0x00000006a4800000|100%| O|  |TAMS 0x00000006a4400000| PB 0x00000006a4400000| Untracked 
| 146|0x00000006a4800000, 0x00000006a4c00000, 0x00000006a4c00000|100%|HS|  |TAMS 0x00000006a4c00000| PB 0x00000006a4800000| Complete 
| 147|0x00000006a4c00000, 0x00000006a5000000, 0x00000006a5000000|100%|HC|  |TAMS 0x00000006a5000000| PB 0x00000006a4c00000| Complete 
| 148|0x00000006a5000000, 0x00000006a5400000, 0x00000006a5400000|100%|HC|  |TAMS 0x00000006a5400000| PB 0x00000006a5000000| Complete 
| 149|0x00000006a5400000, 0x00000006a5800000, 0x00000006a5800000|100%| O|  |TAMS 0x00000006a5400000| PB 0x00000006a5400000| Untracked 
| 150|0x00000006a5800000, 0x00000006a5c00000, 0x00000006a5c00000|100%| O|  |TAMS 0x00000006a5800000| PB 0x00000006a5800000| Untracked 
| 151|0x00000006a5c00000, 0x00000006a6000000, 0x00000006a6000000|100%| O|  |TAMS 0x00000006a5c00000| PB 0x00000006a5c00000| Untracked 
| 152|0x00000006a6000000, 0x00000006a6400000, 0x00000006a6400000|100%| O|  |TAMS 0x00000006a6400000| PB 0x00000006a6000000| Untracked 
| 153|0x00000006a6400000, 0x00000006a6800000, 0x00000006a6800000|100%| O|  |TAMS 0x00000006a6800000| PB 0x00000006a6400000| Untracked 
| 154|0x00000006a6800000, 0x00000006a6c00000, 0x00000006a6c00000|100%| O|  |TAMS 0x00000006a6800000| PB 0x00000006a6800000| Untracked 
| 155|0x00000006a6c00000, 0x00000006a7000000, 0x00000006a7000000|100%| O|  |TAMS 0x00000006a6c00000| PB 0x00000006a6c00000| Untracked 
| 156|0x00000006a7000000, 0x00000006a7400000, 0x00000006a7400000|100%| O|  |TAMS 0x00000006a7000000| PB 0x00000006a7000000| Untracked 
| 157|0x00000006a7400000, 0x00000006a7800000, 0x00000006a7800000|100%| O|  |TAMS 0x00000006a7800000| PB 0x00000006a7400000| Untracked 
| 158|0x00000006a7800000, 0x00000006a7c00000, 0x00000006a7c00000|100%| O|  |TAMS 0x00000006a7800000| PB 0x00000006a7800000| Untracked 
| 159|0x00000006a7c00000, 0x00000006a8000000, 0x00000006a8000000|100%| O|  |TAMS 0x00000006a7c00000| PB 0x00000006a7c00000| Untracked 
| 160|0x00000006a8000000, 0x00000006a8400000, 0x00000006a8400000|100%| O|  |TAMS 0x00000006a8000000| PB 0x00000006a8000000| Untracked 
| 161|0x00000006a8400000, 0x00000006a8800000, 0x00000006a8800000|100%| O|  |TAMS 0x00000006a8400000| PB 0x00000006a8400000| Untracked 
| 162|0x00000006a8800000, 0x00000006a8c00000, 0x00000006a8c00000|100%| O|  |TAMS 0x00000006a8800000| PB 0x00000006a8800000| Untracked 
| 163|0x00000006a8c00000, 0x00000006a9000000, 0x00000006a9000000|100%| O|  |TAMS 0x00000006a8c00000| PB 0x00000006a8c00000| Untracked 
| 164|0x00000006a9000000, 0x00000006a9400000, 0x00000006a9400000|100%| O|  |TAMS 0x00000006a9000000| PB 0x00000006a9000000| Untracked 
| 165|0x00000006a9400000, 0x00000006a9800000, 0x00000006a9800000|100%| O|  |TAMS 0x00000006a9400000| PB 0x00000006a9400000| Untracked 
| 166|0x00000006a9800000, 0x00000006a9c00000, 0x00000006a9c00000|100%| O|  |TAMS 0x00000006a9800000| PB 0x00000006a9800000| Untracked 
| 167|0x00000006a9c00000, 0x00000006aa000000, 0x00000006aa000000|100%| O|  |TAMS 0x00000006a9c00000| PB 0x00000006a9c00000| Untracked 
| 168|0x00000006aa000000, 0x00000006aa400000, 0x00000006aa400000|100%| O|  |TAMS 0x00000006aa400000| PB 0x00000006aa000000| Untracked 
| 169|0x00000006aa400000, 0x00000006aa800000, 0x00000006aa800000|100%| O|  |TAMS 0x00000006aa800000| PB 0x00000006aa400000| Untracked 
| 170|0x00000006aa800000, 0x00000006aac00000, 0x00000006aac00000|100%| O|  |TAMS 0x00000006aac00000| PB 0x00000006aa800000| Untracked 
| 171|0x00000006aac00000, 0x00000006ab000000, 0x00000006ab000000|100%| O|  |TAMS 0x00000006aac00000| PB 0x00000006aac00000| Untracked 
| 172|0x00000006ab000000, 0x00000006ab400000, 0x00000006ab400000|100%|HS|  |TAMS 0x00000006ab400000| PB 0x00000006ab000000| Complete 
| 173|0x00000006ab400000, 0x00000006ab800000, 0x00000006ab800000|100%| O|  |TAMS 0x00000006ab400000| PB 0x00000006ab400000| Untracked 
| 174|0x00000006ab800000, 0x00000006abc00000, 0x00000006abc00000|100%| O|  |TAMS 0x00000006ab800000| PB 0x00000006ab800000| Untracked 
| 175|0x00000006abc00000, 0x00000006ac000000, 0x00000006ac000000|100%| O|  |TAMS 0x00000006ac000000| PB 0x00000006abc00000| Untracked 
| 176|0x00000006ac000000, 0x00000006ac400000, 0x00000006ac400000|100%| O|  |TAMS 0x00000006ac000000| PB 0x00000006ac000000| Untracked 
| 177|0x00000006ac400000, 0x00000006ac800000, 0x00000006ac800000|100%|HS|  |TAMS 0x00000006ac800000| PB 0x00000006ac400000| Complete 
| 178|0x00000006ac800000, 0x00000006acc00000, 0x00000006acc00000|100%|HC|  |TAMS 0x00000006acc00000| PB 0x00000006ac800000| Complete 
| 179|0x00000006acc00000, 0x00000006ad000000, 0x00000006ad000000|100%| O|  |TAMS 0x00000006acc00000| PB 0x00000006acc00000| Untracked 
| 180|0x00000006ad000000, 0x00000006ad400000, 0x00000006ad400000|100%| O|  |TAMS 0x00000006ad400000| PB 0x00000006ad000000| Untracked 
| 181|0x00000006ad400000, 0x00000006ad800000, 0x00000006ad800000|100%| O|  |TAMS 0x00000006ad400000| PB 0x00000006ad400000| Untracked 
| 182|0x00000006ad800000, 0x00000006adc00000, 0x00000006adc00000|100%| O|  |TAMS 0x00000006adc00000| PB 0x00000006ad800000| Untracked 
| 183|0x00000006adc00000, 0x00000006ae000000, 0x00000006ae000000|100%| O|  |TAMS 0x00000006adc00000| PB 0x00000006adc00000| Untracked 
| 184|0x00000006ae000000, 0x00000006ae400000, 0x00000006ae400000|100%| O|  |TAMS 0x00000006ae000000| PB 0x00000006ae000000| Untracked 
| 185|0x00000006ae400000, 0x00000006ae800000, 0x00000006ae800000|100%| O|  |TAMS 0x00000006ae400000| PB 0x00000006ae400000| Untracked 
| 186|0x00000006ae800000, 0x00000006aec00000, 0x00000006aec00000|100%| O|  |TAMS 0x00000006ae800000| PB 0x00000006ae800000| Untracked 
| 187|0x00000006aec00000, 0x00000006af000000, 0x00000006af000000|100%| O|  |TAMS 0x00000006aec00000| PB 0x00000006aec00000| Untracked 
| 188|0x00000006af000000, 0x00000006af400000, 0x00000006af400000|100%| O|  |TAMS 0x00000006af000000| PB 0x00000006af000000| Untracked 
| 189|0x00000006af400000, 0x00000006af800000, 0x00000006af800000|100%| O|  |TAMS 0x00000006af400000| PB 0x00000006af400000| Untracked 
| 190|0x00000006af800000, 0x00000006afc00000, 0x00000006afc00000|100%| O|  |TAMS 0x00000006af800000| PB 0x00000006af800000| Untracked 
| 191|0x00000006afc00000, 0x00000006b0000000, 0x00000006b0000000|100%| O|  |TAMS 0x00000006b0000000| PB 0x00000006afc00000| Untracked 
| 192|0x00000006b0000000, 0x00000006b0400000, 0x00000006b0400000|100%| O|  |TAMS 0x00000006b0400000| PB 0x00000006b0000000| Untracked 
| 193|0x00000006b0400000, 0x00000006b0800000, 0x00000006b0800000|100%| O|  |TAMS 0x00000006b0400000| PB 0x00000006b0400000| Untracked 
| 194|0x00000006b0800000, 0x00000006b0c00000, 0x00000006b0c00000|100%| O|  |TAMS 0x00000006b0800000| PB 0x00000006b0800000| Untracked 
| 195|0x00000006b0c00000, 0x00000006b1000000, 0x00000006b1000000|100%| O|  |TAMS 0x00000006b0c00000| PB 0x00000006b0c00000| Untracked 
| 196|0x00000006b1000000, 0x00000006b1400000, 0x00000006b1400000|100%| O|  |TAMS 0x00000006b1000000| PB 0x00000006b1000000| Untracked 
| 197|0x00000006b1400000, 0x00000006b1800000, 0x00000006b1800000|100%| O|  |TAMS 0x00000006b1400000| PB 0x00000006b1400000| Untracked 
| 198|0x00000006b1800000, 0x00000006b1c00000, 0x00000006b1c00000|100%| O|  |TAMS 0x00000006b1800000| PB 0x00000006b1800000| Untracked 
| 199|0x00000006b1c00000, 0x00000006b2000000, 0x00000006b2000000|100%| O|  |TAMS 0x00000006b1c00000| PB 0x00000006b1c00000| Untracked 
| 200|0x00000006b2000000, 0x00000006b2400000, 0x00000006b2400000|100%| O|  |TAMS 0x00000006b2000000| PB 0x00000006b2000000| Untracked 
| 201|0x00000006b2400000, 0x00000006b2800000, 0x00000006b2800000|100%| O|  |TAMS 0x00000006b2400000| PB 0x00000006b2400000| Untracked 
| 202|0x00000006b2800000, 0x00000006b2c00000, 0x00000006b2c00000|100%| O|  |TAMS 0x00000006b2800000| PB 0x00000006b2800000| Untracked 
| 203|0x00000006b2c00000, 0x00000006b3000000, 0x00000006b3000000|100%| O|  |TAMS 0x00000006b2c00000| PB 0x00000006b2c00000| Untracked 
| 204|0x00000006b3000000, 0x00000006b3400000, 0x00000006b3400000|100%| O|  |TAMS 0x00000006b3000000| PB 0x00000006b3000000| Untracked 
| 205|0x00000006b3400000, 0x00000006b3800000, 0x00000006b3800000|100%| O|  |TAMS 0x00000006b3400000| PB 0x00000006b3400000| Untracked 
| 206|0x00000006b3800000, 0x00000006b3c00000, 0x00000006b3c00000|100%| O|  |TAMS 0x00000006b3800000| PB 0x00000006b3800000| Untracked 
| 207|0x00000006b3c00000, 0x00000006b4000000, 0x00000006b4000000|100%| O|  |TAMS 0x00000006b3c00000| PB 0x00000006b3c00000| Untracked 
| 208|0x00000006b4000000, 0x00000006b4400000, 0x00000006b4400000|100%| O|  |TAMS 0x00000006b4000000| PB 0x00000006b4000000| Untracked 
| 209|0x00000006b4400000, 0x00000006b4800000, 0x00000006b4800000|100%| O|  |TAMS 0x00000006b4400000| PB 0x00000006b4400000| Untracked 
| 210|0x00000006b4800000, 0x00000006b4c00000, 0x00000006b4c00000|100%| O|  |TAMS 0x00000006b4800000| PB 0x00000006b4800000| Untracked 
| 211|0x00000006b4c00000, 0x00000006b5000000, 0x00000006b5000000|100%| O|  |TAMS 0x00000006b5000000| PB 0x00000006b4c00000| Untracked 
| 212|0x00000006b5000000, 0x00000006b5400000, 0x00000006b5400000|100%| O|  |TAMS 0x00000006b5400000| PB 0x00000006b5000000| Untracked 
| 213|0x00000006b5400000, 0x00000006b5800000, 0x00000006b5800000|100%| O|  |TAMS 0x00000006b5800000| PB 0x00000006b5400000| Untracked 
| 214|0x00000006b5800000, 0x00000006b5c00000, 0x00000006b5c00000|100%| O|  |TAMS 0x00000006b5800000| PB 0x00000006b5800000| Untracked 
| 215|0x00000006b5c00000, 0x00000006b6000000, 0x00000006b6000000|100%| O|  |TAMS 0x00000006b5c00000| PB 0x00000006b5c00000| Untracked 
| 216|0x00000006b6000000, 0x00000006b6400000, 0x00000006b6400000|100%| O|  |TAMS 0x00000006b6400000| PB 0x00000006b6000000| Untracked 
| 217|0x00000006b6400000, 0x00000006b6800000, 0x00000006b6800000|100%| O|  |TAMS 0x00000006b6400000| PB 0x00000006b6400000| Untracked 
| 218|0x00000006b6800000, 0x00000006b6c00000, 0x00000006b6c00000|100%| O|  |TAMS 0x00000006b6c00000| PB 0x00000006b6800000| Untracked 
| 219|0x00000006b6c00000, 0x00000006b7000000, 0x00000006b7000000|100%| O|  |TAMS 0x00000006b7000000| PB 0x00000006b6c00000| Untracked 
| 220|0x00000006b7000000, 0x00000006b7400000, 0x00000006b7400000|100%| O|  |TAMS 0x00000006b7400000| PB 0x00000006b7000000| Untracked 
| 221|0x00000006b7400000, 0x00000006b7800000, 0x00000006b7800000|100%| O|  |TAMS 0x00000006b7800000| PB 0x00000006b7400000| Untracked 
| 222|0x00000006b7800000, 0x00000006b7c00000, 0x00000006b7c00000|100%| O|  |TAMS 0x00000006b7c00000| PB 0x00000006b7800000| Untracked 
| 223|0x00000006b7c00000, 0x00000006b8000000, 0x00000006b8000000|100%| O|  |TAMS 0x00000006b8000000| PB 0x00000006b7c00000| Untracked 
| 224|0x00000006b8000000, 0x00000006b8400000, 0x00000006b8400000|100%| O|  |TAMS 0x00000006b8400000| PB 0x00000006b8000000| Untracked 
| 225|0x00000006b8400000, 0x00000006b8800000, 0x00000006b8800000|100%| O|  |TAMS 0x00000006b8800000| PB 0x00000006b8400000| Untracked 
| 226|0x00000006b8800000, 0x00000006b8c00000, 0x00000006b8c00000|100%| O|  |TAMS 0x00000006b8c00000| PB 0x00000006b8800000| Untracked 
| 227|0x00000006b8c00000, 0x00000006b9000000, 0x00000006b9000000|100%| O|  |TAMS 0x00000006b9000000| PB 0x00000006b8c00000| Untracked 
| 228|0x00000006b9000000, 0x00000006b9400000, 0x00000006b9400000|100%| O|  |TAMS 0x00000006b9400000| PB 0x00000006b9000000| Untracked 
| 229|0x00000006b9400000, 0x00000006b9800000, 0x00000006b9800000|100%| O|  |TAMS 0x00000006b9800000| PB 0x00000006b9400000| Untracked 
| 230|0x00000006b9800000, 0x00000006b9c00000, 0x00000006b9c00000|100%| O|  |TAMS 0x00000006b9c00000| PB 0x00000006b9800000| Untracked 
| 231|0x00000006b9c00000, 0x00000006ba000000, 0x00000006ba000000|100%| O|  |TAMS 0x00000006ba000000| PB 0x00000006b9c00000| Untracked 
| 232|0x00000006ba000000, 0x00000006ba400000, 0x00000006ba400000|100%| O|  |TAMS 0x00000006ba400000| PB 0x00000006ba000000| Untracked 
| 233|0x00000006ba400000, 0x00000006ba800000, 0x00000006ba800000|100%| O|  |TAMS 0x00000006ba400000| PB 0x00000006ba400000| Untracked 
| 234|0x00000006ba800000, 0x00000006bac00000, 0x00000006bac00000|100%| O|  |TAMS 0x00000006bac00000| PB 0x00000006ba800000| Untracked 
| 235|0x00000006bac00000, 0x00000006bac00000, 0x00000006bb000000|  0%| F|  |TAMS 0x00000006bac00000| PB 0x00000006bac00000| Untracked 
| 236|0x00000006bb000000, 0x00000006bb000000, 0x00000006bb400000|  0%| F|  |TAMS 0x00000006bb000000| PB 0x00000006bb000000| Untracked 
| 237|0x00000006bb400000, 0x00000006bb800000, 0x00000006bb800000|100%| O|  |TAMS 0x00000006bb400000| PB 0x00000006bb400000| Untracked 
| 238|0x00000006bb800000, 0x00000006bbc00000, 0x00000006bbc00000|100%| O|  |TAMS 0x00000006bbc00000| PB 0x00000006bb800000| Untracked 
| 239|0x00000006bbc00000, 0x00000006bbd1d4c0, 0x00000006bc000000| 27%| O|  |TAMS 0x00000006bbc00000| PB 0x00000006bbc00000| Untracked 
| 240|0x00000006bc000000, 0x00000006bc000000, 0x00000006bc400000|  0%| F|  |TAMS 0x00000006bc000000| PB 0x00000006bc000000| Untracked 
| 241|0x00000006bc400000, 0x00000006bc400000, 0x00000006bc800000|  0%| F|  |TAMS 0x00000006bc400000| PB 0x00000006bc400000| Untracked 
| 242|0x00000006bc800000, 0x00000006bc800000, 0x00000006bcc00000|  0%| F|  |TAMS 0x00000006bc800000| PB 0x00000006bc800000| Untracked 
| 243|0x00000006bcc00000, 0x00000006bcc00000, 0x00000006bd000000|  0%| F|  |TAMS 0x00000006bcc00000| PB 0x00000006bcc00000| Untracked 
| 244|0x00000006bd000000, 0x00000006bd000000, 0x00000006bd400000|  0%| F|  |TAMS 0x00000006bd000000| PB 0x00000006bd000000| Untracked 
| 245|0x00000006bd400000, 0x00000006bd400000, 0x00000006bd800000|  0%| F|  |TAMS 0x00000006bd400000| PB 0x00000006bd400000| Untracked 
| 246|0x00000006bd800000, 0x00000006bd800000, 0x00000006bdc00000|  0%| F|  |TAMS 0x00000006bd800000| PB 0x00000006bd800000| Untracked 
| 247|0x00000006bdc00000, 0x00000006bdc00000, 0x00000006be000000|  0%| F|  |TAMS 0x00000006bdc00000| PB 0x00000006bdc00000| Untracked 
| 248|0x00000006be000000, 0x00000006be000000, 0x00000006be400000|  0%| F|  |TAMS 0x00000006be000000| PB 0x00000006be000000| Untracked 
| 249|0x00000006be400000, 0x00000006be400000, 0x00000006be800000|  0%| F|  |TAMS 0x00000006be400000| PB 0x00000006be400000| Untracked 
| 250|0x00000006be800000, 0x00000006be800000, 0x00000006bec00000|  0%| F|  |TAMS 0x00000006be800000| PB 0x00000006be800000| Untracked 
| 251|0x00000006bec00000, 0x00000006bec00000, 0x00000006bf000000|  0%| F|  |TAMS 0x00000006bec00000| PB 0x00000006bec00000| Untracked 
| 252|0x00000006bf000000, 0x00000006bf000000, 0x00000006bf400000|  0%| F|  |TAMS 0x00000006bf000000| PB 0x00000006bf000000| Untracked 
| 253|0x00000006bf400000, 0x00000006bf400000, 0x00000006bf800000|  0%| F|  |TAMS 0x00000006bf400000| PB 0x00000006bf400000| Untracked 
| 254|0x00000006bf800000, 0x00000006bf800000, 0x00000006bfc00000|  0%| F|  |TAMS 0x00000006bf800000| PB 0x00000006bf800000| Untracked 
| 255|0x00000006bfc00000, 0x00000006bfc00000, 0x00000006c0000000|  0%| F|  |TAMS 0x00000006bfc00000| PB 0x00000006bfc00000| Untracked 
| 256|0x00000006c0000000, 0x00000006c0000000, 0x00000006c0400000|  0%| F|  |TAMS 0x00000006c0000000| PB 0x00000006c0000000| Untracked 
| 257|0x00000006c0400000, 0x00000006c0400000, 0x00000006c0800000|  0%| F|  |TAMS 0x00000006c0400000| PB 0x00000006c0400000| Untracked 
| 258|0x00000006c0800000, 0x00000006c0800000, 0x00000006c0c00000|  0%| F|  |TAMS 0x00000006c0800000| PB 0x00000006c0800000| Untracked 
| 259|0x00000006c0c00000, 0x00000006c0c00000, 0x00000006c1000000|  0%| F|  |TAMS 0x00000006c0c00000| PB 0x00000006c0c00000| Untracked 
| 260|0x00000006c1000000, 0x00000006c1000000, 0x00000006c1400000|  0%| F|  |TAMS 0x00000006c1000000| PB 0x00000006c1000000| Untracked 
| 261|0x00000006c1400000, 0x00000006c1400000, 0x00000006c1800000|  0%| F|  |TAMS 0x00000006c1400000| PB 0x00000006c1400000| Untracked 
| 262|0x00000006c1800000, 0x00000006c1800000, 0x00000006c1c00000|  0%| F|  |TAMS 0x00000006c1800000| PB 0x00000006c1800000| Untracked 
| 263|0x00000006c1c00000, 0x00000006c1c00000, 0x00000006c2000000|  0%| F|  |TAMS 0x00000006c1c00000| PB 0x00000006c1c00000| Untracked 
| 264|0x00000006c2000000, 0x00000006c2000000, 0x00000006c2400000|  0%| F|  |TAMS 0x00000006c2000000| PB 0x00000006c2000000| Untracked 
| 265|0x00000006c2400000, 0x00000006c2400000, 0x00000006c2800000|  0%| F|  |TAMS 0x00000006c2400000| PB 0x00000006c2400000| Untracked 
| 266|0x00000006c2800000, 0x00000006c2800000, 0x00000006c2c00000|  0%| F|  |TAMS 0x00000006c2800000| PB 0x00000006c2800000| Untracked 
| 267|0x00000006c2c00000, 0x00000006c2c00000, 0x00000006c3000000|  0%| F|  |TAMS 0x00000006c2c00000| PB 0x00000006c2c00000| Untracked 
| 268|0x00000006c3000000, 0x00000006c3000000, 0x00000006c3400000|  0%| F|  |TAMS 0x00000006c3000000| PB 0x00000006c3000000| Untracked 
| 269|0x00000006c3400000, 0x00000006c3400000, 0x00000006c3800000|  0%| F|  |TAMS 0x00000006c3400000| PB 0x00000006c3400000| Untracked 
| 270|0x00000006c3800000, 0x00000006c3800000, 0x00000006c3c00000|  0%| F|  |TAMS 0x00000006c3800000| PB 0x00000006c3800000| Untracked 
| 271|0x00000006c3c00000, 0x00000006c3c00000, 0x00000006c4000000|  0%| F|  |TAMS 0x00000006c3c00000| PB 0x00000006c3c00000| Untracked 
| 272|0x00000006c4000000, 0x00000006c4000000, 0x00000006c4400000|  0%| F|  |TAMS 0x00000006c4000000| PB 0x00000006c4000000| Untracked 
| 273|0x00000006c4400000, 0x00000006c4400000, 0x00000006c4800000|  0%| F|  |TAMS 0x00000006c4400000| PB 0x00000006c4400000| Untracked 
| 274|0x00000006c4800000, 0x00000006c4800000, 0x00000006c4c00000|  0%| F|  |TAMS 0x00000006c4800000| PB 0x00000006c4800000| Untracked 
| 275|0x00000006c4c00000, 0x00000006c4c00000, 0x00000006c5000000|  0%| F|  |TAMS 0x00000006c4c00000| PB 0x00000006c4c00000| Untracked 
| 276|0x00000006c5000000, 0x00000006c5000000, 0x00000006c5400000|  0%| F|  |TAMS 0x00000006c5000000| PB 0x00000006c5000000| Untracked 
| 277|0x00000006c5400000, 0x00000006c5400000, 0x00000006c5800000|  0%| F|  |TAMS 0x00000006c5400000| PB 0x00000006c5400000| Untracked 
| 278|0x00000006c5800000, 0x00000006c5800000, 0x00000006c5c00000|  0%| F|  |TAMS 0x00000006c5800000| PB 0x00000006c5800000| Untracked 
| 279|0x00000006c5c00000, 0x00000006c6000000, 0x00000006c6000000|100%| O|  |TAMS 0x00000006c6000000| PB 0x00000006c5c00000| Untracked 
| 280|0x00000006c6000000, 0x00000006c6400000, 0x00000006c6400000|100%| O|  |TAMS 0x00000006c6400000| PB 0x00000006c6000000| Untracked 
| 281|0x00000006c6400000, 0x00000006c6800000, 0x00000006c6800000|100%| O|  |TAMS 0x00000006c6800000| PB 0x00000006c6400000| Untracked 
| 282|0x00000006c6800000, 0x00000006c6c00000, 0x00000006c6c00000|100%| O|  |TAMS 0x00000006c6c00000| PB 0x00000006c6800000| Untracked 
| 283|0x00000006c6c00000, 0x00000006c7000000, 0x00000006c7000000|100%| O|  |TAMS 0x00000006c7000000| PB 0x00000006c6c00000| Untracked 
| 284|0x00000006c7000000, 0x00000006c7400000, 0x00000006c7400000|100%| O|  |TAMS 0x00000006c7400000| PB 0x00000006c7000000| Untracked 
| 285|0x00000006c7400000, 0x00000006c7800000, 0x00000006c7800000|100%| O|  |TAMS 0x00000006c7800000| PB 0x00000006c7400000| Untracked 
| 286|0x00000006c7800000, 0x00000006c7c00000, 0x00000006c7c00000|100%| O|  |TAMS 0x00000006c7c00000| PB 0x00000006c7800000| Untracked 
| 287|0x00000006c7c00000, 0x00000006c8000000, 0x00000006c8000000|100%| O|  |TAMS 0x00000006c8000000| PB 0x00000006c7c00000| Untracked 
| 288|0x00000006c8000000, 0x00000006c8400000, 0x00000006c8400000|100%| O|  |TAMS 0x00000006c8400000| PB 0x00000006c8000000| Untracked 
| 289|0x00000006c8400000, 0x00000006c8800000, 0x00000006c8800000|100%| O|  |TAMS 0x00000006c8800000| PB 0x00000006c8400000| Untracked 
| 290|0x00000006c8800000, 0x00000006c8c00000, 0x00000006c8c00000|100%| O|  |TAMS 0x00000006c8c00000| PB 0x00000006c8800000| Untracked 
| 291|0x00000006c8c00000, 0x00000006c9000000, 0x00000006c9000000|100%| O|  |TAMS 0x00000006c9000000| PB 0x00000006c8c00000| Untracked 
| 292|0x00000006c9000000, 0x00000006c9400000, 0x00000006c9400000|100%| O|  |TAMS 0x00000006c9400000| PB 0x00000006c9000000| Untracked 
| 293|0x00000006c9400000, 0x00000006c9800000, 0x00000006c9800000|100%| O|  |TAMS 0x00000006c9800000| PB 0x00000006c9400000| Untracked 
| 294|0x00000006c9800000, 0x00000006c9c00000, 0x00000006c9c00000|100%| O|  |TAMS 0x00000006c9c00000| PB 0x00000006c9800000| Untracked 
| 295|0x00000006c9c00000, 0x00000006ca000000, 0x00000006ca000000|100%| O|  |TAMS 0x00000006ca000000| PB 0x00000006c9c00000| Untracked 
| 296|0x00000006ca000000, 0x00000006ca400000, 0x00000006ca400000|100%| O|  |TAMS 0x00000006ca400000| PB 0x00000006ca000000| Untracked 
| 297|0x00000006ca400000, 0x00000006ca800000, 0x00000006ca800000|100%| O|  |TAMS 0x00000006ca800000| PB 0x00000006ca400000| Untracked 
| 298|0x00000006ca800000, 0x00000006cac00000, 0x00000006cac00000|100%| O|  |TAMS 0x00000006cac00000| PB 0x00000006ca800000| Untracked 
| 299|0x00000006cac00000, 0x00000006cb000000, 0x00000006cb000000|100%| O|  |TAMS 0x00000006cb000000| PB 0x00000006cac00000| Untracked 
| 300|0x00000006cb000000, 0x00000006cb400000, 0x00000006cb400000|100%| O|  |TAMS 0x00000006cb400000| PB 0x00000006cb000000| Untracked 
| 301|0x00000006cb400000, 0x00000006cb800000, 0x00000006cb800000|100%| O|  |TAMS 0x00000006cb800000| PB 0x00000006cb400000| Untracked 
| 302|0x00000006cb800000, 0x00000006cbc00000, 0x00000006cbc00000|100%| O|  |TAMS 0x00000006cbc00000| PB 0x00000006cb800000| Untracked 
| 303|0x00000006cbc00000, 0x00000006cc000000, 0x00000006cc000000|100%| O|  |TAMS 0x00000006cc000000| PB 0x00000006cbc00000| Untracked 
| 304|0x00000006cc000000, 0x00000006cc000000, 0x00000006cc400000|  0%| F|  |TAMS 0x00000006cc000000| PB 0x00000006cc000000| Untracked 
| 305|0x00000006cc400000, 0x00000006cc800000, 0x00000006cc800000|100%| O|  |TAMS 0x00000006cc800000| PB 0x00000006cc400000| Untracked 
| 306|0x00000006cc800000, 0x00000006ccc00000, 0x00000006ccc00000|100%| O|  |TAMS 0x00000006ccc00000| PB 0x00000006cc800000| Untracked 
| 307|0x00000006ccc00000, 0x00000006cd000000, 0x00000006cd000000|100%| O|  |TAMS 0x00000006cd000000| PB 0x00000006ccc00000| Untracked 
| 308|0x00000006cd000000, 0x00000006cd400000, 0x00000006cd400000|100%| O|  |TAMS 0x00000006cd400000| PB 0x00000006cd000000| Untracked 
| 309|0x00000006cd400000, 0x00000006cd800000, 0x00000006cd800000|100%| O|  |TAMS 0x00000006cd800000| PB 0x00000006cd400000| Untracked 
| 310|0x00000006cd800000, 0x00000006cdc00000, 0x00000006cdc00000|100%| O|  |TAMS 0x00000006cdc00000| PB 0x00000006cd800000| Untracked 
| 311|0x00000006cdc00000, 0x00000006cdc00000, 0x00000006ce000000|  0%| F|  |TAMS 0x00000006cdc00000| PB 0x00000006cdc00000| Untracked 
| 312|0x00000006ce000000, 0x00000006ce000000, 0x00000006ce400000|  0%| F|  |TAMS 0x00000006ce000000| PB 0x00000006ce000000| Untracked 
| 313|0x00000006ce400000, 0x00000006ce400000, 0x00000006ce800000|  0%| F|  |TAMS 0x00000006ce400000| PB 0x00000006ce400000| Untracked 
| 314|0x00000006ce800000, 0x00000006ce800000, 0x00000006cec00000|  0%| F|  |TAMS 0x00000006ce800000| PB 0x00000006ce800000| Untracked 
| 315|0x00000006cec00000, 0x00000006cec00000, 0x00000006cf000000|  0%| F|  |TAMS 0x00000006cec00000| PB 0x00000006cec00000| Untracked 
| 316|0x00000006cf000000, 0x00000006cf000000, 0x00000006cf400000|  0%| F|  |TAMS 0x00000006cf000000| PB 0x00000006cf000000| Untracked 
| 317|0x00000006cf400000, 0x00000006cf400000, 0x00000006cf800000|  0%| F|  |TAMS 0x00000006cf400000| PB 0x00000006cf400000| Untracked 
| 318|0x00000006cf800000, 0x00000006cf800000, 0x00000006cfc00000|  0%| F|  |TAMS 0x00000006cf800000| PB 0x00000006cf800000| Untracked 
| 319|0x00000006cfc00000, 0x00000006cfc00000, 0x00000006d0000000|  0%| F|  |TAMS 0x00000006cfc00000| PB 0x00000006cfc00000| Untracked 
| 320|0x00000006d0000000, 0x00000006d0400000, 0x00000006d0400000|100%| O|  |TAMS 0x00000006d0400000| PB 0x00000006d0000000| Untracked 
| 321|0x00000006d0400000, 0x00000006d0400000, 0x00000006d0800000|  0%| F|  |TAMS 0x00000006d0400000| PB 0x00000006d0400000| Untracked 
| 322|0x00000006d0800000, 0x00000006d0800000, 0x00000006d0c00000|  0%| F|  |TAMS 0x00000006d0800000| PB 0x00000006d0800000| Untracked 
| 323|0x00000006d0c00000, 0x00000006d0c00000, 0x00000006d1000000|  0%| F|  |TAMS 0x00000006d0c00000| PB 0x00000006d0c00000| Untracked 
| 324|0x00000006d1000000, 0x00000006d1000000, 0x00000006d1400000|  0%| F|  |TAMS 0x00000006d1000000| PB 0x00000006d1000000| Untracked 
| 325|0x00000006d1400000, 0x00000006d1400000, 0x00000006d1800000|  0%| F|  |TAMS 0x00000006d1400000| PB 0x00000006d1400000| Untracked 
| 326|0x00000006d1800000, 0x00000006d1800000, 0x00000006d1c00000|  0%| F|  |TAMS 0x00000006d1800000| PB 0x00000006d1800000| Untracked 
| 327|0x00000006d1c00000, 0x00000006d1c00000, 0x00000006d2000000|  0%| F|  |TAMS 0x00000006d1c00000| PB 0x00000006d1c00000| Untracked 
| 328|0x00000006d2000000, 0x00000006d2000000, 0x00000006d2400000|  0%| F|  |TAMS 0x00000006d2000000| PB 0x00000006d2000000| Untracked 
| 329|0x00000006d2400000, 0x00000006d2400000, 0x00000006d2800000|  0%| F|  |TAMS 0x00000006d2400000| PB 0x00000006d2400000| Untracked 
| 330|0x00000006d2800000, 0x00000006d2800000, 0x00000006d2c00000|  0%| F|  |TAMS 0x00000006d2800000| PB 0x00000006d2800000| Untracked 
| 331|0x00000006d2c00000, 0x00000006d2c00000, 0x00000006d3000000|  0%| F|  |TAMS 0x00000006d2c00000| PB 0x00000006d2c00000| Untracked 
| 332|0x00000006d3000000, 0x00000006d3000000, 0x00000006d3400000|  0%| F|  |TAMS 0x00000006d3000000| PB 0x00000006d3000000| Untracked 
| 333|0x00000006d3400000, 0x00000006d3400000, 0x00000006d3800000|  0%| F|  |TAMS 0x00000006d3400000| PB 0x00000006d3400000| Untracked 
| 334|0x00000006d3800000, 0x00000006d3800000, 0x00000006d3c00000|  0%| F|  |TAMS 0x00000006d3800000| PB 0x00000006d3800000| Untracked 
| 335|0x00000006d3c00000, 0x00000006d3c00000, 0x00000006d4000000|  0%| F|  |TAMS 0x00000006d3c00000| PB 0x00000006d3c00000| Untracked 
| 336|0x00000006d4000000, 0x00000006d4000000, 0x00000006d4400000|  0%| F|  |TAMS 0x00000006d4000000| PB 0x00000006d4000000| Untracked 
| 337|0x00000006d4400000, 0x00000006d4400000, 0x00000006d4800000|  0%| F|  |TAMS 0x00000006d4400000| PB 0x00000006d4400000| Untracked 
| 338|0x00000006d4800000, 0x00000006d4800000, 0x00000006d4c00000|  0%| F|  |TAMS 0x00000006d4800000| PB 0x00000006d4800000| Untracked 
| 339|0x00000006d4c00000, 0x00000006d4c00000, 0x00000006d5000000|  0%| F|  |TAMS 0x00000006d4c00000| PB 0x00000006d4c00000| Untracked 
| 340|0x00000006d5000000, 0x00000006d5000000, 0x00000006d5400000|  0%| F|  |TAMS 0x00000006d5000000| PB 0x00000006d5000000| Untracked 
| 341|0x00000006d5400000, 0x00000006d5400000, 0x00000006d5800000|  0%| F|  |TAMS 0x00000006d5400000| PB 0x00000006d5400000| Untracked 
| 342|0x00000006d5800000, 0x00000006d5800000, 0x00000006d5c00000|  0%| F|  |TAMS 0x00000006d5800000| PB 0x00000006d5800000| Untracked 
| 343|0x00000006d5c00000, 0x00000006d5c00000, 0x00000006d6000000|  0%| F|  |TAMS 0x00000006d5c00000| PB 0x00000006d5c00000| Untracked 
| 344|0x00000006d6000000, 0x00000006d6000000, 0x00000006d6400000|  0%| F|  |TAMS 0x00000006d6000000| PB 0x00000006d6000000| Untracked 
| 345|0x00000006d6400000, 0x00000006d6400000, 0x00000006d6800000|  0%| F|  |TAMS 0x00000006d6400000| PB 0x00000006d6400000| Untracked 
| 346|0x00000006d6800000, 0x00000006d6800000, 0x00000006d6c00000|  0%| F|  |TAMS 0x00000006d6800000| PB 0x00000006d6800000| Untracked 
| 347|0x00000006d6c00000, 0x00000006d6c00000, 0x00000006d7000000|  0%| F|  |TAMS 0x00000006d6c00000| PB 0x00000006d6c00000| Untracked 
| 348|0x00000006d7000000, 0x00000006d7000000, 0x00000006d7400000|  0%| F|  |TAMS 0x00000006d7000000| PB 0x00000006d7000000| Untracked 
| 349|0x00000006d7400000, 0x00000006d7400000, 0x00000006d7800000|  0%| F|  |TAMS 0x00000006d7400000| PB 0x00000006d7400000| Untracked 
| 350|0x00000006d7800000, 0x00000006d7800000, 0x00000006d7c00000|  0%| F|  |TAMS 0x00000006d7800000| PB 0x00000006d7800000| Untracked 
| 351|0x00000006d7c00000, 0x00000006d7c00000, 0x00000006d8000000|  0%| F|  |TAMS 0x00000006d7c00000| PB 0x00000006d7c00000| Untracked 
| 352|0x00000006d8000000, 0x00000006d8000000, 0x00000006d8400000|  0%| F|  |TAMS 0x00000006d8000000| PB 0x00000006d8000000| Untracked 
| 353|0x00000006d8400000, 0x00000006d8400000, 0x00000006d8800000|  0%| F|  |TAMS 0x00000006d8400000| PB 0x00000006d8400000| Untracked 
| 354|0x00000006d8800000, 0x00000006d8c00000, 0x00000006d8c00000|100%| O|  |TAMS 0x00000006d8c00000| PB 0x00000006d8800000| Untracked 
| 355|0x00000006d8c00000, 0x00000006d8c00000, 0x00000006d9000000|  0%| F|  |TAMS 0x00000006d8c00000| PB 0x00000006d8c00000| Untracked 
| 356|0x00000006d9000000, 0x00000006d9000000, 0x00000006d9400000|  0%| F|  |TAMS 0x00000006d9000000| PB 0x00000006d9000000| Untracked 
| 357|0x00000006d9400000, 0x00000006d9400000, 0x00000006d9800000|  0%| F|  |TAMS 0x00000006d9400000| PB 0x00000006d9400000| Untracked 
| 358|0x00000006d9800000, 0x00000006d9800000, 0x00000006d9c00000|  0%| F|  |TAMS 0x00000006d9800000| PB 0x00000006d9800000| Untracked 
| 359|0x00000006d9c00000, 0x00000006da000000, 0x00000006da000000|100%| O|  |TAMS 0x00000006da000000| PB 0x00000006d9c00000| Untracked 
| 360|0x00000006da000000, 0x00000006da400000, 0x00000006da400000|100%| O|  |TAMS 0x00000006da400000| PB 0x00000006da000000| Untracked 
| 361|0x00000006da400000, 0x00000006da400000, 0x00000006da800000|  0%| F|  |TAMS 0x00000006da400000| PB 0x00000006da400000| Untracked 
| 362|0x00000006da800000, 0x00000006dac00000, 0x00000006dac00000|100%| O|  |TAMS 0x00000006dac00000| PB 0x00000006da800000| Untracked 
| 363|0x00000006dac00000, 0x00000006db000000, 0x00000006db000000|100%| O|  |TAMS 0x00000006db000000| PB 0x00000006dac00000| Untracked 
| 364|0x00000006db000000, 0x00000006db000000, 0x00000006db400000|  0%| F|  |TAMS 0x00000006db000000| PB 0x00000006db000000| Untracked 
| 365|0x00000006db400000, 0x00000006db800000, 0x00000006db800000|100%| O|  |TAMS 0x00000006db800000| PB 0x00000006db400000| Untracked 
| 366|0x00000006db800000, 0x00000006dbc00000, 0x00000006dbc00000|100%| O|  |TAMS 0x00000006dbc00000| PB 0x00000006db800000| Untracked 
| 367|0x00000006dbc00000, 0x00000006dc000000, 0x00000006dc000000|100%| O|  |TAMS 0x00000006dc000000| PB 0x00000006dbc00000| Untracked 
| 368|0x00000006dc000000, 0x00000006dc400000, 0x00000006dc400000|100%| O|  |TAMS 0x00000006dc400000| PB 0x00000006dc000000| Untracked 
| 369|0x00000006dc400000, 0x00000006dc400000, 0x00000006dc800000|  0%| F|  |TAMS 0x00000006dc400000| PB 0x00000006dc400000| Untracked 
| 370|0x00000006dc800000, 0x00000006dc800000, 0x00000006dcc00000|  0%| F|  |TAMS 0x00000006dc800000| PB 0x00000006dc800000| Untracked 
| 371|0x00000006dcc00000, 0x00000006dcc00000, 0x00000006dd000000|  0%| F|  |TAMS 0x00000006dcc00000| PB 0x00000006dcc00000| Untracked 
| 372|0x00000006dd000000, 0x00000006dd400000, 0x00000006dd400000|100%| O|  |TAMS 0x00000006dd400000| PB 0x00000006dd000000| Untracked 
| 373|0x00000006dd400000, 0x00000006dd800000, 0x00000006dd800000|100%| O|  |TAMS 0x00000006dd800000| PB 0x00000006dd400000| Untracked 
| 374|0x00000006dd800000, 0x00000006dd800000, 0x00000006ddc00000|  0%| F|  |TAMS 0x00000006dd800000| PB 0x00000006dd800000| Untracked 
| 375|0x00000006ddc00000, 0x00000006de000000, 0x00000006de000000|100%| O|  |TAMS 0x00000006de000000| PB 0x00000006ddc00000| Untracked 
| 376|0x00000006de000000, 0x00000006de000000, 0x00000006de400000|  0%| F|  |TAMS 0x00000006de000000| PB 0x00000006de000000| Untracked 
| 377|0x00000006de400000, 0x00000006de400000, 0x00000006de800000|  0%| F|  |TAMS 0x00000006de400000| PB 0x00000006de400000| Untracked 
| 378|0x00000006de800000, 0x00000006dec00000, 0x00000006dec00000|100%| O|  |TAMS 0x00000006dec00000| PB 0x00000006de800000| Untracked 
| 379|0x00000006dec00000, 0x00000006dec00000, 0x00000006df000000|  0%| F|  |TAMS 0x00000006dec00000| PB 0x00000006dec00000| Untracked 
| 380|0x00000006df000000, 0x00000006df000000, 0x00000006df400000|  0%| F|  |TAMS 0x00000006df000000| PB 0x00000006df000000| Untracked 
| 381|0x00000006df400000, 0x00000006df800000, 0x00000006df800000|100%| O|  |TAMS 0x00000006df800000| PB 0x00000006df400000| Untracked 
| 382|0x00000006df800000, 0x00000006df800000, 0x00000006dfc00000|  0%| F|  |TAMS 0x00000006df800000| PB 0x00000006df800000| Untracked 
| 383|0x00000006dfc00000, 0x00000006dfc00000, 0x00000006e0000000|  0%| F|  |TAMS 0x00000006dfc00000| PB 0x00000006dfc00000| Untracked 
| 384|0x00000006e0000000, 0x00000006e0000000, 0x00000006e0400000|  0%| F|  |TAMS 0x00000006e0000000| PB 0x00000006e0000000| Untracked 
| 385|0x00000006e0400000, 0x00000006e0800000, 0x00000006e0800000|100%| O|  |TAMS 0x00000006e0800000| PB 0x00000006e0400000| Untracked 
| 386|0x00000006e0800000, 0x00000006e0c00000, 0x00000006e0c00000|100%| O|  |TAMS 0x00000006e0c00000| PB 0x00000006e0800000| Untracked 
| 387|0x00000006e0c00000, 0x00000006e1000000, 0x00000006e1000000|100%| O|  |TAMS 0x00000006e1000000| PB 0x00000006e0c00000| Untracked 
| 388|0x00000006e1000000, 0x00000006e1000000, 0x00000006e1400000|  0%| F|  |TAMS 0x00000006e1000000| PB 0x00000006e1000000| Untracked 
| 389|0x00000006e1400000, 0x00000006e1400000, 0x00000006e1800000|  0%| F|  |TAMS 0x00000006e1400000| PB 0x00000006e1400000| Untracked 
| 390|0x00000006e1800000, 0x00000006e1800000, 0x00000006e1c00000|  0%| F|  |TAMS 0x00000006e1800000| PB 0x00000006e1800000| Untracked 
| 391|0x00000006e1c00000, 0x00000006e1c00000, 0x00000006e2000000|  0%| F|  |TAMS 0x00000006e1c00000| PB 0x00000006e1c00000| Untracked 
| 392|0x00000006e2000000, 0x00000006e2000000, 0x00000006e2400000|  0%| F|  |TAMS 0x00000006e2000000| PB 0x00000006e2000000| Untracked 
| 393|0x00000006e2400000, 0x00000006e2400000, 0x00000006e2800000|  0%| F|  |TAMS 0x00000006e2400000| PB 0x00000006e2400000| Untracked 
| 394|0x00000006e2800000, 0x00000006e2800000, 0x00000006e2c00000|  0%| F|  |TAMS 0x00000006e2800000| PB 0x00000006e2800000| Untracked 
| 395|0x00000006e2c00000, 0x00000006e2c00000, 0x00000006e3000000|  0%| F|  |TAMS 0x00000006e2c00000| PB 0x00000006e2c00000| Untracked 
| 396|0x00000006e3000000, 0x00000006e3000000, 0x00000006e3400000|  0%| F|  |TAMS 0x00000006e3000000| PB 0x00000006e3000000| Untracked 
| 397|0x00000006e3400000, 0x00000006e3400000, 0x00000006e3800000|  0%| F|  |TAMS 0x00000006e3400000| PB 0x00000006e3400000| Untracked 
| 398|0x00000006e3800000, 0x00000006e3800000, 0x00000006e3c00000|  0%| F|  |TAMS 0x00000006e3800000| PB 0x00000006e3800000| Untracked 
| 399|0x00000006e3c00000, 0x00000006e3c00000, 0x00000006e4000000|  0%| F|  |TAMS 0x00000006e3c00000| PB 0x00000006e3c00000| Untracked 
| 400|0x00000006e4000000, 0x00000006e4000000, 0x00000006e4400000|  0%| F|  |TAMS 0x00000006e4000000| PB 0x00000006e4000000| Untracked 
| 401|0x00000006e4400000, 0x00000006e4400000, 0x00000006e4800000|  0%| F|  |TAMS 0x00000006e4400000| PB 0x00000006e4400000| Untracked 
| 402|0x00000006e4800000, 0x00000006e4800000, 0x00000006e4c00000|  0%| F|  |TAMS 0x00000006e4800000| PB 0x00000006e4800000| Untracked 
| 403|0x00000006e4c00000, 0x00000006e4c00000, 0x00000006e5000000|  0%| F|  |TAMS 0x00000006e4c00000| PB 0x00000006e4c00000| Untracked 
| 404|0x00000006e5000000, 0x00000006e5000000, 0x00000006e5400000|  0%| F|  |TAMS 0x00000006e5000000| PB 0x00000006e5000000| Untracked 
| 405|0x00000006e5400000, 0x00000006e5400000, 0x00000006e5800000|  0%| F|  |TAMS 0x00000006e5400000| PB 0x00000006e5400000| Untracked 
| 406|0x00000006e5800000, 0x00000006e5800000, 0x00000006e5c00000|  0%| F|  |TAMS 0x00000006e5800000| PB 0x00000006e5800000| Untracked 
| 407|0x00000006e5c00000, 0x00000006e5c00000, 0x00000006e6000000|  0%| F|  |TAMS 0x00000006e5c00000| PB 0x00000006e5c00000| Untracked 
| 408|0x00000006e6000000, 0x00000006e6000000, 0x00000006e6400000|  0%| F|  |TAMS 0x00000006e6000000| PB 0x00000006e6000000| Untracked 
| 409|0x00000006e6400000, 0x00000006e6400000, 0x00000006e6800000|  0%| F|  |TAMS 0x00000006e6400000| PB 0x00000006e6400000| Untracked 
| 410|0x00000006e6800000, 0x00000006e6800000, 0x00000006e6c00000|  0%| F|  |TAMS 0x00000006e6800000| PB 0x00000006e6800000| Untracked 
| 411|0x00000006e6c00000, 0x00000006e6c00000, 0x00000006e7000000|  0%| F|  |TAMS 0x00000006e6c00000| PB 0x00000006e6c00000| Untracked 
| 412|0x00000006e7000000, 0x00000006e7000000, 0x00000006e7400000|  0%| F|  |TAMS 0x00000006e7000000| PB 0x00000006e7000000| Untracked 
| 413|0x00000006e7400000, 0x00000006e7400000, 0x00000006e7800000|  0%| F|  |TAMS 0x00000006e7400000| PB 0x00000006e7400000| Untracked 
| 414|0x00000006e7800000, 0x00000006e7800000, 0x00000006e7c00000|  0%| F|  |TAMS 0x00000006e7800000| PB 0x00000006e7800000| Untracked 
| 415|0x00000006e7c00000, 0x00000006e7c00000, 0x00000006e8000000|  0%| F|  |TAMS 0x00000006e7c00000| PB 0x00000006e7c00000| Untracked 
| 416|0x00000006e8000000, 0x00000006e8000000, 0x00000006e8400000|  0%| F|  |TAMS 0x00000006e8000000| PB 0x00000006e8000000| Untracked 
| 417|0x00000006e8400000, 0x00000006e8400000, 0x00000006e8800000|  0%| F|  |TAMS 0x00000006e8400000| PB 0x00000006e8400000| Untracked 
| 418|0x00000006e8800000, 0x00000006e8800000, 0x00000006e8c00000|  0%| F|  |TAMS 0x00000006e8800000| PB 0x00000006e8800000| Untracked 
| 419|0x00000006e8c00000, 0x00000006e8c00000, 0x00000006e9000000|  0%| F|  |TAMS 0x00000006e8c00000| PB 0x00000006e8c00000| Untracked 
| 420|0x00000006e9000000, 0x00000006e9000000, 0x00000006e9400000|  0%| F|  |TAMS 0x00000006e9000000| PB 0x00000006e9000000| Untracked 
| 421|0x00000006e9400000, 0x00000006e9400000, 0x00000006e9800000|  0%| F|  |TAMS 0x00000006e9400000| PB 0x00000006e9400000| Untracked 
| 422|0x00000006e9800000, 0x00000006e9800000, 0x00000006e9c00000|  0%| F|  |TAMS 0x00000006e9800000| PB 0x00000006e9800000| Untracked 
| 423|0x00000006e9c00000, 0x00000006e9c00000, 0x00000006ea000000|  0%| F|  |TAMS 0x00000006e9c00000| PB 0x00000006e9c00000| Untracked 
| 424|0x00000006ea000000, 0x00000006ea000000, 0x00000006ea400000|  0%| F|  |TAMS 0x00000006ea000000| PB 0x00000006ea000000| Untracked 
| 425|0x00000006ea400000, 0x00000006ea400000, 0x00000006ea800000|  0%| F|  |TAMS 0x00000006ea400000| PB 0x00000006ea400000| Untracked 
| 426|0x00000006ea800000, 0x00000006ea800000, 0x00000006eac00000|  0%| F|  |TAMS 0x00000006ea800000| PB 0x00000006ea800000| Untracked 
| 427|0x00000006eac00000, 0x00000006eac00000, 0x00000006eb000000|  0%| F|  |TAMS 0x00000006eac00000| PB 0x00000006eac00000| Untracked 
| 428|0x00000006eb000000, 0x00000006eb000000, 0x00000006eb400000|  0%| F|  |TAMS 0x00000006eb000000| PB 0x00000006eb000000| Untracked 
| 429|0x00000006eb400000, 0x00000006eb400000, 0x00000006eb800000|  0%| F|  |TAMS 0x00000006eb400000| PB 0x00000006eb400000| Untracked 
| 430|0x00000006eb800000, 0x00000006eb800000, 0x00000006ebc00000|  0%| F|  |TAMS 0x00000006eb800000| PB 0x00000006eb800000| Untracked 
| 431|0x00000006ebc00000, 0x00000006ebc00000, 0x00000006ec000000|  0%| F|  |TAMS 0x00000006ebc00000| PB 0x00000006ebc00000| Untracked 
| 432|0x00000006ec000000, 0x00000006ec000000, 0x00000006ec400000|  0%| F|  |TAMS 0x00000006ec000000| PB 0x00000006ec000000| Untracked 
| 433|0x00000006ec400000, 0x00000006ec400000, 0x00000006ec800000|  0%| F|  |TAMS 0x00000006ec400000| PB 0x00000006ec400000| Untracked 
| 434|0x00000006ec800000, 0x00000006ec800000, 0x00000006ecc00000|  0%| F|  |TAMS 0x00000006ec800000| PB 0x00000006ec800000| Untracked 
| 435|0x00000006ecc00000, 0x00000006ecc00000, 0x00000006ed000000|  0%| F|  |TAMS 0x00000006ecc00000| PB 0x00000006ecc00000| Untracked 
| 436|0x00000006ed000000, 0x00000006ed000000, 0x00000006ed400000|  0%| F|  |TAMS 0x00000006ed000000| PB 0x00000006ed000000| Untracked 
| 437|0x00000006ed400000, 0x00000006ed400000, 0x00000006ed800000|  0%| F|  |TAMS 0x00000006ed400000| PB 0x00000006ed400000| Untracked 
| 438|0x00000006ed800000, 0x00000006ed800000, 0x00000006edc00000|  0%| F|  |TAMS 0x00000006ed800000| PB 0x00000006ed800000| Untracked 
| 439|0x00000006edc00000, 0x00000006edc00000, 0x00000006ee000000|  0%| F|  |TAMS 0x00000006edc00000| PB 0x00000006edc00000| Untracked 
| 440|0x00000006ee000000, 0x00000006ee000000, 0x00000006ee400000|  0%| F|  |TAMS 0x00000006ee000000| PB 0x00000006ee000000| Untracked 
| 441|0x00000006ee400000, 0x00000006ee400000, 0x00000006ee800000|  0%| F|  |TAMS 0x00000006ee400000| PB 0x00000006ee400000| Untracked 
| 442|0x00000006ee800000, 0x00000006eec00000, 0x00000006eec00000|100%| S|CS|TAMS 0x00000006ee800000| PB 0x00000006ee800000| Complete 
| 443|0x00000006eec00000, 0x00000006ef000000, 0x00000006ef000000|100%| S|CS|TAMS 0x00000006eec00000| PB 0x00000006eec00000| Complete 
| 444|0x00000006ef000000, 0x00000006ef400000, 0x00000006ef400000|100%| S|CS|TAMS 0x00000006ef000000| PB 0x00000006ef000000| Complete 
| 445|0x00000006ef400000, 0x00000006ef800000, 0x00000006ef800000|100%| S|CS|TAMS 0x00000006ef400000| PB 0x00000006ef400000| Complete 
| 446|0x00000006ef800000, 0x00000006efc00000, 0x00000006efc00000|100%| S|CS|TAMS 0x00000006ef800000| PB 0x00000006ef800000| Complete 
| 447|0x00000006efc00000, 0x00000006f0000000, 0x00000006f0000000|100%| S|CS|TAMS 0x00000006efc00000| PB 0x00000006efc00000| Complete 
| 448|0x00000006f0000000, 0x00000006f0400000, 0x00000006f0400000|100%| S|CS|TAMS 0x00000006f0000000| PB 0x00000006f0000000| Complete 
| 449|0x00000006f0400000, 0x00000006f0800000, 0x00000006f0800000|100%| S|CS|TAMS 0x00000006f0400000| PB 0x00000006f0400000| Complete 
| 450|0x00000006f0800000, 0x00000006f0c00000, 0x00000006f0c00000|100%| S|CS|TAMS 0x00000006f0800000| PB 0x00000006f0800000| Complete 
| 451|0x00000006f0c00000, 0x00000006f1000000, 0x00000006f1000000|100%| S|CS|TAMS 0x00000006f0c00000| PB 0x00000006f0c00000| Complete 
| 452|0x00000006f1000000, 0x00000006f1400000, 0x00000006f1400000|100%| S|CS|TAMS 0x00000006f1000000| PB 0x00000006f1000000| Complete 
| 453|0x00000006f1400000, 0x00000006f1800000, 0x00000006f1800000|100%| S|CS|TAMS 0x00000006f1400000| PB 0x00000006f1400000| Complete 
| 454|0x00000006f1800000, 0x00000006f1c00000, 0x00000006f1c00000|100%| S|CS|TAMS 0x00000006f1800000| PB 0x00000006f1800000| Complete 
| 455|0x00000006f1c00000, 0x00000006f2000000, 0x00000006f2000000|100%| S|CS|TAMS 0x00000006f1c00000| PB 0x00000006f1c00000| Complete 
| 456|0x00000006f2000000, 0x00000006f2400000, 0x00000006f2400000|100%| S|CS|TAMS 0x00000006f2000000| PB 0x00000006f2000000| Complete 
| 457|0x00000006f2400000, 0x00000006f2800000, 0x00000006f2800000|100%| S|CS|TAMS 0x00000006f2400000| PB 0x00000006f2400000| Complete 
| 458|0x00000006f2800000, 0x00000006f2c00000, 0x00000006f2c00000|100%| S|CS|TAMS 0x00000006f2800000| PB 0x00000006f2800000| Complete 
| 459|0x00000006f2c00000, 0x00000006f3000000, 0x00000006f3000000|100%| S|CS|TAMS 0x00000006f2c00000| PB 0x00000006f2c00000| Complete 
| 460|0x00000006f3000000, 0x00000006f3400000, 0x00000006f3400000|100%| S|CS|TAMS 0x00000006f3000000| PB 0x00000006f3000000| Complete 
| 461|0x00000006f3400000, 0x00000006f3800000, 0x00000006f3800000|100%| S|CS|TAMS 0x00000006f3400000| PB 0x00000006f3400000| Complete 
| 462|0x00000006f3800000, 0x00000006f3c00000, 0x00000006f3c00000|100%| S|CS|TAMS 0x00000006f3800000| PB 0x00000006f3800000| Complete 
| 463|0x00000006f3c00000, 0x00000006f4000000, 0x00000006f4000000|100%| S|CS|TAMS 0x00000006f3c00000| PB 0x00000006f3c00000| Complete 
| 464|0x00000006f4000000, 0x00000006f4400000, 0x00000006f4400000|100%| S|CS|TAMS 0x00000006f4000000| PB 0x00000006f4000000| Complete 
| 465|0x00000006f4400000, 0x00000006f4800000, 0x00000006f4800000|100%| S|CS|TAMS 0x00000006f4400000| PB 0x00000006f4400000| Complete 
| 466|0x00000006f4800000, 0x00000006f4c00000, 0x00000006f4c00000|100%| S|CS|TAMS 0x00000006f4800000| PB 0x00000006f4800000| Complete 
| 467|0x00000006f4c00000, 0x00000006f5000000, 0x00000006f5000000|100%| S|CS|TAMS 0x00000006f4c00000| PB 0x00000006f4c00000| Complete 
| 468|0x00000006f5000000, 0x00000006f5400000, 0x00000006f5400000|100%| S|CS|TAMS 0x00000006f5000000| PB 0x00000006f5000000| Complete 
| 469|0x00000006f5400000, 0x00000006f5800000, 0x00000006f5800000|100%| S|CS|TAMS 0x00000006f5400000| PB 0x00000006f5400000| Complete 
| 470|0x00000006f5800000, 0x00000006f5c00000, 0x00000006f5c00000|100%| S|CS|TAMS 0x00000006f5800000| PB 0x00000006f5800000| Complete 
| 471|0x00000006f5c00000, 0x00000006f6000000, 0x00000006f6000000|100%| S|CS|TAMS 0x00000006f5c00000| PB 0x00000006f5c00000| Complete 
| 472|0x00000006f6000000, 0x00000006f6400000, 0x00000006f6400000|100%| S|CS|TAMS 0x00000006f6000000| PB 0x00000006f6000000| Complete 
| 473|0x00000006f6400000, 0x00000006f6400000, 0x00000006f6800000|  0%| F|  |TAMS 0x00000006f6400000| PB 0x00000006f6400000| Untracked 
| 474|0x00000006f6800000, 0x00000006f6800000, 0x00000006f6c00000|  0%| F|  |TAMS 0x00000006f6800000| PB 0x00000006f6800000| Untracked 
| 475|0x00000006f6c00000, 0x00000006f6c00000, 0x00000006f7000000|  0%| F|  |TAMS 0x00000006f6c00000| PB 0x00000006f6c00000| Untracked 
| 476|0x00000006f7000000, 0x00000006f7000000, 0x00000006f7400000|  0%| F|  |TAMS 0x00000006f7000000| PB 0x00000006f7000000| Untracked 
| 477|0x00000006f7400000, 0x00000006f7400000, 0x00000006f7800000|  0%| F|  |TAMS 0x00000006f7400000| PB 0x00000006f7400000| Untracked 
| 478|0x00000006f7800000, 0x00000006f7800000, 0x00000006f7c00000|  0%| F|  |TAMS 0x00000006f7800000| PB 0x00000006f7800000| Untracked 
| 479|0x00000006f7c00000, 0x00000006f7c00000, 0x00000006f8000000|  0%| F|  |TAMS 0x00000006f7c00000| PB 0x00000006f7c00000| Untracked 
| 480|0x00000006f8000000, 0x00000006f8000000, 0x00000006f8400000|  0%| F|  |TAMS 0x00000006f8000000| PB 0x00000006f8000000| Untracked 
| 481|0x00000006f8400000, 0x00000006f8400000, 0x00000006f8800000|  0%| F|  |TAMS 0x00000006f8400000| PB 0x00000006f8400000| Untracked 
| 482|0x00000006f8800000, 0x00000006f8800000, 0x00000006f8c00000|  0%| F|  |TAMS 0x00000006f8800000| PB 0x00000006f8800000| Untracked 
| 483|0x00000006f8c00000, 0x00000006f8c00000, 0x00000006f9000000|  0%| F|  |TAMS 0x00000006f8c00000| PB 0x00000006f8c00000| Untracked 
| 484|0x00000006f9000000, 0x00000006f9000000, 0x00000006f9400000|  0%| F|  |TAMS 0x00000006f9000000| PB 0x00000006f9000000| Untracked 
| 485|0x00000006f9400000, 0x00000006f9400000, 0x00000006f9800000|  0%| F|  |TAMS 0x00000006f9400000| PB 0x00000006f9400000| Untracked 
| 486|0x00000006f9800000, 0x00000006f9800000, 0x00000006f9c00000|  0%| F|  |TAMS 0x00000006f9800000| PB 0x00000006f9800000| Untracked 
| 487|0x00000006f9c00000, 0x00000006f9c00000, 0x00000006fa000000|  0%| F|  |TAMS 0x00000006f9c00000| PB 0x00000006f9c00000| Untracked 
| 488|0x00000006fa000000, 0x00000006fa000000, 0x00000006fa400000|  0%| F|  |TAMS 0x00000006fa000000| PB 0x00000006fa000000| Untracked 
| 489|0x00000006fa400000, 0x00000006fa400000, 0x00000006fa800000|  0%| F|  |TAMS 0x00000006fa400000| PB 0x00000006fa400000| Untracked 
| 490|0x00000006fa800000, 0x00000006fa800000, 0x00000006fac00000|  0%| F|  |TAMS 0x00000006fa800000| PB 0x00000006fa800000| Untracked 
| 491|0x00000006fac00000, 0x00000006fac00000, 0x00000006fb000000|  0%| F|  |TAMS 0x00000006fac00000| PB 0x00000006fac00000| Untracked 
| 492|0x00000006fb000000, 0x00000006fb000000, 0x00000006fb400000|  0%| F|  |TAMS 0x00000006fb000000| PB 0x00000006fb000000| Untracked 
| 493|0x00000006fb400000, 0x00000006fb400000, 0x00000006fb800000|  0%| F|  |TAMS 0x00000006fb400000| PB 0x00000006fb400000| Untracked 
| 494|0x00000006fb800000, 0x00000006fb800000, 0x00000006fbc00000|  0%| F|  |TAMS 0x00000006fb800000| PB 0x00000006fb800000| Untracked 
| 495|0x00000006fbc00000, 0x00000006fbc00000, 0x00000006fc000000|  0%| F|  |TAMS 0x00000006fbc00000| PB 0x00000006fbc00000| Untracked 
| 496|0x00000006fc000000, 0x00000006fc000000, 0x00000006fc400000|  0%| F|  |TAMS 0x00000006fc000000| PB 0x00000006fc000000| Untracked 
| 497|0x00000006fc400000, 0x00000006fc400000, 0x00000006fc800000|  0%| F|  |TAMS 0x00000006fc400000| PB 0x00000006fc400000| Untracked 
| 498|0x00000006fc800000, 0x00000006fc800000, 0x00000006fcc00000|  0%| F|  |TAMS 0x00000006fc800000| PB 0x00000006fc800000| Untracked 
| 499|0x00000006fcc00000, 0x00000006fcc00000, 0x00000006fd000000|  0%| F|  |TAMS 0x00000006fcc00000| PB 0x00000006fcc00000| Untracked 
| 500|0x00000006fd000000, 0x00000006fd000000, 0x00000006fd400000|  0%| F|  |TAMS 0x00000006fd000000| PB 0x00000006fd000000| Untracked 
| 501|0x00000006fd400000, 0x00000006fd400000, 0x00000006fd800000|  0%| F|  |TAMS 0x00000006fd400000| PB 0x00000006fd400000| Untracked 
| 502|0x00000006fd800000, 0x00000006fd800000, 0x00000006fdc00000|  0%| F|  |TAMS 0x00000006fd800000| PB 0x00000006fd800000| Untracked 
| 503|0x00000006fdc00000, 0x00000006fdc00000, 0x00000006fe000000|  0%| F|  |TAMS 0x00000006fdc00000| PB 0x00000006fdc00000| Untracked 
| 504|0x00000006fe000000, 0x00000006fe000000, 0x00000006fe400000|  0%| F|  |TAMS 0x00000006fe000000| PB 0x00000006fe000000| Untracked 
| 505|0x00000006fe400000, 0x00000006fe400000, 0x00000006fe800000|  0%| F|  |TAMS 0x00000006fe400000| PB 0x00000006fe400000| Untracked 
| 506|0x00000006fe800000, 0x00000006fe800000, 0x00000006fec00000|  0%| F|  |TAMS 0x00000006fe800000| PB 0x00000006fe800000| Untracked 
| 507|0x00000006fec00000, 0x00000006fec00000, 0x00000006ff000000|  0%| F|  |TAMS 0x00000006fec00000| PB 0x00000006fec00000| Untracked 
| 508|0x00000006ff000000, 0x00000006ff000000, 0x00000006ff400000|  0%| F|  |TAMS 0x00000006ff000000| PB 0x00000006ff000000| Untracked 
| 509|0x00000006ff400000, 0x00000006ff400000, 0x00000006ff800000|  0%| F|  |TAMS 0x00000006ff400000| PB 0x00000006ff400000| Untracked 
| 510|0x00000006ff800000, 0x00000006ff800000, 0x00000006ffc00000|  0%| F|  |TAMS 0x00000006ff800000| PB 0x00000006ff800000| Untracked 
| 511|0x00000006ffc00000, 0x00000006ffc00000, 0x0000000700000000|  0%| F|  |TAMS 0x00000006ffc00000| PB 0x00000006ffc00000| Untracked 
| 512|0x0000000700000000, 0x0000000700000000, 0x0000000700400000|  0%| F|  |TAMS 0x0000000700000000| PB 0x0000000700000000| Untracked 
| 513|0x0000000700400000, 0x0000000700400000, 0x0000000700800000|  0%| F|  |TAMS 0x0000000700400000| PB 0x0000000700400000| Untracked 
| 514|0x0000000700800000, 0x0000000700800000, 0x0000000700c00000|  0%| F|  |TAMS 0x0000000700800000| PB 0x0000000700800000| Untracked 
| 515|0x0000000700c00000, 0x0000000700c00000, 0x0000000701000000|  0%| F|  |TAMS 0x0000000700c00000| PB 0x0000000700c00000| Untracked 
| 516|0x0000000701000000, 0x0000000701000000, 0x0000000701400000|  0%| F|  |TAMS 0x0000000701000000| PB 0x0000000701000000| Untracked 
| 517|0x0000000701400000, 0x0000000701400000, 0x0000000701800000|  0%| F|  |TAMS 0x0000000701400000| PB 0x0000000701400000| Untracked 
| 518|0x0000000701800000, 0x0000000701800000, 0x0000000701c00000|  0%| F|  |TAMS 0x0000000701800000| PB 0x0000000701800000| Untracked 
| 519|0x0000000701c00000, 0x0000000701c00000, 0x0000000702000000|  0%| F|  |TAMS 0x0000000701c00000| PB 0x0000000701c00000| Untracked 
| 520|0x0000000702000000, 0x0000000702000000, 0x0000000702400000|  0%| F|  |TAMS 0x0000000702000000| PB 0x0000000702000000| Untracked 
| 521|0x0000000702400000, 0x0000000702400000, 0x0000000702800000|  0%| F|  |TAMS 0x0000000702400000| PB 0x0000000702400000| Untracked 
| 522|0x0000000702800000, 0x0000000702800000, 0x0000000702c00000|  0%| F|  |TAMS 0x0000000702800000| PB 0x0000000702800000| Untracked 
| 523|0x0000000702c00000, 0x0000000702c00000, 0x0000000703000000|  0%| F|  |TAMS 0x0000000702c00000| PB 0x0000000702c00000| Untracked 
| 524|0x0000000703000000, 0x0000000703000000, 0x0000000703400000|  0%| F|  |TAMS 0x0000000703000000| PB 0x0000000703000000| Untracked 
| 525|0x0000000703400000, 0x0000000703400000, 0x0000000703800000|  0%| F|  |TAMS 0x0000000703400000| PB 0x0000000703400000| Untracked 
| 526|0x0000000703800000, 0x0000000703800000, 0x0000000703c00000|  0%| F|  |TAMS 0x0000000703800000| PB 0x0000000703800000| Untracked 
| 527|0x0000000703c00000, 0x0000000703c00000, 0x0000000704000000|  0%| F|  |TAMS 0x0000000703c00000| PB 0x0000000703c00000| Untracked 
| 528|0x0000000704000000, 0x0000000704000000, 0x0000000704400000|  0%| F|  |TAMS 0x0000000704000000| PB 0x0000000704000000| Untracked 
| 529|0x0000000704400000, 0x0000000704400000, 0x0000000704800000|  0%| F|  |TAMS 0x0000000704400000| PB 0x0000000704400000| Untracked 
| 530|0x0000000704800000, 0x0000000704800000, 0x0000000704c00000|  0%| F|  |TAMS 0x0000000704800000| PB 0x0000000704800000| Untracked 
| 531|0x0000000704c00000, 0x0000000704c00000, 0x0000000705000000|  0%| F|  |TAMS 0x0000000704c00000| PB 0x0000000704c00000| Untracked 
| 532|0x0000000705000000, 0x0000000705000000, 0x0000000705400000|  0%| F|  |TAMS 0x0000000705000000| PB 0x0000000705000000| Untracked 
| 533|0x0000000705400000, 0x0000000705400000, 0x0000000705800000|  0%| F|  |TAMS 0x0000000705400000| PB 0x0000000705400000| Untracked 
| 534|0x0000000705800000, 0x0000000705800000, 0x0000000705c00000|  0%| F|  |TAMS 0x0000000705800000| PB 0x0000000705800000| Untracked 
| 535|0x0000000705c00000, 0x0000000705c00000, 0x0000000706000000|  0%| F|  |TAMS 0x0000000705c00000| PB 0x0000000705c00000| Untracked 
| 536|0x0000000706000000, 0x0000000706000000, 0x0000000706400000|  0%| F|  |TAMS 0x0000000706000000| PB 0x0000000706000000| Untracked 
| 537|0x0000000706400000, 0x0000000706400000, 0x0000000706800000|  0%| F|  |TAMS 0x0000000706400000| PB 0x0000000706400000| Untracked 
| 538|0x0000000706800000, 0x0000000706800000, 0x0000000706c00000|  0%| F|  |TAMS 0x0000000706800000| PB 0x0000000706800000| Untracked 
| 539|0x0000000706c00000, 0x0000000706c00000, 0x0000000707000000|  0%| F|  |TAMS 0x0000000706c00000| PB 0x0000000706c00000| Untracked 
| 540|0x0000000707000000, 0x0000000707000000, 0x0000000707400000|  0%| F|  |TAMS 0x0000000707000000| PB 0x0000000707000000| Untracked 
| 541|0x0000000707400000, 0x0000000707400000, 0x0000000707800000|  0%| F|  |TAMS 0x0000000707400000| PB 0x0000000707400000| Untracked 
| 542|0x0000000707800000, 0x0000000707800000, 0x0000000707c00000|  0%| F|  |TAMS 0x0000000707800000| PB 0x0000000707800000| Untracked 
| 543|0x0000000707c00000, 0x0000000707c00000, 0x0000000708000000|  0%| F|  |TAMS 0x0000000707c00000| PB 0x0000000707c00000| Untracked 
| 544|0x0000000708000000, 0x0000000708000000, 0x0000000708400000|  0%| F|  |TAMS 0x0000000708000000| PB 0x0000000708000000| Untracked 
| 545|0x0000000708400000, 0x0000000708400000, 0x0000000708800000|  0%| F|  |TAMS 0x0000000708400000| PB 0x0000000708400000| Untracked 
| 546|0x0000000708800000, 0x0000000708800000, 0x0000000708c00000|  0%| F|  |TAMS 0x0000000708800000| PB 0x0000000708800000| Untracked 
| 547|0x0000000708c00000, 0x0000000708c00000, 0x0000000709000000|  0%| F|  |TAMS 0x0000000708c00000| PB 0x0000000708c00000| Untracked 
| 548|0x0000000709000000, 0x0000000709000000, 0x0000000709400000|  0%| F|  |TAMS 0x0000000709000000| PB 0x0000000709000000| Untracked 
| 549|0x0000000709400000, 0x0000000709400000, 0x0000000709800000|  0%| F|  |TAMS 0x0000000709400000| PB 0x0000000709400000| Untracked 
| 550|0x0000000709800000, 0x0000000709800000, 0x0000000709c00000|  0%| F|  |TAMS 0x0000000709800000| PB 0x0000000709800000| Untracked 
| 551|0x0000000709c00000, 0x0000000709c00000, 0x000000070a000000|  0%| F|  |TAMS 0x0000000709c00000| PB 0x0000000709c00000| Untracked 
| 552|0x000000070a000000, 0x000000070a000000, 0x000000070a400000|  0%| F|  |TAMS 0x000000070a000000| PB 0x000000070a000000| Untracked 
| 553|0x000000070a400000, 0x000000070a400000, 0x000000070a800000|  0%| F|  |TAMS 0x000000070a400000| PB 0x000000070a400000| Untracked 
| 554|0x000000070a800000, 0x000000070a800000, 0x000000070ac00000|  0%| F|  |TAMS 0x000000070a800000| PB 0x000000070a800000| Untracked 
| 555|0x000000070ac00000, 0x000000070ac00000, 0x000000070b000000|  0%| F|  |TAMS 0x000000070ac00000| PB 0x000000070ac00000| Untracked 
| 556|0x000000070b000000, 0x000000070b000000, 0x000000070b400000|  0%| F|  |TAMS 0x000000070b000000| PB 0x000000070b000000| Untracked 
| 557|0x000000070b400000, 0x000000070b400000, 0x000000070b800000|  0%| F|  |TAMS 0x000000070b400000| PB 0x000000070b400000| Untracked 
| 558|0x000000070b800000, 0x000000070b800000, 0x000000070bc00000|  0%| F|  |TAMS 0x000000070b800000| PB 0x000000070b800000| Untracked 
| 559|0x000000070bc00000, 0x000000070bc00000, 0x000000070c000000|  0%| F|  |TAMS 0x000000070bc00000| PB 0x000000070bc00000| Untracked 
| 560|0x000000070c000000, 0x000000070c000000, 0x000000070c400000|  0%| F|  |TAMS 0x000000070c000000| PB 0x000000070c000000| Untracked 
| 561|0x000000070c400000, 0x000000070c400000, 0x000000070c800000|  0%| F|  |TAMS 0x000000070c400000| PB 0x000000070c400000| Untracked 
| 562|0x000000070c800000, 0x000000070c800000, 0x000000070cc00000|  0%| F|  |TAMS 0x000000070c800000| PB 0x000000070c800000| Untracked 
| 563|0x000000070cc00000, 0x000000070cc00000, 0x000000070d000000|  0%| F|  |TAMS 0x000000070cc00000| PB 0x000000070cc00000| Untracked 
| 564|0x000000070d000000, 0x000000070d000000, 0x000000070d400000|  0%| F|  |TAMS 0x000000070d000000| PB 0x000000070d000000| Untracked 
| 565|0x000000070d400000, 0x000000070d400000, 0x000000070d800000|  0%| F|  |TAMS 0x000000070d400000| PB 0x000000070d400000| Untracked 
| 566|0x000000070d800000, 0x000000070d800000, 0x000000070dc00000|  0%| F|  |TAMS 0x000000070d800000| PB 0x000000070d800000| Untracked 
| 567|0x000000070dc00000, 0x000000070dc00000, 0x000000070e000000|  0%| F|  |TAMS 0x000000070dc00000| PB 0x000000070dc00000| Untracked 
| 568|0x000000070e000000, 0x000000070e000000, 0x000000070e400000|  0%| F|  |TAMS 0x000000070e000000| PB 0x000000070e000000| Untracked 
| 569|0x000000070e400000, 0x000000070e400000, 0x000000070e800000|  0%| F|  |TAMS 0x000000070e400000| PB 0x000000070e400000| Untracked 
| 570|0x000000070e800000, 0x000000070e800000, 0x000000070ec00000|  0%| F|  |TAMS 0x000000070e800000| PB 0x000000070e800000| Untracked 
| 571|0x000000070ec00000, 0x000000070ec00000, 0x000000070f000000|  0%| F|  |TAMS 0x000000070ec00000| PB 0x000000070ec00000| Untracked 
| 572|0x000000070f000000, 0x000000070f000000, 0x000000070f400000|  0%| F|  |TAMS 0x000000070f000000| PB 0x000000070f000000| Untracked 
| 573|0x000000070f400000, 0x000000070f400000, 0x000000070f800000|  0%| F|  |TAMS 0x000000070f400000| PB 0x000000070f400000| Untracked 
| 574|0x000000070f800000, 0x000000070f800000, 0x000000070fc00000|  0%| F|  |TAMS 0x000000070f800000| PB 0x000000070f800000| Untracked 
| 575|0x000000070fc00000, 0x000000070fc00000, 0x0000000710000000|  0%| F|  |TAMS 0x000000070fc00000| PB 0x000000070fc00000| Untracked 
| 576|0x0000000710000000, 0x0000000710000000, 0x0000000710400000|  0%| F|  |TAMS 0x0000000710000000| PB 0x0000000710000000| Untracked 
| 577|0x0000000710400000, 0x0000000710400000, 0x0000000710800000|  0%| F|  |TAMS 0x0000000710400000| PB 0x0000000710400000| Untracked 
| 578|0x0000000710800000, 0x0000000710800000, 0x0000000710c00000|  0%| F|  |TAMS 0x0000000710800000| PB 0x0000000710800000| Untracked 
| 579|0x0000000710c00000, 0x0000000710c00000, 0x0000000711000000|  0%| F|  |TAMS 0x0000000710c00000| PB 0x0000000710c00000| Untracked 
| 580|0x0000000711000000, 0x0000000711000000, 0x0000000711400000|  0%| F|  |TAMS 0x0000000711000000| PB 0x0000000711000000| Untracked 
| 581|0x0000000711400000, 0x0000000711400000, 0x0000000711800000|  0%| F|  |TAMS 0x0000000711400000| PB 0x0000000711400000| Untracked 
| 582|0x0000000711800000, 0x0000000711800000, 0x0000000711c00000|  0%| F|  |TAMS 0x0000000711800000| PB 0x0000000711800000| Untracked 
| 583|0x0000000711c00000, 0x0000000711c00000, 0x0000000712000000|  0%| F|  |TAMS 0x0000000711c00000| PB 0x0000000711c00000| Untracked 
| 584|0x0000000712000000, 0x0000000712000000, 0x0000000712400000|  0%| F|  |TAMS 0x0000000712000000| PB 0x0000000712000000| Untracked 
| 585|0x0000000712400000, 0x0000000712400000, 0x0000000712800000|  0%| F|  |TAMS 0x0000000712400000| PB 0x0000000712400000| Untracked 
| 586|0x0000000712800000, 0x0000000712800000, 0x0000000712c00000|  0%| F|  |TAMS 0x0000000712800000| PB 0x0000000712800000| Untracked 
| 587|0x0000000712c00000, 0x0000000712c00000, 0x0000000713000000|  0%| F|  |TAMS 0x0000000712c00000| PB 0x0000000712c00000| Untracked 
| 588|0x0000000713000000, 0x0000000713000000, 0x0000000713400000|  0%| F|  |TAMS 0x0000000713000000| PB 0x0000000713000000| Untracked 
| 589|0x0000000713400000, 0x0000000713400000, 0x0000000713800000|  0%| F|  |TAMS 0x0000000713400000| PB 0x0000000713400000| Untracked 
| 590|0x0000000713800000, 0x0000000713800000, 0x0000000713c00000|  0%| F|  |TAMS 0x0000000713800000| PB 0x0000000713800000| Untracked 
| 591|0x0000000713c00000, 0x0000000713c00000, 0x0000000714000000|  0%| F|  |TAMS 0x0000000713c00000| PB 0x0000000713c00000| Untracked 
| 592|0x0000000714000000, 0x0000000714000000, 0x0000000714400000|  0%| F|  |TAMS 0x0000000714000000| PB 0x0000000714000000| Untracked 
| 593|0x0000000714400000, 0x0000000714400000, 0x0000000714800000|  0%| F|  |TAMS 0x0000000714400000| PB 0x0000000714400000| Untracked 
| 594|0x0000000714800000, 0x0000000714800000, 0x0000000714c00000|  0%| F|  |TAMS 0x0000000714800000| PB 0x0000000714800000| Untracked 
| 595|0x0000000714c00000, 0x0000000714c00000, 0x0000000715000000|  0%| F|  |TAMS 0x0000000714c00000| PB 0x0000000714c00000| Untracked 
| 596|0x0000000715000000, 0x0000000715000000, 0x0000000715400000|  0%| F|  |TAMS 0x0000000715000000| PB 0x0000000715000000| Untracked 
| 597|0x0000000715400000, 0x0000000715400000, 0x0000000715800000|  0%| F|  |TAMS 0x0000000715400000| PB 0x0000000715400000| Untracked 
| 598|0x0000000715800000, 0x0000000715800000, 0x0000000715c00000|  0%| F|  |TAMS 0x0000000715800000| PB 0x0000000715800000| Untracked 
| 599|0x0000000715c00000, 0x0000000715c00000, 0x0000000716000000|  0%| F|  |TAMS 0x0000000715c00000| PB 0x0000000715c00000| Untracked 
| 600|0x0000000716000000, 0x0000000716000000, 0x0000000716400000|  0%| F|  |TAMS 0x0000000716000000| PB 0x0000000716000000| Untracked 
| 601|0x0000000716400000, 0x0000000716400000, 0x0000000716800000|  0%| F|  |TAMS 0x0000000716400000| PB 0x0000000716400000| Untracked 
| 602|0x0000000716800000, 0x0000000716800000, 0x0000000716c00000|  0%| F|  |TAMS 0x0000000716800000| PB 0x0000000716800000| Untracked 
| 603|0x0000000716c00000, 0x0000000716c00000, 0x0000000717000000|  0%| F|  |TAMS 0x0000000716c00000| PB 0x0000000716c00000| Untracked 
| 604|0x0000000717000000, 0x0000000717000000, 0x0000000717400000|  0%| F|  |TAMS 0x0000000717000000| PB 0x0000000717000000| Untracked 
| 605|0x0000000717400000, 0x0000000717400000, 0x0000000717800000|  0%| F|  |TAMS 0x0000000717400000| PB 0x0000000717400000| Untracked 
| 606|0x0000000717800000, 0x0000000717800000, 0x0000000717c00000|  0%| F|  |TAMS 0x0000000717800000| PB 0x0000000717800000| Untracked 
| 607|0x0000000717c00000, 0x0000000717c00000, 0x0000000718000000|  0%| F|  |TAMS 0x0000000717c00000| PB 0x0000000717c00000| Untracked 
| 608|0x0000000718000000, 0x0000000718000000, 0x0000000718400000|  0%| F|  |TAMS 0x0000000718000000| PB 0x0000000718000000| Untracked 
| 609|0x0000000718400000, 0x0000000718400000, 0x0000000718800000|  0%| F|  |TAMS 0x0000000718400000| PB 0x0000000718400000| Untracked 
| 610|0x0000000718800000, 0x0000000718800000, 0x0000000718c00000|  0%| F|  |TAMS 0x0000000718800000| PB 0x0000000718800000| Untracked 
| 611|0x0000000718c00000, 0x0000000718c00000, 0x0000000719000000|  0%| F|  |TAMS 0x0000000718c00000| PB 0x0000000718c00000| Untracked 
| 612|0x0000000719000000, 0x0000000719000000, 0x0000000719400000|  0%| F|  |TAMS 0x0000000719000000| PB 0x0000000719000000| Untracked 
| 613|0x0000000719400000, 0x00000007196058a8, 0x0000000719800000| 50%| E|  |TAMS 0x0000000719400000| PB 0x0000000719400000| Complete 
| 614|0x0000000719800000, 0x0000000719c00000, 0x0000000719c00000|100%| E|CS|TAMS 0x0000000719800000| PB 0x0000000719800000| Complete 
| 615|0x0000000719c00000, 0x000000071a000000, 0x000000071a000000|100%| E|CS|TAMS 0x0000000719c00000| PB 0x0000000719c00000| Complete 
| 616|0x000000071a000000, 0x000000071a400000, 0x000000071a400000|100%| E|CS|TAMS 0x000000071a000000| PB 0x000000071a000000| Complete 
| 617|0x000000071a400000, 0x000000071a800000, 0x000000071a800000|100%| E|CS|TAMS 0x000000071a400000| PB 0x000000071a400000| Complete 
| 618|0x000000071a800000, 0x000000071ac00000, 0x000000071ac00000|100%| E|CS|TAMS 0x000000071a800000| PB 0x000000071a800000| Complete 
| 619|0x000000071ac00000, 0x000000071b000000, 0x000000071b000000|100%| E|CS|TAMS 0x000000071ac00000| PB 0x000000071ac00000| Complete 
| 620|0x000000071b000000, 0x000000071b400000, 0x000000071b400000|100%| E|CS|TAMS 0x000000071b000000| PB 0x000000071b000000| Complete 
| 621|0x000000071b400000, 0x000000071b800000, 0x000000071b800000|100%| E|CS|TAMS 0x000000071b400000| PB 0x000000071b400000| Complete 
| 622|0x000000071b800000, 0x000000071bc00000, 0x000000071bc00000|100%| E|CS|TAMS 0x000000071b800000| PB 0x000000071b800000| Complete 
| 623|0x000000071bc00000, 0x000000071c000000, 0x000000071c000000|100%| E|CS|TAMS 0x000000071bc00000| PB 0x000000071bc00000| Complete 
| 624|0x000000071c000000, 0x000000071c400000, 0x000000071c400000|100%| E|CS|TAMS 0x000000071c000000| PB 0x000000071c000000| Complete 
| 625|0x000000071c400000, 0x000000071c800000, 0x000000071c800000|100%| E|CS|TAMS 0x000000071c400000| PB 0x000000071c400000| Complete 
| 626|0x000000071c800000, 0x000000071cc00000, 0x000000071cc00000|100%| E|CS|TAMS 0x000000071c800000| PB 0x000000071c800000| Complete 
| 627|0x000000071cc00000, 0x000000071d000000, 0x000000071d000000|100%| E|CS|TAMS 0x000000071cc00000| PB 0x000000071cc00000| Complete 
| 628|0x000000071d000000, 0x000000071d400000, 0x000000071d400000|100%| E|CS|TAMS 0x000000071d000000| PB 0x000000071d000000| Complete 
| 629|0x000000071d400000, 0x000000071d800000, 0x000000071d800000|100%| E|CS|TAMS 0x000000071d400000| PB 0x000000071d400000| Complete 
| 630|0x000000071d800000, 0x000000071dc00000, 0x000000071dc00000|100%| E|CS|TAMS 0x000000071d800000| PB 0x000000071d800000| Complete 
| 631|0x000000071dc00000, 0x000000071e000000, 0x000000071e000000|100%| E|CS|TAMS 0x000000071dc00000| PB 0x000000071dc00000| Complete 
| 632|0x000000071e000000, 0x000000071e400000, 0x000000071e400000|100%| E|CS|TAMS 0x000000071e000000| PB 0x000000071e000000| Complete 
| 633|0x000000071e400000, 0x000000071e800000, 0x000000071e800000|100%| E|CS|TAMS 0x000000071e400000| PB 0x000000071e400000| Complete 
| 634|0x000000071e800000, 0x000000071ec00000, 0x000000071ec00000|100%| E|CS|TAMS 0x000000071e800000| PB 0x000000071e800000| Complete 
| 635|0x000000071ec00000, 0x000000071f000000, 0x000000071f000000|100%| E|CS|TAMS 0x000000071ec00000| PB 0x000000071ec00000| Complete 
| 636|0x000000071f000000, 0x000000071f400000, 0x000000071f400000|100%| E|CS|TAMS 0x000000071f000000| PB 0x000000071f000000| Complete 
| 637|0x000000071f400000, 0x000000071f800000, 0x000000071f800000|100%| E|CS|TAMS 0x000000071f400000| PB 0x000000071f400000| Complete 
| 638|0x000000071f800000, 0x000000071fc00000, 0x000000071fc00000|100%| E|CS|TAMS 0x000000071f800000| PB 0x000000071f800000| Complete 
| 639|0x000000071fc00000, 0x0000000720000000, 0x0000000720000000|100%| E|CS|TAMS 0x000000071fc00000| PB 0x000000071fc00000| Complete 
| 640|0x0000000720000000, 0x0000000720400000, 0x0000000720400000|100%| E|CS|TAMS 0x0000000720000000| PB 0x0000000720000000| Complete 
| 641|0x0000000720400000, 0x0000000720800000, 0x0000000720800000|100%| E|CS|TAMS 0x0000000720400000| PB 0x0000000720400000| Complete 
| 642|0x0000000720800000, 0x0000000720c00000, 0x0000000720c00000|100%| E|CS|TAMS 0x0000000720800000| PB 0x0000000720800000| Complete 
| 643|0x0000000720c00000, 0x0000000721000000, 0x0000000721000000|100%| E|CS|TAMS 0x0000000720c00000| PB 0x0000000720c00000| Complete 
| 644|0x0000000721000000, 0x0000000721400000, 0x0000000721400000|100%| E|CS|TAMS 0x0000000721000000| PB 0x0000000721000000| Complete 
| 645|0x0000000721400000, 0x0000000721800000, 0x0000000721800000|100%| E|CS|TAMS 0x0000000721400000| PB 0x0000000721400000| Complete 
| 646|0x0000000721800000, 0x0000000721c00000, 0x0000000721c00000|100%| E|CS|TAMS 0x0000000721800000| PB 0x0000000721800000| Complete 
| 647|0x0000000721c00000, 0x0000000722000000, 0x0000000722000000|100%| E|CS|TAMS 0x0000000721c00000| PB 0x0000000721c00000| Complete 
| 648|0x0000000722000000, 0x0000000722400000, 0x0000000722400000|100%| E|CS|TAMS 0x0000000722000000| PB 0x0000000722000000| Complete 
| 649|0x0000000722400000, 0x0000000722800000, 0x0000000722800000|100%| E|CS|TAMS 0x0000000722400000| PB 0x0000000722400000| Complete 
| 650|0x0000000722800000, 0x0000000722c00000, 0x0000000722c00000|100%| E|CS|TAMS 0x0000000722800000| PB 0x0000000722800000| Complete 
| 651|0x0000000722c00000, 0x0000000723000000, 0x0000000723000000|100%| E|CS|TAMS 0x0000000722c00000| PB 0x0000000722c00000| Complete 
| 652|0x0000000723000000, 0x0000000723400000, 0x0000000723400000|100%| E|CS|TAMS 0x0000000723000000| PB 0x0000000723000000| Complete 
| 653|0x0000000723400000, 0x0000000723800000, 0x0000000723800000|100%| E|CS|TAMS 0x0000000723400000| PB 0x0000000723400000| Complete 
| 654|0x0000000723800000, 0x0000000723c00000, 0x0000000723c00000|100%| E|CS|TAMS 0x0000000723800000| PB 0x0000000723800000| Complete 
| 655|0x0000000723c00000, 0x0000000724000000, 0x0000000724000000|100%| E|CS|TAMS 0x0000000723c00000| PB 0x0000000723c00000| Complete 
| 656|0x0000000724000000, 0x0000000724400000, 0x0000000724400000|100%| E|CS|TAMS 0x0000000724000000| PB 0x0000000724000000| Complete 
| 657|0x0000000724400000, 0x0000000724800000, 0x0000000724800000|100%| E|CS|TAMS 0x0000000724400000| PB 0x0000000724400000| Complete 
| 658|0x0000000724800000, 0x0000000724c00000, 0x0000000724c00000|100%| E|CS|TAMS 0x0000000724800000| PB 0x0000000724800000| Complete 
| 659|0x0000000724c00000, 0x0000000725000000, 0x0000000725000000|100%| E|CS|TAMS 0x0000000724c00000| PB 0x0000000724c00000| Complete 
| 660|0x0000000725000000, 0x0000000725400000, 0x0000000725400000|100%| E|CS|TAMS 0x0000000725000000| PB 0x0000000725000000| Complete 
| 661|0x0000000725400000, 0x0000000725800000, 0x0000000725800000|100%| E|CS|TAMS 0x0000000725400000| PB 0x0000000725400000| Complete 
| 662|0x0000000725800000, 0x0000000725c00000, 0x0000000725c00000|100%| E|CS|TAMS 0x0000000725800000| PB 0x0000000725800000| Complete 
| 663|0x0000000725c00000, 0x0000000726000000, 0x0000000726000000|100%| E|CS|TAMS 0x0000000725c00000| PB 0x0000000725c00000| Complete 
| 664|0x0000000726000000, 0x0000000726400000, 0x0000000726400000|100%| E|CS|TAMS 0x0000000726000000| PB 0x0000000726000000| Complete 
| 665|0x0000000726400000, 0x0000000726800000, 0x0000000726800000|100%| E|CS|TAMS 0x0000000726400000| PB 0x0000000726400000| Complete 
| 666|0x0000000726800000, 0x0000000726c00000, 0x0000000726c00000|100%| E|CS|TAMS 0x0000000726800000| PB 0x0000000726800000| Complete 
| 667|0x0000000726c00000, 0x0000000727000000, 0x0000000727000000|100%| E|CS|TAMS 0x0000000726c00000| PB 0x0000000726c00000| Complete 
| 668|0x0000000727000000, 0x0000000727400000, 0x0000000727400000|100%| E|CS|TAMS 0x0000000727000000| PB 0x0000000727000000| Complete 
| 669|0x0000000727400000, 0x0000000727800000, 0x0000000727800000|100%| E|CS|TAMS 0x0000000727400000| PB 0x0000000727400000| Complete 
| 670|0x0000000727800000, 0x0000000727c00000, 0x0000000727c00000|100%| E|CS|TAMS 0x0000000727800000| PB 0x0000000727800000| Complete 
| 671|0x0000000727c00000, 0x0000000728000000, 0x0000000728000000|100%| E|CS|TAMS 0x0000000727c00000| PB 0x0000000727c00000| Complete 
| 672|0x0000000728000000, 0x0000000728400000, 0x0000000728400000|100%| E|CS|TAMS 0x0000000728000000| PB 0x0000000728000000| Complete 
| 673|0x0000000728400000, 0x0000000728800000, 0x0000000728800000|100%| E|CS|TAMS 0x0000000728400000| PB 0x0000000728400000| Complete 
| 674|0x0000000728800000, 0x0000000728c00000, 0x0000000728c00000|100%| E|CS|TAMS 0x0000000728800000| PB 0x0000000728800000| Complete 
| 675|0x0000000728c00000, 0x0000000729000000, 0x0000000729000000|100%| E|CS|TAMS 0x0000000728c00000| PB 0x0000000728c00000| Complete 
| 676|0x0000000729000000, 0x0000000729400000, 0x0000000729400000|100%| E|CS|TAMS 0x0000000729000000| PB 0x0000000729000000| Complete 
| 677|0x0000000729400000, 0x0000000729800000, 0x0000000729800000|100%| E|CS|TAMS 0x0000000729400000| PB 0x0000000729400000| Complete 
| 678|0x0000000729800000, 0x0000000729c00000, 0x0000000729c00000|100%| E|CS|TAMS 0x0000000729800000| PB 0x0000000729800000| Complete 
| 679|0x0000000729c00000, 0x000000072a000000, 0x000000072a000000|100%| E|CS|TAMS 0x0000000729c00000| PB 0x0000000729c00000| Complete 
| 680|0x000000072a000000, 0x000000072a400000, 0x000000072a400000|100%| E|CS|TAMS 0x000000072a000000| PB 0x000000072a000000| Complete 
| 681|0x000000072a400000, 0x000000072a800000, 0x000000072a800000|100%| E|CS|TAMS 0x000000072a400000| PB 0x000000072a400000| Complete 
| 682|0x000000072a800000, 0x000000072ac00000, 0x000000072ac00000|100%| E|CS|TAMS 0x000000072a800000| PB 0x000000072a800000| Complete 
| 683|0x000000072ac00000, 0x000000072b000000, 0x000000072b000000|100%| E|CS|TAMS 0x000000072ac00000| PB 0x000000072ac00000| Complete 
| 684|0x000000072b000000, 0x000000072b400000, 0x000000072b400000|100%| E|CS|TAMS 0x000000072b000000| PB 0x000000072b000000| Complete 
| 685|0x000000072b400000, 0x000000072b800000, 0x000000072b800000|100%| E|CS|TAMS 0x000000072b400000| PB 0x000000072b400000| Complete 
| 686|0x000000072b800000, 0x000000072bc00000, 0x000000072bc00000|100%| E|CS|TAMS 0x000000072b800000| PB 0x000000072b800000| Complete 
| 687|0x000000072bc00000, 0x000000072c000000, 0x000000072c000000|100%| E|CS|TAMS 0x000000072bc00000| PB 0x000000072bc00000| Complete 
| 688|0x000000072c000000, 0x000000072c400000, 0x000000072c400000|100%| E|CS|TAMS 0x000000072c000000| PB 0x000000072c000000| Complete 
| 689|0x000000072c400000, 0x000000072c800000, 0x000000072c800000|100%| E|CS|TAMS 0x000000072c400000| PB 0x000000072c400000| Complete 
| 690|0x000000072c800000, 0x000000072cc00000, 0x000000072cc00000|100%| E|CS|TAMS 0x000000072c800000| PB 0x000000072c800000| Complete 
| 691|0x000000072cc00000, 0x000000072d000000, 0x000000072d000000|100%| E|CS|TAMS 0x000000072cc00000| PB 0x000000072cc00000| Complete 
| 692|0x000000072d000000, 0x000000072d400000, 0x000000072d400000|100%| E|CS|TAMS 0x000000072d000000| PB 0x000000072d000000| Complete 
| 693|0x000000072d400000, 0x000000072d800000, 0x000000072d800000|100%| E|CS|TAMS 0x000000072d400000| PB 0x000000072d400000| Complete 
| 694|0x000000072d800000, 0x000000072dc00000, 0x000000072dc00000|100%| E|CS|TAMS 0x000000072d800000| PB 0x000000072d800000| Complete 
| 695|0x000000072dc00000, 0x000000072e000000, 0x000000072e000000|100%| E|CS|TAMS 0x000000072dc00000| PB 0x000000072dc00000| Complete 
| 696|0x000000072e000000, 0x000000072e400000, 0x000000072e400000|100%| E|CS|TAMS 0x000000072e000000| PB 0x000000072e000000| Complete 
| 697|0x000000072e400000, 0x000000072e800000, 0x000000072e800000|100%| E|CS|TAMS 0x000000072e400000| PB 0x000000072e400000| Complete 
| 698|0x000000072e800000, 0x000000072ec00000, 0x000000072ec00000|100%| E|CS|TAMS 0x000000072e800000| PB 0x000000072e800000| Complete 
| 699|0x000000072ec00000, 0x000000072f000000, 0x000000072f000000|100%| E|CS|TAMS 0x000000072ec00000| PB 0x000000072ec00000| Complete 
| 700|0x000000072f000000, 0x000000072f400000, 0x000000072f400000|100%| E|CS|TAMS 0x000000072f000000| PB 0x000000072f000000| Complete 
| 701|0x000000072f400000, 0x000000072f800000, 0x000000072f800000|100%| E|CS|TAMS 0x000000072f400000| PB 0x000000072f400000| Complete 
| 702|0x000000072f800000, 0x000000072fc00000, 0x000000072fc00000|100%| E|CS|TAMS 0x000000072f800000| PB 0x000000072f800000| Complete 
| 703|0x000000072fc00000, 0x0000000730000000, 0x0000000730000000|100%| E|CS|TAMS 0x000000072fc00000| PB 0x000000072fc00000| Complete 
| 704|0x0000000730000000, 0x0000000730400000, 0x0000000730400000|100%| E|CS|TAMS 0x0000000730000000| PB 0x0000000730000000| Complete 
| 705|0x0000000730400000, 0x0000000730800000, 0x0000000730800000|100%| E|CS|TAMS 0x0000000730400000| PB 0x0000000730400000| Complete 
| 706|0x0000000730800000, 0x0000000730c00000, 0x0000000730c00000|100%| E|CS|TAMS 0x0000000730800000| PB 0x0000000730800000| Complete 
| 707|0x0000000730c00000, 0x0000000731000000, 0x0000000731000000|100%| E|CS|TAMS 0x0000000730c00000| PB 0x0000000730c00000| Complete 
| 708|0x0000000731000000, 0x0000000731400000, 0x0000000731400000|100%| E|CS|TAMS 0x0000000731000000| PB 0x0000000731000000| Complete 
| 709|0x0000000731400000, 0x0000000731800000, 0x0000000731800000|100%| E|CS|TAMS 0x0000000731400000| PB 0x0000000731400000| Complete 
| 710|0x0000000731800000, 0x0000000731c00000, 0x0000000731c00000|100%| E|CS|TAMS 0x0000000731800000| PB 0x0000000731800000| Complete 
| 711|0x0000000731c00000, 0x0000000732000000, 0x0000000732000000|100%| E|CS|TAMS 0x0000000731c00000| PB 0x0000000731c00000| Complete 
| 712|0x0000000732000000, 0x0000000732400000, 0x0000000732400000|100%| E|CS|TAMS 0x0000000732000000| PB 0x0000000732000000| Complete 
| 713|0x0000000732400000, 0x0000000732800000, 0x0000000732800000|100%| E|CS|TAMS 0x0000000732400000| PB 0x0000000732400000| Complete 
| 714|0x0000000732800000, 0x0000000732c00000, 0x0000000732c00000|100%| E|CS|TAMS 0x0000000732800000| PB 0x0000000732800000| Complete 
| 715|0x0000000732c00000, 0x0000000733000000, 0x0000000733000000|100%| E|CS|TAMS 0x0000000732c00000| PB 0x0000000732c00000| Complete 
| 716|0x0000000733000000, 0x0000000733400000, 0x0000000733400000|100%| E|CS|TAMS 0x0000000733000000| PB 0x0000000733000000| Complete 
| 717|0x0000000733400000, 0x0000000733800000, 0x0000000733800000|100%| E|CS|TAMS 0x0000000733400000| PB 0x0000000733400000| Complete 
| 718|0x0000000733800000, 0x0000000733c00000, 0x0000000733c00000|100%| E|CS|TAMS 0x0000000733800000| PB 0x0000000733800000| Complete 
| 719|0x0000000733c00000, 0x0000000734000000, 0x0000000734000000|100%| E|CS|TAMS 0x0000000733c00000| PB 0x0000000733c00000| Complete 
| 720|0x0000000734000000, 0x0000000734400000, 0x0000000734400000|100%| E|CS|TAMS 0x0000000734000000| PB 0x0000000734000000| Complete 
| 721|0x0000000734400000, 0x0000000734800000, 0x0000000734800000|100%| E|CS|TAMS 0x0000000734400000| PB 0x0000000734400000| Complete 
| 722|0x0000000734800000, 0x0000000734c00000, 0x0000000734c00000|100%| E|CS|TAMS 0x0000000734800000| PB 0x0000000734800000| Complete 
| 723|0x0000000734c00000, 0x0000000735000000, 0x0000000735000000|100%| E|CS|TAMS 0x0000000734c00000| PB 0x0000000734c00000| Complete 
| 724|0x0000000735000000, 0x0000000735400000, 0x0000000735400000|100%| E|CS|TAMS 0x0000000735000000| PB 0x0000000735000000| Complete 
| 725|0x0000000735400000, 0x0000000735800000, 0x0000000735800000|100%| E|CS|TAMS 0x0000000735400000| PB 0x0000000735400000| Complete 
| 726|0x0000000735800000, 0x0000000735c00000, 0x0000000735c00000|100%| E|CS|TAMS 0x0000000735800000| PB 0x0000000735800000| Complete 
| 727|0x0000000735c00000, 0x0000000736000000, 0x0000000736000000|100%| E|CS|TAMS 0x0000000735c00000| PB 0x0000000735c00000| Complete 
| 728|0x0000000736000000, 0x0000000736400000, 0x0000000736400000|100%| E|CS|TAMS 0x0000000736000000| PB 0x0000000736000000| Complete 
| 729|0x0000000736400000, 0x0000000736800000, 0x0000000736800000|100%| E|CS|TAMS 0x0000000736400000| PB 0x0000000736400000| Complete 
| 730|0x0000000736800000, 0x0000000736c00000, 0x0000000736c00000|100%| E|CS|TAMS 0x0000000736800000| PB 0x0000000736800000| Complete 
| 731|0x0000000736c00000, 0x0000000737000000, 0x0000000737000000|100%| E|CS|TAMS 0x0000000736c00000| PB 0x0000000736c00000| Complete 
| 732|0x0000000737000000, 0x0000000737400000, 0x0000000737400000|100%| E|CS|TAMS 0x0000000737000000| PB 0x0000000737000000| Complete 
| 733|0x0000000737400000, 0x0000000737800000, 0x0000000737800000|100%| E|CS|TAMS 0x0000000737400000| PB 0x0000000737400000| Complete 
| 734|0x0000000737800000, 0x0000000737c00000, 0x0000000737c00000|100%| E|CS|TAMS 0x0000000737800000| PB 0x0000000737800000| Complete 
| 735|0x0000000737c00000, 0x0000000738000000, 0x0000000738000000|100%| E|CS|TAMS 0x0000000737c00000| PB 0x0000000737c00000| Complete 
| 736|0x0000000738000000, 0x0000000738400000, 0x0000000738400000|100%| E|CS|TAMS 0x0000000738000000| PB 0x0000000738000000| Complete 
| 737|0x0000000738400000, 0x0000000738800000, 0x0000000738800000|100%| E|CS|TAMS 0x0000000738400000| PB 0x0000000738400000| Complete 
| 738|0x0000000738800000, 0x0000000738c00000, 0x0000000738c00000|100%| E|CS|TAMS 0x0000000738800000| PB 0x0000000738800000| Complete 
| 739|0x0000000738c00000, 0x0000000739000000, 0x0000000739000000|100%| E|CS|TAMS 0x0000000738c00000| PB 0x0000000738c00000| Complete 
| 740|0x0000000739000000, 0x0000000739400000, 0x0000000739400000|100%| E|CS|TAMS 0x0000000739000000| PB 0x0000000739000000| Complete 
| 741|0x0000000739400000, 0x0000000739800000, 0x0000000739800000|100%| E|CS|TAMS 0x0000000739400000| PB 0x0000000739400000| Complete 
| 742|0x0000000739800000, 0x0000000739c00000, 0x0000000739c00000|100%| E|CS|TAMS 0x0000000739800000| PB 0x0000000739800000| Complete 
| 743|0x0000000739c00000, 0x000000073a000000, 0x000000073a000000|100%| E|CS|TAMS 0x0000000739c00000| PB 0x0000000739c00000| Complete 
| 744|0x000000073a000000, 0x000000073a400000, 0x000000073a400000|100%| E|CS|TAMS 0x000000073a000000| PB 0x000000073a000000| Complete 
| 745|0x000000073a400000, 0x000000073a800000, 0x000000073a800000|100%| E|CS|TAMS 0x000000073a400000| PB 0x000000073a400000| Complete 
| 746|0x000000073a800000, 0x000000073ac00000, 0x000000073ac00000|100%| E|CS|TAMS 0x000000073a800000| PB 0x000000073a800000| Complete 
| 747|0x000000073ac00000, 0x000000073b000000, 0x000000073b000000|100%| E|CS|TAMS 0x000000073ac00000| PB 0x000000073ac00000| Complete 
| 748|0x000000073b000000, 0x000000073b400000, 0x000000073b400000|100%| E|CS|TAMS 0x000000073b000000| PB 0x000000073b000000| Complete 
| 749|0x000000073b400000, 0x000000073b800000, 0x000000073b800000|100%| E|CS|TAMS 0x000000073b400000| PB 0x000000073b400000| Complete 
| 750|0x000000073b800000, 0x000000073bc00000, 0x000000073bc00000|100%| E|CS|TAMS 0x000000073b800000| PB 0x000000073b800000| Complete 
| 751|0x000000073bc00000, 0x000000073c000000, 0x000000073c000000|100%| E|CS|TAMS 0x000000073bc00000| PB 0x000000073bc00000| Complete 
| 752|0x000000073c000000, 0x000000073c400000, 0x000000073c400000|100%| E|CS|TAMS 0x000000073c000000| PB 0x000000073c000000| Complete 
| 753|0x000000073c400000, 0x000000073c800000, 0x000000073c800000|100%| E|CS|TAMS 0x000000073c400000| PB 0x000000073c400000| Complete 
| 754|0x000000073c800000, 0x000000073cc00000, 0x000000073cc00000|100%| E|CS|TAMS 0x000000073c800000| PB 0x000000073c800000| Complete 
| 755|0x000000073cc00000, 0x000000073d000000, 0x000000073d000000|100%| E|CS|TAMS 0x000000073cc00000| PB 0x000000073cc00000| Complete 
| 756|0x000000073d000000, 0x000000073d400000, 0x000000073d400000|100%| E|CS|TAMS 0x000000073d000000| PB 0x000000073d000000| Complete 
| 757|0x000000073d400000, 0x000000073d800000, 0x000000073d800000|100%| E|CS|TAMS 0x000000073d400000| PB 0x000000073d400000| Complete 
| 758|0x000000073d800000, 0x000000073dc00000, 0x000000073dc00000|100%| E|CS|TAMS 0x000000073d800000| PB 0x000000073d800000| Complete 
| 759|0x000000073dc00000, 0x000000073e000000, 0x000000073e000000|100%| E|CS|TAMS 0x000000073dc00000| PB 0x000000073dc00000| Complete 
| 760|0x000000073e000000, 0x000000073e400000, 0x000000073e400000|100%| E|CS|TAMS 0x000000073e000000| PB 0x000000073e000000| Complete 
| 761|0x000000073e400000, 0x000000073e800000, 0x000000073e800000|100%| E|CS|TAMS 0x000000073e400000| PB 0x000000073e400000| Complete 
| 762|0x000000073e800000, 0x000000073ec00000, 0x000000073ec00000|100%| E|CS|TAMS 0x000000073e800000| PB 0x000000073e800000| Complete 
| 763|0x000000073ec00000, 0x000000073f000000, 0x000000073f000000|100%| E|CS|TAMS 0x000000073ec00000| PB 0x000000073ec00000| Complete 
| 764|0x000000073f000000, 0x000000073f400000, 0x000000073f400000|100%| E|CS|TAMS 0x000000073f000000| PB 0x000000073f000000| Complete 
| 765|0x000000073f400000, 0x000000073f800000, 0x000000073f800000|100%| E|CS|TAMS 0x000000073f400000| PB 0x000000073f400000| Complete 
| 766|0x000000073f800000, 0x000000073fc00000, 0x000000073fc00000|100%| E|CS|TAMS 0x000000073f800000| PB 0x000000073f800000| Complete 
| 767|0x000000073fc00000, 0x0000000740000000, 0x0000000740000000|100%| E|CS|TAMS 0x000000073fc00000| PB 0x000000073fc00000| Complete 
| 768|0x0000000740000000, 0x0000000740400000, 0x0000000740400000|100%| E|CS|TAMS 0x0000000740000000| PB 0x0000000740000000| Complete 
| 769|0x0000000740400000, 0x0000000740800000, 0x0000000740800000|100%| E|CS|TAMS 0x0000000740400000| PB 0x0000000740400000| Complete 
| 770|0x0000000740800000, 0x0000000740c00000, 0x0000000740c00000|100%| E|CS|TAMS 0x0000000740800000| PB 0x0000000740800000| Complete 
| 771|0x0000000740c00000, 0x0000000741000000, 0x0000000741000000|100%| E|CS|TAMS 0x0000000740c00000| PB 0x0000000740c00000| Complete 
| 772|0x0000000741000000, 0x0000000741400000, 0x0000000741400000|100%| E|CS|TAMS 0x0000000741000000| PB 0x0000000741000000| Complete 
| 773|0x0000000741400000, 0x0000000741800000, 0x0000000741800000|100%| E|CS|TAMS 0x0000000741400000| PB 0x0000000741400000| Complete 
| 774|0x0000000741800000, 0x0000000741c00000, 0x0000000741c00000|100%| E|CS|TAMS 0x0000000741800000| PB 0x0000000741800000| Complete 
| 775|0x0000000741c00000, 0x0000000742000000, 0x0000000742000000|100%| E|CS|TAMS 0x0000000741c00000| PB 0x0000000741c00000| Complete 
| 776|0x0000000742000000, 0x0000000742400000, 0x0000000742400000|100%| E|CS|TAMS 0x0000000742000000| PB 0x0000000742000000| Complete 
| 777|0x0000000742400000, 0x0000000742800000, 0x0000000742800000|100%| E|CS|TAMS 0x0000000742400000| PB 0x0000000742400000| Complete 
| 778|0x0000000742800000, 0x0000000742c00000, 0x0000000742c00000|100%| E|CS|TAMS 0x0000000742800000| PB 0x0000000742800000| Complete 
| 779|0x0000000742c00000, 0x0000000743000000, 0x0000000743000000|100%| E|CS|TAMS 0x0000000742c00000| PB 0x0000000742c00000| Complete 
| 780|0x0000000743000000, 0x0000000743400000, 0x0000000743400000|100%| E|CS|TAMS 0x0000000743000000| PB 0x0000000743000000| Complete 
| 781|0x0000000743400000, 0x0000000743800000, 0x0000000743800000|100%| E|CS|TAMS 0x0000000743400000| PB 0x0000000743400000| Complete 
| 782|0x0000000743800000, 0x0000000743c00000, 0x0000000743c00000|100%| E|CS|TAMS 0x0000000743800000| PB 0x0000000743800000| Complete 
| 783|0x0000000743c00000, 0x0000000744000000, 0x0000000744000000|100%| E|CS|TAMS 0x0000000743c00000| PB 0x0000000743c00000| Complete 
| 784|0x0000000744000000, 0x0000000744400000, 0x0000000744400000|100%| E|CS|TAMS 0x0000000744000000| PB 0x0000000744000000| Complete 
| 785|0x0000000744400000, 0x0000000744800000, 0x0000000744800000|100%| E|CS|TAMS 0x0000000744400000| PB 0x0000000744400000| Complete 
| 786|0x0000000744800000, 0x0000000744c00000, 0x0000000744c00000|100%| E|CS|TAMS 0x0000000744800000| PB 0x0000000744800000| Complete 
| 787|0x0000000744c00000, 0x0000000745000000, 0x0000000745000000|100%| E|CS|TAMS 0x0000000744c00000| PB 0x0000000744c00000| Complete 
| 788|0x0000000745000000, 0x0000000745400000, 0x0000000745400000|100%| E|CS|TAMS 0x0000000745000000| PB 0x0000000745000000| Complete 
| 789|0x0000000745400000, 0x0000000745800000, 0x0000000745800000|100%| E|CS|TAMS 0x0000000745400000| PB 0x0000000745400000| Complete 
| 790|0x0000000745800000, 0x0000000745c00000, 0x0000000745c00000|100%| E|CS|TAMS 0x0000000745800000| PB 0x0000000745800000| Complete 
| 791|0x0000000745c00000, 0x0000000746000000, 0x0000000746000000|100%| E|CS|TAMS 0x0000000745c00000| PB 0x0000000745c00000| Complete 
| 792|0x0000000746000000, 0x0000000746400000, 0x0000000746400000|100%| E|CS|TAMS 0x0000000746000000| PB 0x0000000746000000| Complete 
| 793|0x0000000746400000, 0x0000000746800000, 0x0000000746800000|100%| E|CS|TAMS 0x0000000746400000| PB 0x0000000746400000| Complete 
| 794|0x0000000746800000, 0x0000000746c00000, 0x0000000746c00000|100%| E|CS|TAMS 0x0000000746800000| PB 0x0000000746800000| Complete 
| 795|0x0000000746c00000, 0x0000000747000000, 0x0000000747000000|100%| E|CS|TAMS 0x0000000746c00000| PB 0x0000000746c00000| Complete 
| 796|0x0000000747000000, 0x0000000747400000, 0x0000000747400000|100%| E|CS|TAMS 0x0000000747000000| PB 0x0000000747000000| Complete 
| 797|0x0000000747400000, 0x0000000747800000, 0x0000000747800000|100%| E|CS|TAMS 0x0000000747400000| PB 0x0000000747400000| Complete 
| 798|0x0000000747800000, 0x0000000747c00000, 0x0000000747c00000|100%| E|CS|TAMS 0x0000000747800000| PB 0x0000000747800000| Complete 
| 799|0x0000000747c00000, 0x0000000748000000, 0x0000000748000000|100%| E|CS|TAMS 0x0000000747c00000| PB 0x0000000747c00000| Complete 
| 800|0x0000000748000000, 0x0000000748400000, 0x0000000748400000|100%| E|CS|TAMS 0x0000000748000000| PB 0x0000000748000000| Complete 
| 801|0x0000000748400000, 0x0000000748800000, 0x0000000748800000|100%| E|CS|TAMS 0x0000000748400000| PB 0x0000000748400000| Complete 
| 802|0x0000000748800000, 0x0000000748c00000, 0x0000000748c00000|100%| E|CS|TAMS 0x0000000748800000| PB 0x0000000748800000| Complete 
| 803|0x0000000748c00000, 0x0000000749000000, 0x0000000749000000|100%| E|CS|TAMS 0x0000000748c00000| PB 0x0000000748c00000| Complete 
| 804|0x0000000749000000, 0x0000000749400000, 0x0000000749400000|100%| E|CS|TAMS 0x0000000749000000| PB 0x0000000749000000| Complete 
| 805|0x0000000749400000, 0x0000000749800000, 0x0000000749800000|100%| E|CS|TAMS 0x0000000749400000| PB 0x0000000749400000| Complete 
| 806|0x0000000749800000, 0x0000000749c00000, 0x0000000749c00000|100%| E|CS|TAMS 0x0000000749800000| PB 0x0000000749800000| Complete 
| 807|0x0000000749c00000, 0x000000074a000000, 0x000000074a000000|100%| E|CS|TAMS 0x0000000749c00000| PB 0x0000000749c00000| Complete 
| 808|0x000000074a000000, 0x000000074a400000, 0x000000074a400000|100%| E|CS|TAMS 0x000000074a000000| PB 0x000000074a000000| Complete 
| 809|0x000000074a400000, 0x000000074a800000, 0x000000074a800000|100%| E|CS|TAMS 0x000000074a400000| PB 0x000000074a400000| Complete 
| 810|0x000000074a800000, 0x000000074ac00000, 0x000000074ac00000|100%| E|CS|TAMS 0x000000074a800000| PB 0x000000074a800000| Complete 
| 811|0x000000074ac00000, 0x000000074b000000, 0x000000074b000000|100%| E|CS|TAMS 0x000000074ac00000| PB 0x000000074ac00000| Complete 
| 812|0x000000074b000000, 0x000000074b400000, 0x000000074b400000|100%| E|CS|TAMS 0x000000074b000000| PB 0x000000074b000000| Complete 
| 813|0x000000074b400000, 0x000000074b800000, 0x000000074b800000|100%| E|CS|TAMS 0x000000074b400000| PB 0x000000074b400000| Complete 
| 814|0x000000074b800000, 0x000000074bc00000, 0x000000074bc00000|100%| E|CS|TAMS 0x000000074b800000| PB 0x000000074b800000| Complete 
| 815|0x000000074bc00000, 0x000000074c000000, 0x000000074c000000|100%| E|CS|TAMS 0x000000074bc00000| PB 0x000000074bc00000| Complete 
| 816|0x000000074c000000, 0x000000074c400000, 0x000000074c400000|100%| E|CS|TAMS 0x000000074c000000| PB 0x000000074c000000| Complete 
|1346|0x00000007d0800000, 0x00000007d0c00000, 0x00000007d0c00000|100%| E|CS|TAMS 0x00000007d0800000| PB 0x00000007d0800000| Complete 
|1347|0x00000007d0c00000, 0x00000007d1000000, 0x00000007d1000000|100%| E|CS|TAMS 0x00000007d0c00000| PB 0x00000007d0c00000| Complete 
|1348|0x00000007d1000000, 0x00000007d1400000, 0x00000007d1400000|100%| E|CS|TAMS 0x00000007d1000000| PB 0x00000007d1000000| Complete 
|1349|0x00000007d1400000, 0x00000007d1800000, 0x00000007d1800000|100%| E|CS|TAMS 0x00000007d1400000| PB 0x00000007d1400000| Complete 
|1350|0x00000007d1800000, 0x00000007d1c00000, 0x00000007d1c00000|100%| E|CS|TAMS 0x00000007d1800000| PB 0x00000007d1800000| Complete 
|1351|0x00000007d1c00000, 0x00000007d2000000, 0x00000007d2000000|100%| E|CS|TAMS 0x00000007d1c00000| PB 0x00000007d1c00000| Complete 
|1352|0x00000007d2000000, 0x00000007d2400000, 0x00000007d2400000|100%| E|CS|TAMS 0x00000007d2000000| PB 0x00000007d2000000| Complete 
|1353|0x00000007d2400000, 0x00000007d2800000, 0x00000007d2800000|100%| E|CS|TAMS 0x00000007d2400000| PB 0x00000007d2400000| Complete 
|1354|0x00000007d2800000, 0x00000007d2c00000, 0x00000007d2c00000|100%| E|CS|TAMS 0x00000007d2800000| PB 0x00000007d2800000| Complete 
|1355|0x00000007d2c00000, 0x00000007d3000000, 0x00000007d3000000|100%| E|CS|TAMS 0x00000007d2c00000| PB 0x00000007d2c00000| Complete 
|1356|0x00000007d3000000, 0x00000007d3400000, 0x00000007d3400000|100%| E|CS|TAMS 0x00000007d3000000| PB 0x00000007d3000000| Complete 
|1357|0x00000007d3400000, 0x00000007d3800000, 0x00000007d3800000|100%| E|CS|TAMS 0x00000007d3400000| PB 0x00000007d3400000| Complete 
|1358|0x00000007d3800000, 0x00000007d3c00000, 0x00000007d3c00000|100%| E|CS|TAMS 0x00000007d3800000| PB 0x00000007d3800000| Complete 
|1359|0x00000007d3c00000, 0x00000007d4000000, 0x00000007d4000000|100%| E|CS|TAMS 0x00000007d3c00000| PB 0x00000007d3c00000| Complete 
|1360|0x00000007d4000000, 0x00000007d4400000, 0x00000007d4400000|100%| E|CS|TAMS 0x00000007d4000000| PB 0x00000007d4000000| Complete 
|1361|0x00000007d4400000, 0x00000007d4800000, 0x00000007d4800000|100%| E|CS|TAMS 0x00000007d4400000| PB 0x00000007d4400000| Complete 
|1362|0x00000007d4800000, 0x00000007d4c00000, 0x00000007d4c00000|100%| E|CS|TAMS 0x00000007d4800000| PB 0x00000007d4800000| Complete 
|1363|0x00000007d4c00000, 0x00000007d5000000, 0x00000007d5000000|100%| E|CS|TAMS 0x00000007d4c00000| PB 0x00000007d4c00000| Complete 
|1364|0x00000007d5000000, 0x00000007d5400000, 0x00000007d5400000|100%| E|CS|TAMS 0x00000007d5000000| PB 0x00000007d5000000| Complete 
|1365|0x00000007d5400000, 0x00000007d5800000, 0x00000007d5800000|100%| E|CS|TAMS 0x00000007d5400000| PB 0x00000007d5400000| Complete 
|1366|0x00000007d5800000, 0x00000007d5c00000, 0x00000007d5c00000|100%| E|CS|TAMS 0x00000007d5800000| PB 0x00000007d5800000| Complete 
|1367|0x00000007d5c00000, 0x00000007d6000000, 0x00000007d6000000|100%| E|CS|TAMS 0x00000007d5c00000| PB 0x00000007d5c00000| Complete 
|1368|0x00000007d6000000, 0x00000007d6400000, 0x00000007d6400000|100%| E|CS|TAMS 0x00000007d6000000| PB 0x00000007d6000000| Complete 
|1369|0x00000007d6400000, 0x00000007d6800000, 0x00000007d6800000|100%| E|CS|TAMS 0x00000007d6400000| PB 0x00000007d6400000| Complete 
|1370|0x00000007d6800000, 0x00000007d6c00000, 0x00000007d6c00000|100%| E|CS|TAMS 0x00000007d6800000| PB 0x00000007d6800000| Complete 
|1371|0x00000007d6c00000, 0x00000007d7000000, 0x00000007d7000000|100%| E|CS|TAMS 0x00000007d6c00000| PB 0x00000007d6c00000| Complete 
|1372|0x00000007d7000000, 0x00000007d7400000, 0x00000007d7400000|100%| E|CS|TAMS 0x00000007d7000000| PB 0x00000007d7000000| Complete 
|1373|0x00000007d7400000, 0x00000007d7800000, 0x00000007d7800000|100%| E|CS|TAMS 0x00000007d7400000| PB 0x00000007d7400000| Complete 
|1374|0x00000007d7800000, 0x00000007d7c00000, 0x00000007d7c00000|100%| E|CS|TAMS 0x00000007d7800000| PB 0x00000007d7800000| Complete 
|1375|0x00000007d7c00000, 0x00000007d8000000, 0x00000007d8000000|100%| E|CS|TAMS 0x00000007d7c00000| PB 0x00000007d7c00000| Complete 
|1376|0x00000007d8000000, 0x00000007d8400000, 0x00000007d8400000|100%| E|CS|TAMS 0x00000007d8000000| PB 0x00000007d8000000| Complete 
|1377|0x00000007d8400000, 0x00000007d8800000, 0x00000007d8800000|100%| E|CS|TAMS 0x00000007d8400000| PB 0x00000007d8400000| Complete 
|1378|0x00000007d8800000, 0x00000007d8c00000, 0x00000007d8c00000|100%| E|CS|TAMS 0x00000007d8800000| PB 0x00000007d8800000| Complete 
|1379|0x00000007d8c00000, 0x00000007d9000000, 0x00000007d9000000|100%| E|CS|TAMS 0x00000007d8c00000| PB 0x00000007d8c00000| Complete 
|1380|0x00000007d9000000, 0x00000007d9400000, 0x00000007d9400000|100%| E|CS|TAMS 0x00000007d9000000| PB 0x00000007d9000000| Complete 
|1381|0x00000007d9400000, 0x00000007d9800000, 0x00000007d9800000|100%| E|CS|TAMS 0x00000007d9400000| PB 0x00000007d9400000| Complete 
|1382|0x00000007d9800000, 0x00000007d9c00000, 0x00000007d9c00000|100%| E|CS|TAMS 0x00000007d9800000| PB 0x00000007d9800000| Complete 
|1383|0x00000007d9c00000, 0x00000007da000000, 0x00000007da000000|100%| E|CS|TAMS 0x00000007d9c00000| PB 0x00000007d9c00000| Complete 
|1384|0x00000007da000000, 0x00000007da400000, 0x00000007da400000|100%| E|CS|TAMS 0x00000007da000000| PB 0x00000007da000000| Complete 
|1385|0x00000007da400000, 0x00000007da800000, 0x00000007da800000|100%| E|CS|TAMS 0x00000007da400000| PB 0x00000007da400000| Complete 
|1386|0x00000007da800000, 0x00000007dac00000, 0x00000007dac00000|100%| E|CS|TAMS 0x00000007da800000| PB 0x00000007da800000| Complete 
|1387|0x00000007dac00000, 0x00000007db000000, 0x00000007db000000|100%| E|CS|TAMS 0x00000007dac00000| PB 0x00000007dac00000| Complete 
|1388|0x00000007db000000, 0x00000007db400000, 0x00000007db400000|100%| E|CS|TAMS 0x00000007db000000| PB 0x00000007db000000| Complete 
|1389|0x00000007db400000, 0x00000007db800000, 0x00000007db800000|100%| E|CS|TAMS 0x00000007db400000| PB 0x00000007db400000| Complete 
|1390|0x00000007db800000, 0x00000007dbc00000, 0x00000007dbc00000|100%| E|CS|TAMS 0x00000007db800000| PB 0x00000007db800000| Complete 
|1391|0x00000007dbc00000, 0x00000007dc000000, 0x00000007dc000000|100%| E|CS|TAMS 0x00000007dbc00000| PB 0x00000007dbc00000| Complete 
|1392|0x00000007dc000000, 0x00000007dc400000, 0x00000007dc400000|100%| E|CS|TAMS 0x00000007dc000000| PB 0x00000007dc000000| Complete 
|1393|0x00000007dc400000, 0x00000007dc800000, 0x00000007dc800000|100%| E|CS|TAMS 0x00000007dc400000| PB 0x00000007dc400000| Complete 
|1394|0x00000007dc800000, 0x00000007dcc00000, 0x00000007dcc00000|100%| E|CS|TAMS 0x00000007dc800000| PB 0x00000007dc800000| Complete 
|1395|0x00000007dcc00000, 0x00000007dd000000, 0x00000007dd000000|100%| E|CS|TAMS 0x00000007dcc00000| PB 0x00000007dcc00000| Complete 
|1396|0x00000007dd000000, 0x00000007dd400000, 0x00000007dd400000|100%| E|CS|TAMS 0x00000007dd000000| PB 0x00000007dd000000| Complete 
|1397|0x00000007dd400000, 0x00000007dd800000, 0x00000007dd800000|100%| E|CS|TAMS 0x00000007dd400000| PB 0x00000007dd400000| Complete 
|1398|0x00000007dd800000, 0x00000007ddc00000, 0x00000007ddc00000|100%| E|CS|TAMS 0x00000007dd800000| PB 0x00000007dd800000| Complete 
|1399|0x00000007ddc00000, 0x00000007de000000, 0x00000007de000000|100%| E|CS|TAMS 0x00000007ddc00000| PB 0x00000007ddc00000| Complete 
|1400|0x00000007de000000, 0x00000007de400000, 0x00000007de400000|100%| E|CS|TAMS 0x00000007de000000| PB 0x00000007de000000| Complete 
|1401|0x00000007de400000, 0x00000007de800000, 0x00000007de800000|100%| E|CS|TAMS 0x00000007de400000| PB 0x00000007de400000| Complete 
|1402|0x00000007de800000, 0x00000007dec00000, 0x00000007dec00000|100%| E|CS|TAMS 0x00000007de800000| PB 0x00000007de800000| Complete 
|1403|0x00000007dec00000, 0x00000007df000000, 0x00000007df000000|100%| E|CS|TAMS 0x00000007dec00000| PB 0x00000007dec00000| Complete 
|1404|0x00000007df000000, 0x00000007df400000, 0x00000007df400000|100%| E|CS|TAMS 0x00000007df000000| PB 0x00000007df000000| Complete 
|1405|0x00000007df400000, 0x00000007df800000, 0x00000007df800000|100%| E|CS|TAMS 0x00000007df400000| PB 0x00000007df400000| Complete 
|1406|0x00000007df800000, 0x00000007dfc00000, 0x00000007dfc00000|100%| E|CS|TAMS 0x00000007df800000| PB 0x00000007df800000| Complete 
|1407|0x00000007dfc00000, 0x00000007e0000000, 0x00000007e0000000|100%| E|CS|TAMS 0x00000007dfc00000| PB 0x00000007dfc00000| Complete 
|1408|0x00000007e0000000, 0x00000007e0400000, 0x00000007e0400000|100%| E|CS|TAMS 0x00000007e0000000| PB 0x00000007e0000000| Complete 
|1409|0x00000007e0400000, 0x00000007e0800000, 0x00000007e0800000|100%| E|CS|TAMS 0x00000007e0400000| PB 0x00000007e0400000| Complete 
|1410|0x00000007e0800000, 0x00000007e0c00000, 0x00000007e0c00000|100%| E|CS|TAMS 0x00000007e0800000| PB 0x00000007e0800000| Complete 
|1411|0x00000007e0c00000, 0x00000007e1000000, 0x00000007e1000000|100%| E|CS|TAMS 0x00000007e0c00000| PB 0x00000007e0c00000| Complete 
|1412|0x00000007e1000000, 0x00000007e1400000, 0x00000007e1400000|100%| E|CS|TAMS 0x00000007e1000000| PB 0x00000007e1000000| Complete 
|1413|0x00000007e1400000, 0x00000007e1800000, 0x00000007e1800000|100%| E|CS|TAMS 0x00000007e1400000| PB 0x00000007e1400000| Complete 
|1414|0x00000007e1800000, 0x00000007e1c00000, 0x00000007e1c00000|100%| E|CS|TAMS 0x00000007e1800000| PB 0x00000007e1800000| Complete 
|1415|0x00000007e1c00000, 0x00000007e2000000, 0x00000007e2000000|100%| E|CS|TAMS 0x00000007e1c00000| PB 0x00000007e1c00000| Complete 
|1416|0x00000007e2000000, 0x00000007e2400000, 0x00000007e2400000|100%| E|CS|TAMS 0x00000007e2000000| PB 0x00000007e2000000| Complete 
|1417|0x00000007e2400000, 0x00000007e2800000, 0x00000007e2800000|100%| E|CS|TAMS 0x00000007e2400000| PB 0x00000007e2400000| Complete 
|1418|0x00000007e2800000, 0x00000007e2c00000, 0x00000007e2c00000|100%| E|CS|TAMS 0x00000007e2800000| PB 0x00000007e2800000| Complete 
|1419|0x00000007e2c00000, 0x00000007e3000000, 0x00000007e3000000|100%| E|CS|TAMS 0x00000007e2c00000| PB 0x00000007e2c00000| Complete 
|1420|0x00000007e3000000, 0x00000007e3400000, 0x00000007e3400000|100%| E|CS|TAMS 0x00000007e3000000| PB 0x00000007e3000000| Complete 
|1421|0x00000007e3400000, 0x00000007e3800000, 0x00000007e3800000|100%| E|CS|TAMS 0x00000007e3400000| PB 0x00000007e3400000| Complete 
|1422|0x00000007e3800000, 0x00000007e3c00000, 0x00000007e3c00000|100%| E|CS|TAMS 0x00000007e3800000| PB 0x00000007e3800000| Complete 
|1423|0x00000007e3c00000, 0x00000007e4000000, 0x00000007e4000000|100%| E|CS|TAMS 0x00000007e3c00000| PB 0x00000007e3c00000| Complete 
|1424|0x00000007e4000000, 0x00000007e4400000, 0x00000007e4400000|100%| E|CS|TAMS 0x00000007e4000000| PB 0x00000007e4000000| Complete 
|1425|0x00000007e4400000, 0x00000007e4800000, 0x00000007e4800000|100%| E|CS|TAMS 0x00000007e4400000| PB 0x00000007e4400000| Complete 
|1426|0x00000007e4800000, 0x00000007e4c00000, 0x00000007e4c00000|100%| E|CS|TAMS 0x00000007e4800000| PB 0x00000007e4800000| Complete 
|1427|0x00000007e4c00000, 0x00000007e5000000, 0x00000007e5000000|100%| E|CS|TAMS 0x00000007e4c00000| PB 0x00000007e4c00000| Complete 
|1428|0x00000007e5000000, 0x00000007e5400000, 0x00000007e5400000|100%| E|CS|TAMS 0x00000007e5000000| PB 0x00000007e5000000| Complete 
|1429|0x00000007e5400000, 0x00000007e5800000, 0x00000007e5800000|100%| E|CS|TAMS 0x00000007e5400000| PB 0x00000007e5400000| Complete 
|1430|0x00000007e5800000, 0x00000007e5c00000, 0x00000007e5c00000|100%| E|CS|TAMS 0x00000007e5800000| PB 0x00000007e5800000| Complete 
|1431|0x00000007e5c00000, 0x00000007e6000000, 0x00000007e6000000|100%| E|CS|TAMS 0x00000007e5c00000| PB 0x00000007e5c00000| Complete 
|1432|0x00000007e6000000, 0x00000007e6400000, 0x00000007e6400000|100%| E|CS|TAMS 0x00000007e6000000| PB 0x00000007e6000000| Complete 
|1433|0x00000007e6400000, 0x00000007e6800000, 0x00000007e6800000|100%| E|CS|TAMS 0x00000007e6400000| PB 0x00000007e6400000| Complete 
|1434|0x00000007e6800000, 0x00000007e6c00000, 0x00000007e6c00000|100%| E|CS|TAMS 0x00000007e6800000| PB 0x00000007e6800000| Complete 
|1435|0x00000007e6c00000, 0x00000007e7000000, 0x00000007e7000000|100%| E|CS|TAMS 0x00000007e6c00000| PB 0x00000007e6c00000| Complete 
|1436|0x00000007e7000000, 0x00000007e7400000, 0x00000007e7400000|100%| E|CS|TAMS 0x00000007e7000000| PB 0x00000007e7000000| Complete 
|1437|0x00000007e7400000, 0x00000007e7800000, 0x00000007e7800000|100%| E|CS|TAMS 0x00000007e7400000| PB 0x00000007e7400000| Complete 
|1438|0x00000007e7800000, 0x00000007e7c00000, 0x00000007e7c00000|100%| E|CS|TAMS 0x00000007e7800000| PB 0x00000007e7800000| Complete 
|1439|0x00000007e7c00000, 0x00000007e8000000, 0x00000007e8000000|100%| E|CS|TAMS 0x00000007e7c00000| PB 0x00000007e7c00000| Complete 
|1440|0x00000007e8000000, 0x00000007e8400000, 0x00000007e8400000|100%| E|CS|TAMS 0x00000007e8000000| PB 0x00000007e8000000| Complete 
|1441|0x00000007e8400000, 0x00000007e8800000, 0x00000007e8800000|100%| E|CS|TAMS 0x00000007e8400000| PB 0x00000007e8400000| Complete 
|1442|0x00000007e8800000, 0x00000007e8c00000, 0x00000007e8c00000|100%| E|CS|TAMS 0x00000007e8800000| PB 0x00000007e8800000| Complete 
|1443|0x00000007e8c00000, 0x00000007e9000000, 0x00000007e9000000|100%| E|CS|TAMS 0x00000007e8c00000| PB 0x00000007e8c00000| Complete 
|1444|0x00000007e9000000, 0x00000007e9400000, 0x00000007e9400000|100%| E|CS|TAMS 0x00000007e9000000| PB 0x00000007e9000000| Complete 
|1445|0x00000007e9400000, 0x00000007e9800000, 0x00000007e9800000|100%| E|CS|TAMS 0x00000007e9400000| PB 0x00000007e9400000| Complete 
|1446|0x00000007e9800000, 0x00000007e9c00000, 0x00000007e9c00000|100%| E|CS|TAMS 0x00000007e9800000| PB 0x00000007e9800000| Complete 
|1447|0x00000007e9c00000, 0x00000007ea000000, 0x00000007ea000000|100%| E|CS|TAMS 0x00000007e9c00000| PB 0x00000007e9c00000| Complete 
|1448|0x00000007ea000000, 0x00000007ea400000, 0x00000007ea400000|100%| E|CS|TAMS 0x00000007ea000000| PB 0x00000007ea000000| Complete 
|1449|0x00000007ea400000, 0x00000007ea800000, 0x00000007ea800000|100%| E|CS|TAMS 0x00000007ea400000| PB 0x00000007ea400000| Complete 
|1450|0x00000007ea800000, 0x00000007eac00000, 0x00000007eac00000|100%| E|CS|TAMS 0x00000007ea800000| PB 0x00000007ea800000| Complete 
|1451|0x00000007eac00000, 0x00000007eb000000, 0x00000007eb000000|100%| E|CS|TAMS 0x00000007eac00000| PB 0x00000007eac00000| Complete 
|1452|0x00000007eb000000, 0x00000007eb400000, 0x00000007eb400000|100%| E|CS|TAMS 0x00000007eb000000| PB 0x00000007eb000000| Complete 
|1453|0x00000007eb400000, 0x00000007eb800000, 0x00000007eb800000|100%| E|CS|TAMS 0x00000007eb400000| PB 0x00000007eb400000| Complete 
|1454|0x00000007eb800000, 0x00000007ebc00000, 0x00000007ebc00000|100%| E|CS|TAMS 0x00000007eb800000| PB 0x00000007eb800000| Complete 
|1455|0x00000007ebc00000, 0x00000007ec000000, 0x00000007ec000000|100%| E|CS|TAMS 0x00000007ebc00000| PB 0x00000007ebc00000| Complete 
|1456|0x00000007ec000000, 0x00000007ec400000, 0x00000007ec400000|100%| E|CS|TAMS 0x00000007ec000000| PB 0x00000007ec000000| Complete 
|1457|0x00000007ec400000, 0x00000007ec800000, 0x00000007ec800000|100%| E|CS|TAMS 0x00000007ec400000| PB 0x00000007ec400000| Complete 
|1458|0x00000007ec800000, 0x00000007ecc00000, 0x00000007ecc00000|100%| E|CS|TAMS 0x00000007ec800000| PB 0x00000007ec800000| Complete 
|1459|0x00000007ecc00000, 0x00000007ed000000, 0x00000007ed000000|100%| E|CS|TAMS 0x00000007ecc00000| PB 0x00000007ecc00000| Complete 
|1460|0x00000007ed000000, 0x00000007ed400000, 0x00000007ed400000|100%| E|CS|TAMS 0x00000007ed000000| PB 0x00000007ed000000| Complete 
|1461|0x00000007ed400000, 0x00000007ed800000, 0x00000007ed800000|100%| E|CS|TAMS 0x00000007ed400000| PB 0x00000007ed400000| Complete 
|1462|0x00000007ed800000, 0x00000007edc00000, 0x00000007edc00000|100%| E|CS|TAMS 0x00000007ed800000| PB 0x00000007ed800000| Complete 
|1463|0x00000007edc00000, 0x00000007ee000000, 0x00000007ee000000|100%| E|CS|TAMS 0x00000007edc00000| PB 0x00000007edc00000| Complete 
|1464|0x00000007ee000000, 0x00000007ee400000, 0x00000007ee400000|100%| E|CS|TAMS 0x00000007ee000000| PB 0x00000007ee000000| Complete 
|1465|0x00000007ee400000, 0x00000007ee800000, 0x00000007ee800000|100%| E|CS|TAMS 0x00000007ee400000| PB 0x00000007ee400000| Complete 
|1466|0x00000007ee800000, 0x00000007eec00000, 0x00000007eec00000|100%| E|CS|TAMS 0x00000007ee800000| PB 0x00000007ee800000| Complete 
|1467|0x00000007eec00000, 0x00000007ef000000, 0x00000007ef000000|100%| E|CS|TAMS 0x00000007eec00000| PB 0x00000007eec00000| Complete 
|1468|0x00000007ef000000, 0x00000007ef400000, 0x00000007ef400000|100%| E|CS|TAMS 0x00000007ef000000| PB 0x00000007ef000000| Complete 
|1469|0x00000007ef400000, 0x00000007ef800000, 0x00000007ef800000|100%| E|CS|TAMS 0x00000007ef400000| PB 0x00000007ef400000| Complete 
|1470|0x00000007ef800000, 0x00000007efc00000, 0x00000007efc00000|100%| E|CS|TAMS 0x00000007ef800000| PB 0x00000007ef800000| Complete 
|1471|0x00000007efc00000, 0x00000007f0000000, 0x00000007f0000000|100%| E|CS|TAMS 0x00000007efc00000| PB 0x00000007efc00000| Complete 
|1472|0x00000007f0000000, 0x00000007f0400000, 0x00000007f0400000|100%| E|CS|TAMS 0x00000007f0000000| PB 0x00000007f0000000| Complete 
|1473|0x00000007f0400000, 0x00000007f0800000, 0x00000007f0800000|100%| E|CS|TAMS 0x00000007f0400000| PB 0x00000007f0400000| Complete 
|1474|0x00000007f0800000, 0x00000007f0c00000, 0x00000007f0c00000|100%| E|CS|TAMS 0x00000007f0800000| PB 0x00000007f0800000| Complete 
|1475|0x00000007f0c00000, 0x00000007f1000000, 0x00000007f1000000|100%| E|CS|TAMS 0x00000007f0c00000| PB 0x00000007f0c00000| Complete 
|1476|0x00000007f1000000, 0x00000007f1400000, 0x00000007f1400000|100%| E|CS|TAMS 0x00000007f1000000| PB 0x00000007f1000000| Complete 
|1477|0x00000007f1400000, 0x00000007f1800000, 0x00000007f1800000|100%| E|CS|TAMS 0x00000007f1400000| PB 0x00000007f1400000| Complete 
|1478|0x00000007f1800000, 0x00000007f1c00000, 0x00000007f1c00000|100%| E|CS|TAMS 0x00000007f1800000| PB 0x00000007f1800000| Complete 
|1479|0x00000007f1c00000, 0x00000007f2000000, 0x00000007f2000000|100%| E|CS|TAMS 0x00000007f1c00000| PB 0x00000007f1c00000| Complete 
|1480|0x00000007f2000000, 0x00000007f2400000, 0x00000007f2400000|100%| E|CS|TAMS 0x00000007f2000000| PB 0x00000007f2000000| Complete 
|1481|0x00000007f2400000, 0x00000007f2800000, 0x00000007f2800000|100%| E|CS|TAMS 0x00000007f2400000| PB 0x00000007f2400000| Complete 
|1482|0x00000007f2800000, 0x00000007f2c00000, 0x00000007f2c00000|100%| E|CS|TAMS 0x00000007f2800000| PB 0x00000007f2800000| Complete 
|1483|0x00000007f2c00000, 0x00000007f3000000, 0x00000007f3000000|100%| E|CS|TAMS 0x00000007f2c00000| PB 0x00000007f2c00000| Complete 
|1484|0x00000007f3000000, 0x00000007f3400000, 0x00000007f3400000|100%| E|CS|TAMS 0x00000007f3000000| PB 0x00000007f3000000| Complete 
|1485|0x00000007f3400000, 0x00000007f3800000, 0x00000007f3800000|100%| E|CS|TAMS 0x00000007f3400000| PB 0x00000007f3400000| Complete 
|1486|0x00000007f3800000, 0x00000007f3c00000, 0x00000007f3c00000|100%| E|CS|TAMS 0x00000007f3800000| PB 0x00000007f3800000| Complete 
|1487|0x00000007f3c00000, 0x00000007f4000000, 0x00000007f4000000|100%| E|CS|TAMS 0x00000007f3c00000| PB 0x00000007f3c00000| Complete 
|1488|0x00000007f4000000, 0x00000007f4400000, 0x00000007f4400000|100%| E|CS|TAMS 0x00000007f4000000| PB 0x00000007f4000000| Complete 
|1489|0x00000007f4400000, 0x00000007f4800000, 0x00000007f4800000|100%| E|CS|TAMS 0x00000007f4400000| PB 0x00000007f4400000| Complete 
|1490|0x00000007f4800000, 0x00000007f4c00000, 0x00000007f4c00000|100%| E|CS|TAMS 0x00000007f4800000| PB 0x00000007f4800000| Complete 
|1491|0x00000007f4c00000, 0x00000007f5000000, 0x00000007f5000000|100%| E|CS|TAMS 0x00000007f4c00000| PB 0x00000007f4c00000| Complete 
|1492|0x00000007f5000000, 0x00000007f5400000, 0x00000007f5400000|100%| E|CS|TAMS 0x00000007f5000000| PB 0x00000007f5000000| Complete 
|1493|0x00000007f5400000, 0x00000007f5800000, 0x00000007f5800000|100%| E|CS|TAMS 0x00000007f5400000| PB 0x00000007f5400000| Complete 
|1494|0x00000007f5800000, 0x00000007f5c00000, 0x00000007f5c00000|100%| E|CS|TAMS 0x00000007f5800000| PB 0x00000007f5800000| Complete 
|1495|0x00000007f5c00000, 0x00000007f6000000, 0x00000007f6000000|100%| E|CS|TAMS 0x00000007f5c00000| PB 0x00000007f5c00000| Complete 
|1496|0x00000007f6000000, 0x00000007f6400000, 0x00000007f6400000|100%| E|CS|TAMS 0x00000007f6000000| PB 0x00000007f6000000| Complete 
|1497|0x00000007f6400000, 0x00000007f6800000, 0x00000007f6800000|100%| E|CS|TAMS 0x00000007f6400000| PB 0x00000007f6400000| Complete 
|1498|0x00000007f6800000, 0x00000007f6c00000, 0x00000007f6c00000|100%| E|CS|TAMS 0x00000007f6800000| PB 0x00000007f6800000| Complete 
|1499|0x00000007f6c00000, 0x00000007f7000000, 0x00000007f7000000|100%| E|CS|TAMS 0x00000007f6c00000| PB 0x00000007f6c00000| Complete 
|1500|0x00000007f7000000, 0x00000007f7400000, 0x00000007f7400000|100%| E|CS|TAMS 0x00000007f7000000| PB 0x00000007f7000000| Complete 
|1501|0x00000007f7400000, 0x00000007f7800000, 0x00000007f7800000|100%| E|CS|TAMS 0x00000007f7400000| PB 0x00000007f7400000| Complete 
|1502|0x00000007f7800000, 0x00000007f7c00000, 0x00000007f7c00000|100%| E|CS|TAMS 0x00000007f7800000| PB 0x00000007f7800000| Complete 
|1503|0x00000007f7c00000, 0x00000007f8000000, 0x00000007f8000000|100%| E|CS|TAMS 0x00000007f7c00000| PB 0x00000007f7c00000| Complete 
|1504|0x00000007f8000000, 0x00000007f8400000, 0x00000007f8400000|100%| E|CS|TAMS 0x00000007f8000000| PB 0x00000007f8000000| Complete 
|1505|0x00000007f8400000, 0x00000007f8800000, 0x00000007f8800000|100%| E|CS|TAMS 0x00000007f8400000| PB 0x00000007f8400000| Complete 
|1506|0x00000007f8800000, 0x00000007f8c00000, 0x00000007f8c00000|100%| E|CS|TAMS 0x00000007f8800000| PB 0x00000007f8800000| Complete 
|1507|0x00000007f8c00000, 0x00000007f9000000, 0x00000007f9000000|100%| E|CS|TAMS 0x00000007f8c00000| PB 0x00000007f8c00000| Complete 
|1508|0x00000007f9000000, 0x00000007f9400000, 0x00000007f9400000|100%| E|CS|TAMS 0x00000007f9000000| PB 0x00000007f9000000| Complete 
|1509|0x00000007f9400000, 0x00000007f9800000, 0x00000007f9800000|100%| E|CS|TAMS 0x00000007f9400000| PB 0x00000007f9400000| Complete 
|1510|0x00000007f9800000, 0x00000007f9c00000, 0x00000007f9c00000|100%| E|CS|TAMS 0x00000007f9800000| PB 0x00000007f9800000| Complete 
|1511|0x00000007f9c00000, 0x00000007fa000000, 0x00000007fa000000|100%| E|CS|TAMS 0x00000007f9c00000| PB 0x00000007f9c00000| Complete 
|1512|0x00000007fa000000, 0x00000007fa400000, 0x00000007fa400000|100%| E|CS|TAMS 0x00000007fa000000| PB 0x00000007fa000000| Complete 
|1513|0x00000007fa400000, 0x00000007fa800000, 0x00000007fa800000|100%| E|CS|TAMS 0x00000007fa400000| PB 0x00000007fa400000| Complete 
|1514|0x00000007fa800000, 0x00000007fac00000, 0x00000007fac00000|100%| E|CS|TAMS 0x00000007fa800000| PB 0x00000007fa800000| Complete 
|1515|0x00000007fac00000, 0x00000007fb000000, 0x00000007fb000000|100%| E|CS|TAMS 0x00000007fac00000| PB 0x00000007fac00000| Complete 
|1516|0x00000007fb000000, 0x00000007fb400000, 0x00000007fb400000|100%| E|CS|TAMS 0x00000007fb000000| PB 0x00000007fb000000| Complete 
|1517|0x00000007fb400000, 0x00000007fb800000, 0x00000007fb800000|100%| E|CS|TAMS 0x00000007fb400000| PB 0x00000007fb400000| Complete 
|1518|0x00000007fb800000, 0x00000007fbc00000, 0x00000007fbc00000|100%| E|CS|TAMS 0x00000007fb800000| PB 0x00000007fb800000| Complete 
|1519|0x00000007fbc00000, 0x00000007fc000000, 0x00000007fc000000|100%| E|CS|TAMS 0x00000007fbc00000| PB 0x00000007fbc00000| Complete 
|1520|0x00000007fc000000, 0x00000007fc400000, 0x00000007fc400000|100%| E|CS|TAMS 0x00000007fc000000| PB 0x00000007fc000000| Complete 
|1521|0x00000007fc400000, 0x00000007fc800000, 0x00000007fc800000|100%| E|CS|TAMS 0x00000007fc400000| PB 0x00000007fc400000| Complete 
|1522|0x00000007fc800000, 0x00000007fcc00000, 0x00000007fcc00000|100%| E|CS|TAMS 0x00000007fc800000| PB 0x00000007fc800000| Complete 
|1523|0x00000007fcc00000, 0x00000007fd000000, 0x00000007fd000000|100%| E|CS|TAMS 0x00000007fcc00000| PB 0x00000007fcc00000| Complete 
|1524|0x00000007fd000000, 0x00000007fd400000, 0x00000007fd400000|100%| E|CS|TAMS 0x00000007fd000000| PB 0x00000007fd000000| Complete 
|1525|0x00000007fd400000, 0x00000007fd800000, 0x00000007fd800000|100%| E|CS|TAMS 0x00000007fd400000| PB 0x00000007fd400000| Complete 
|1526|0x00000007fd800000, 0x00000007fdc00000, 0x00000007fdc00000|100%| E|CS|TAMS 0x00000007fd800000| PB 0x00000007fd800000| Complete 
|1527|0x00000007fdc00000, 0x00000007fe000000, 0x00000007fe000000|100%| E|CS|TAMS 0x00000007fdc00000| PB 0x00000007fdc00000| Complete 
|1528|0x00000007fe000000, 0x00000007fe400000, 0x00000007fe400000|100%| E|CS|TAMS 0x00000007fe000000| PB 0x00000007fe000000| Complete 
|1529|0x00000007fe400000, 0x00000007fe800000, 0x00000007fe800000|100%| E|CS|TAMS 0x00000007fe400000| PB 0x00000007fe400000| Complete 
|1530|0x00000007fe800000, 0x00000007fec00000, 0x00000007fec00000|100%| E|CS|TAMS 0x00000007fe800000| PB 0x00000007fe800000| Complete 
|1531|0x00000007fec00000, 0x00000007ff000000, 0x00000007ff000000|100%| E|CS|TAMS 0x00000007fec00000| PB 0x00000007fec00000| Complete 
|1532|0x00000007ff000000, 0x00000007ff400000, 0x00000007ff400000|100%| E|CS|TAMS 0x00000007ff000000| PB 0x00000007ff000000| Complete 
|1533|0x00000007ff400000, 0x00000007ff800000, 0x00000007ff800000|100%| E|CS|TAMS 0x00000007ff400000| PB 0x00000007ff400000| Complete 
|1534|0x00000007ff800000, 0x00000007ffc00000, 0x00000007ffc00000|100%| E|CS|TAMS 0x00000007ff800000| PB 0x00000007ff800000| Complete 
|1535|0x00000007ffc00000, 0x0000000800000000, 0x0000000800000000|100%| E|CS|TAMS 0x00000007ffc00000| PB 0x00000007ffc00000| Complete 

Card table byte_map: [0x000000011bd98000,0x000000011c998000] _byte_map_base: 0x0000000118998000

Marking Bits: (CMBitMap*) 0x0000000145824a10
 Bits: [0x000000011c998000, 0x0000000122998000)

Polling page: 0x00000001027ac000

Metaspace:

Usage:
  Non-class:    311.96 MB used.
      Class:     42.45 MB used.
       Both:    354.41 MB used.

Virtual space:
  Non-class space:      384.00 MB reserved,     314.38 MB ( 82%) committed,  6 nodes.
      Class space:        1.00 GB reserved,      45.06 MB (  4%) committed,  1 nodes.
             Both:        1.38 GB reserved,     359.44 MB ( 26%) committed. 

Chunk freelists:
   Non-Class:  21.41 MB
       Class:  3.20 MB
        Both:  24.61 MB

MaxMetaspaceSize: unlimited
CompressedClassSpaceSize: 1.00 GB
Initial GC threshold: 21.00 MB
Current GC threshold: 615.00 MB
CDS: on
 - commit_granule_bytes: 65536.
 - commit_granule_words: 8192.
 - virtual_space_node_default_size: 8388608.
 - enlarge_chunks_in_place: 1.
 - use_allocation_guard: 0.


Internal statistics:

num_allocs_failed_limit: 15.
num_arena_births: 9982.
num_arena_deaths: 1142.
num_vsnodes_births: 7.
num_vsnodes_deaths: 0.
num_space_committed: 6172.
num_space_uncommitted: 117.
num_chunks_returned_to_freelist: 3090.
num_chunks_taken_from_freelist: 28772.
num_chunk_merges: 1017.
num_chunk_splits: 18889.
num_chunks_enlarged: 12648.
num_inconsistent_stats: 0.

CodeHeap 'non-profiled nmethods': size=119168Kb used=46112Kb max_used=52967Kb free=73055Kb
 bounds [0x0000000114938000, 0x0000000117d28000, 0x000000011bd98000]
CodeHeap 'profiled nmethods': size=119152Kb used=67671Kb max_used=90901Kb free=51480Kb
 bounds [0x000000010cd98000, 0x0000000112728000, 0x00000001141f4000]
CodeHeap 'non-nmethods': size=7440Kb used=4463Kb max_used=4691Kb free=2976Kb
 bounds [0x00000001141f4000, 0x00000001146a4000, 0x0000000114938000]
 total_blobs=30790 nmethods=29274 adapters=1413
 compilation: enabled
              stopped_count=0, restarted_count=0
 full_count=0

Compilation events (20 events):
Event: 1128.095 Thread 0x0000000147ac4c00 197721       2       com.android.tools.r8.internal.sr3::a (137 bytes)
Event: 1128.096 Thread 0x0000000147ac4c00 nmethod 197721 0x000000010d3c5510 code [0x000000010d3c5840, 0x000000010d3c60c0]
Event: 1128.096 Thread 0x0000000145b98600 nmethod 195525 0x0000000116512910 code [0x0000000116512ac0, 0x0000000116512c60]
Event: 1128.096 Thread 0x0000000145b98600 197722       4       java.util.HashMap$TreeNode::find (172 bytes)
Event: 1128.099 Thread 0x0000000147ac4c00 197724       3       com.android.tools.r8.graph.u5::a (24 bytes)
Event: 1128.100 Thread 0x0000000147ac4c00 nmethod 197724 0x000000010eb31e90 code [0x000000010eb32040, 0x000000010eb32260]
Event: 1128.106 Thread 0x0000000145b98600 nmethod 197722 0x0000000115b6a190 code [0x0000000115b6a440, 0x0000000115b6af08]
Event: 1128.106 Thread 0x0000000147ac4c00 197727 %     3       com.android.tools.r8.internal.gc2::b @ 19 (1957 bytes)
Event: 1128.106 Thread 0x0000000145b98600 197725       4       com.android.tools.r8.internal.rz0::a (2677 bytes)
Event: 1128.109 Thread 0x0000000127d75800 nmethod 197716 0x0000000115a4d110 code [0x0000000115a4d580, 0x0000000115a4f7e0]
Event: 1128.109 Thread 0x0000000127d75800 195472       4       com.android.tools.r8.graph.ra::a (28 bytes)
Event: 1128.113 Thread 0x0000000147ac4c00 nmethod 197727% 0x0000000111831d90 code [0x0000000111833cc0, 0x0000000111844fa0]
Event: 1128.117 Thread 0x0000000147ac4c00 197729       2       com.android.tools.r8.internal.b11::a (122 bytes)
Event: 1128.117 Thread 0x0000000147ac4c00 nmethod 197729 0x000000010dc41510 code [0x000000010dc41780, 0x000000010dc42478]
Event: 1128.119 Thread 0x0000000380a1b600 nmethod 196891 0x0000000116770d10 code [0x0000000116771080, 0x0000000116772180]
Event: 1128.119 Thread 0x0000000380a1b600 195473       4       com.android.tools.r8.graph.y::a (62 bytes)
Event: 1128.123 Thread 0x0000000380a1b600 nmethod 195473 0x0000000115660510 code [0x0000000115660740, 0x0000000115660ef8]
Event: 1128.123 Thread 0x0000000380a1b600 195477       4       com.android.tools.r8.graph.y::a (24 bytes)
Event: 1128.129 Thread 0x0000000380a1b600 nmethod 195477 0x0000000115883510 code [0x0000000115883840, 0x0000000115884660]
Event: 1128.129 Thread 0x0000000380a1b600 195478       4       com.android.tools.r8.graph.y::b (52 bytes)

GC Heap History (20 events):
Event: 1121.750 GC heap before
{Heap before GC invocations=192 (full 0):
 garbage-first heap   total 3973120K, used 1773587K [0x0000000680000000, 0x0000000800000000)
  region size 4096K, 141 young (577536K), 26 survivors (106496K)
 Metaspace       used 360424K, committed 366912K, reserved 1441792K
  class space    used 43180K, committed 46144K, reserved 1048576K
}
Event: 1121.758 GC heap after
{Heap after GC invocations=193 (full 0):
 garbage-first heap   total 3973120K, used 1299481K [0x0000000680000000, 0x0000000800000000)
  region size 4096K, 24 young (98304K), 24 survivors (98304K)
 Metaspace       used 360424K, committed 366912K, reserved 1441792K
  class space    used 43180K, committed 46144K, reserved 1048576K
}
Event: 1124.828 GC heap before
{Heap before GC invocations=194 (full 0):
 garbage-first heap   total 3973120K, used 3843097K [0x0000000680000000, 0x0000000800000000)
  region size 4096K, 582 young (2383872K), 24 survivors (98304K)
 Metaspace       used 361667K, committed 366976K, reserved 1441792K
  class space    used 43325K, committed 46144K, reserved 1048576K
}
Event: 1124.850 GC heap after
{Heap after GC invocations=195 (full 0):
 garbage-first heap   total 4096000K, used 1441811K [0x0000000680000000, 0x0000000800000000)
  region size 4096K, 60 young (245760K), 60 survivors (245760K)
 Metaspace       used 361667K, committed 366976K, reserved 1441792K
  class space    used 43325K, committed 46144K, reserved 1048576K
}
Event: 1125.330 GC heap before
{Heap before GC invocations=195 (full 0):
 garbage-first heap   total 4096000K, used 1826835K [0x0000000680000000, 0x0000000800000000)
  region size 4096K, 156 young (638976K), 60 survivors (245760K)
 Metaspace       used 362459K, committed 367616K, reserved 1441792K
  class space    used 43425K, committed 46144K, reserved 1048576K
}
Event: 1125.339 GC heap after
{Heap after GC invocations=196 (full 0):
 garbage-first heap   total 4096000K, used 1316928K [0x0000000680000000, 0x0000000800000000)
  region size 4096K, 7 young (28672K), 7 survivors (28672K)
 Metaspace       used 362459K, committed 367616K, reserved 1441792K
  class space    used 43425K, committed 46144K, reserved 1048576K
}
Event: 1125.911 GC heap before
{Heap before GC invocations=196 (full 0):
 garbage-first heap   total 4096000K, used 3737664K [0x0000000680000000, 0x0000000800000000)
  region size 4096K, 600 young (2457600K), 7 survivors (28672K)
 Metaspace       used 363001K, committed 368064K, reserved 1441792K
  class space    used 43484K, committed 46144K, reserved 1048576K
}
Event: 1125.930 GC heap after
{Heap after GC invocations=197 (full 0):
 garbage-first heap   total 4096000K, used 1451001K [0x0000000680000000, 0x0000000800000000)
  region size 4096K, 41 young (167936K), 41 survivors (167936K)
 Metaspace       used 363001K, committed 368064K, reserved 1441792K
  class space    used 43484K, committed 46144K, reserved 1048576K
}
Event: 1126.427 GC heap before
{Heap before GC invocations=198 (full 0):
 garbage-first heap   total 4096000K, used 3716089K [0x0000000680000000, 0x0000000800000000)
  region size 4096K, 595 young (2437120K), 41 survivors (167936K)
 Metaspace       used 363045K, committed 368064K, reserved 1441792K
  class space    used 43489K, committed 46144K, reserved 1048576K
}
Event: 1126.447 GC heap after
{Heap after GC invocations=199 (full 0):
 garbage-first heap   total 4096000K, used 1532133K [0x0000000680000000, 0x0000000800000000)
  region size 4096K, 59 young (241664K), 59 survivors (241664K)
 Metaspace       used 363045K, committed 368064K, reserved 1441792K
  class space    used 43489K, committed 46144K, reserved 1048576K
}
Event: 1126.732 GC heap before
{Heap before GC invocations=199 (full 0):
 garbage-first heap   total 4096000K, used 3641573K [0x0000000680000000, 0x0000000800000000)
  region size 4096K, 575 young (2355200K), 59 survivors (241664K)
 Metaspace       used 363063K, committed 368128K, reserved 1441792K
  class space    used 43490K, committed 46144K, reserved 1048576K
}
Event: 1126.763 GC heap after
{Heap after GC invocations=200 (full 0):
 garbage-first heap   total 4096000K, used 1325056K [0x0000000680000000, 0x0000000800000000)
  region size 4096K, 42 young (172032K), 42 survivors (172032K)
 Metaspace       used 363063K, committed 368128K, reserved 1441792K
  class space    used 43490K, committed 46144K, reserved 1048576K
}
Event: 1127.068 GC heap before
{Heap before GC invocations=200 (full 0):
 garbage-first heap   total 4096000K, used 3606528K [0x0000000680000000, 0x0000000800000000)
  region size 4096K, 600 young (2457600K), 42 survivors (172032K)
 Metaspace       used 363092K, committed 368128K, reserved 1441792K
  class space    used 43494K, committed 46144K, reserved 1048576K
}
Event: 1127.084 GC heap after
{Heap after GC invocations=201 (full 0):
 garbage-first heap   total 4096000K, used 1378304K [0x0000000680000000, 0x0000000800000000)
  region size 4096K, 31 young (126976K), 31 survivors (126976K)
 Metaspace       used 363092K, committed 368128K, reserved 1441792K
  class space    used 43494K, committed 46144K, reserved 1048576K
}
Event: 1127.468 GC heap before
{Heap before GC invocations=202 (full 0):
 garbage-first heap   total 4124672K, used 3655680K [0x0000000680000000, 0x0000000800000000)
  region size 4096K, 604 young (2473984K), 31 survivors (126976K)
 Metaspace       used 362756K, committed 367936K, reserved 1441792K
  class space    used 43462K, committed 46144K, reserved 1048576K
}
Event: 1127.479 GC heap after
{Heap after GC invocations=203 (full 0):
 garbage-first heap   total 4124672K, used 1318664K [0x0000000680000000, 0x0000000800000000)
  region size 4096K, 33 young (135168K), 33 survivors (135168K)
 Metaspace       used 362756K, committed 367936K, reserved 1441792K
  class space    used 43462K, committed 46144K, reserved 1048576K
}
Event: 1127.717 GC heap before
{Heap before GC invocations=203 (full 0):
 garbage-first heap   total 4124672K, used 3653384K [0x0000000680000000, 0x0000000800000000)
  region size 4096K, 604 young (2473984K), 33 survivors (135168K)
 Metaspace       used 362857K, committed 368000K, reserved 1441792K
  class space    used 43463K, committed 46144K, reserved 1048576K
}
Event: 1127.737 GC heap after
{Heap after GC invocations=204 (full 0):
 garbage-first heap   total 4124672K, used 1188262K [0x0000000680000000, 0x0000000800000000)
  region size 4096K, 70 young (286720K), 70 survivors (286720K)
 Metaspace       used 362857K, committed 368000K, reserved 1441792K
  class space    used 43463K, committed 46144K, reserved 1048576K
}
Event: 1127.925 GC heap before
{Heap before GC invocations=204 (full 0):
 garbage-first heap   total 4124672K, used 3375526K [0x0000000680000000, 0x0000000800000000)
  region size 4096K, 604 young (2473984K), 70 survivors (286720K)
 Metaspace       used 362893K, committed 368064K, reserved 1441792K
  class space    used 43464K, committed 46144K, reserved 1048576K
}
Event: 1127.958 GC heap after
{Heap after GC invocations=205 (full 0):
 garbage-first heap   total 4124672K, used 1299573K [0x0000000680000000, 0x0000000800000000)
  region size 4096K, 31 young (126976K), 31 survivors (126976K)
 Metaspace       used 362893K, committed 368064K, reserved 1441792K
  class space    used 43464K, committed 46144K, reserved 1048576K
}

Dll operation events (17 events):
Event: 0.007 Loaded shared library /Library/Java/JavaVirtualMachines/jdk-21.jdk/Contents/Home/lib/libjava.dylib
Event: 0.026 Loaded shared library /Library/Java/JavaVirtualMachines/jdk-21.jdk/Contents/Home/lib/libzip.dylib
Event: 0.027 Loaded shared library /Library/Java/JavaVirtualMachines/jdk-21.jdk/Contents/Home/lib/libinstrument.dylib
Event: 0.028 Loaded shared library /Library/Java/JavaVirtualMachines/jdk-21.jdk/Contents/Home/lib/libnio.dylib
Event: 0.030 Loaded shared library /Library/Java/JavaVirtualMachines/jdk-21.jdk/Contents/Home/lib/libzip.dylib
Event: 0.053 Loaded shared library /Library/Java/JavaVirtualMachines/jdk-21.jdk/Contents/Home/lib/libjimage.dylib
Event: 0.096 Loaded shared library /Library/Java/JavaVirtualMachines/jdk-21.jdk/Contents/Home/lib/libverify.dylib
Event: 0.101 Loaded shared library /Library/Java/JavaVirtualMachines/jdk-21.jdk/Contents/Home/lib/libnet.dylib
Event: 0.104 Loaded shared library /Users/yuchuan.gu/.gradle/native/660c5614fbf4a5f2a75b1949f50a0caf5cd603558e7d8a26e50b933a0cfb79d1/osx-aarch64/libnative-platform.dylib
Event: 0.113 Loaded shared library /Users/yuchuan.gu/.gradle/native/0.2.8/aarch64-macos/libgradle-fileevents.dylib
Event: 0.331 Loaded shared library /Library/Java/JavaVirtualMachines/jdk-21.jdk/Contents/Home/lib/libmanagement.dylib
Event: 0.332 Loaded shared library /Library/Java/JavaVirtualMachines/jdk-21.jdk/Contents/Home/lib/libmanagement_ext.dylib
Event: 0.369 Loaded shared library /Library/Java/JavaVirtualMachines/jdk-21.jdk/Contents/Home/lib/libextnet.dylib
Event: 11.457 Loaded shared library /Library/Java/JavaVirtualMachines/jdk-21.jdk/Contents/Home/lib/librmi.dylib
Event: 16.684 Loaded shared library /Library/Java/JavaVirtualMachines/jdk-21.jdk/Contents/Home/lib/libawt.dylib
Event: 16.698 Loaded shared library /Library/Java/JavaVirtualMachines/jdk-21.jdk/Contents/Home/lib/libawt_lwawt.dylib
Event: 16.709 Loaded shared library /Library/Java/JavaVirtualMachines/jdk-21.jdk/Contents/Home/lib/libfontmanager.dylib

Deoptimization events (20 events):
Event: 1128.113 Thread 0x00000003809cae00 DEOPT PACKING pc=0x000000010e65d1a8 sp=0x000000017cfc86f0
Event: 1128.113 Thread 0x00000003809cae00 DEOPT UNPACKING pc=0x0000000114236e7c sp=0x000000017cfc8400 mode 0
Event: 1128.115 Thread 0x0000000380c9ae00 DEOPT PACKING pc=0x000000010cfd93b8 sp=0x000000017f088d00
Event: 1128.115 Thread 0x0000000380c9ae00 DEOPT UNPACKING pc=0x0000000114236e7c sp=0x000000017f088a90 mode 0
Event: 1128.118 Thread 0x00000003809cae00 DEOPT PACKING pc=0x000000010e65d1a8 sp=0x000000017cfc88f0
Event: 1128.118 Thread 0x00000003809cae00 DEOPT UNPACKING pc=0x0000000114236e7c sp=0x000000017cfc8600 mode 0
Event: 1128.119 Thread 0x000000038098c600 DEOPT PACKING pc=0x0000000111366fc4 sp=0x000000017d3e0de0
Event: 1128.119 Thread 0x000000038098c600 DEOPT UNPACKING pc=0x0000000114236e7c sp=0x000000017d3e0ba0 mode 0
Event: 1128.119 Thread 0x00000003809cae00 Uncommon trap: trap_request=0xffffffde fr.pc=0x0000000117af094c relative=0x000000000000058c
Event: 1128.119 Thread 0x00000003809cae00 Uncommon trap: reason=class_check action=maybe_recompile pc=0x0000000117af094c method=com.android.tools.r8.internal.jd.e()V @ 187 c2
Event: 1128.119 Thread 0x00000003809cae00 DEOPT PACKING pc=0x0000000117af094c sp=0x000000017cfc8bc0
Event: 1128.119 Thread 0x00000003809cae00 DEOPT UNPACKING pc=0x000000011423701c sp=0x000000017cfc8b40 mode 2
Event: 1128.121 Thread 0x0000000380c97600 DEOPT PACKING pc=0x000000010cfd93b8 sp=0x000000017de1cd00
Event: 1128.121 Thread 0x0000000380c97600 DEOPT UNPACKING pc=0x0000000114236e7c sp=0x000000017de1ca90 mode 0
Event: 1128.123 Thread 0x00000003809cae00 DEOPT PACKING pc=0x000000010e65d1a8 sp=0x000000017cfc8820
Event: 1128.123 Thread 0x00000003809cae00 DEOPT UNPACKING pc=0x0000000114236e7c sp=0x000000017cfc8530 mode 0
Event: 1128.124 Thread 0x0000000142546c00 DEOPT PACKING pc=0x00000001102b0134 sp=0x000000017ea64630
Event: 1128.124 Thread 0x0000000142546c00 DEOPT UNPACKING pc=0x0000000114236e7c sp=0x000000017ea64370 mode 0
Event: 1128.124 Thread 0x00000003809cae00 DEOPT PACKING pc=0x000000010cfd93b8 sp=0x000000017cfc8cb0
Event: 1128.124 Thread 0x00000003809cae00 DEOPT UNPACKING pc=0x0000000114236e7c sp=0x000000017cfc8a40 mode 0

Classes loaded (20 events):
Event: 1048.824 Loading class javax/xml/stream/FactoryFinder
Event: 1048.824 Loading class javax/xml/stream/FactoryFinder done
Event: 1048.824 Loading class javax/xml/stream/FactoryFinder$1
Event: 1048.825 Loading class javax/xml/stream/FactoryFinder$1 done
Event: 1050.790 Loading class java/text/CalendarBuilder
Event: 1050.790 Loading class java/text/CalendarBuilder done
Event: 1111.950 Loading class java/time/Ser
Event: 1111.950 Loading class java/time/Ser done
Event: 1112.801 Loading class java/net/URLDecoder
Event: 1112.802 Loading class java/net/URLDecoder done
Event: 1112.804 Loading class java/util/zip/GZIPInputStream$1
Event: 1112.804 Loading class java/util/zip/GZIPInputStream$1 done
Event: 1125.341 Loading class java/util/TreeMap$DescendingSubMap
Event: 1125.342 Loading class java/util/TreeMap$DescendingSubMap done
Event: 1125.347 Loading class java/util/TreeMap$DescendingSubMap$DescendingEntrySetView
Event: 1125.347 Loading class java/util/TreeMap$DescendingSubMap$DescendingEntrySetView done
Event: 1125.347 Loading class java/util/TreeMap$NavigableSubMap$DescendingSubMapEntryIterator
Event: 1125.347 Loading class java/util/TreeMap$NavigableSubMap$DescendingSubMapEntryIterator done
Event: 1125.352 Loading class com/sun/org/apache/xerces/internal/dom/DeepNodeListImpl
Event: 1125.352 Loading class com/sun/org/apache/xerces/internal/dom/DeepNodeListImpl done

Classes unloaded (20 events):
Event: 1127.251 Thread 0x0000000144e077c0 Unloading class 0x000000e003e273e0 'kotlin/SynchronizedLazyImpl'
Event: 1127.251 Thread 0x0000000144e077c0 Unloading class 0x000000e003e271f0 'kotlin/Lazy'
Event: 1127.251 Thread 0x0000000144e077c0 Unloading class 0x000000e003e26fa0 'kotlin/NoWhenBranchMatchedException'
Event: 1127.251 Thread 0x0000000144e077c0 Unloading class 0x000000e003e26da8 'kotlin/LazyKt'
Event: 1127.251 Thread 0x0000000144e077c0 Unloading class 0x000000e003e26bb0 'kotlin/LazyKt__LazyKt'
Event: 1127.251 Thread 0x0000000144e077c0 Unloading class 0x000000e003e269b8 'kotlin/LazyKt__LazyJVMKt'
Event: 1127.251 Thread 0x0000000144e077c0 Unloading class 0x000000e003e267a0 'dagger/spi/internal/shaded/androidx/room3/compiler/processing/javac/JavacBasicAnnotationProcessor$$Lambda+0x000000e003e267a0'
Event: 1127.251 Thread 0x0000000144e077c0 Unloading class 0x000000e003e263e0 'dagger/spi/internal/shaded/androidx/room3/compiler/processing/javac/JavacProcessingEnv'
Event: 1127.251 Thread 0x0000000144e077c0 Unloading class 0x000000e003e261f0 'dagger/spi/internal/shaded/androidx/room3/compiler/processing/XProcessingEnv'
Event: 1127.251 Thread 0x0000000144e077c0 Unloading class 0x000000e003e26000 'kotlin/jvm/functions/Function0'
Event: 1127.251 Thread 0x0000000144e077c0 Unloading class 0x000000e003e25c30 'kotlin/KotlinNullPointerException'
Event: 1127.251 Thread 0x0000000144e077c0 Unloading class 0x000000e003e259e0 'kotlin/UninitializedPropertyAccessException'
Event: 1127.251 Thread 0x0000000144e077c0 Unloading class 0x000000e003e257e8 'kotlin/jvm/internal/Intrinsics'
Event: 1127.251 Thread 0x0000000144e077c0 Unloading class 0x000000e003e255d8 'dagger/internal/codegen/ComponentProcessor$$Lambda+0x000000e003e255d8'
Event: 1127.251 Thread 0x0000000144e077c0 Unloading class 0x000000e003e253e0 'dagger/spi/internal/shaded/androidx/room3/compiler/processing/XProcessingEnvConfig'
Event: 1127.251 Thread 0x0000000144e077c0 Unloading class 0x000000e003e251f0 'kotlin/jvm/functions/Function1'
Event: 1127.251 Thread 0x0000000144e077c0 Unloading class 0x000000e003e25000 'kotlin/Function'
Event: 1127.251 Thread 0x0000000144e077c0 Unloading class 0x000000e003e24cc0 'dagger/internal/codegen/ComponentProcessor'
Event: 1127.251 Thread 0x0000000144e077c0 Unloading class 0x000000e003e249f0 'dagger/spi/internal/shaded/androidx/room3/compiler/processing/javac/JavacBasicAnnotationProcessor'
Event: 1127.251 Thread 0x0000000144e077c0 Unloading class 0x000000e003e24800 'dagger/spi/internal/shaded/androidx/room3/compiler/processing/XBasicAnnotationProcessor'

Classes redefined (0 events):
No events

Internal exceptions (20 events):
Event: 1128.026 Thread 0x000000038098c600 Implicit null exception at 0x0000000117beb63c to 0x0000000117bedfd4
Event: 1128.032 Thread 0x00000001409d1200 Exception <a 'sun/nio/fs/UnixException'{0x00000007d8f9b758}> (0x00000007d8f9b758) 
thrown [open/src/hotspot/share/prims/jni.cpp, line 520]
Event: 1128.040 Thread 0x0000000156f41800 Exception <a 'sun/nio/fs/UnixException'{0x00000007ec36c588}> (0x00000007ec36c588) 
thrown [open/src/hotspot/share/prims/jni.cpp, line 520]
Event: 1128.040 Thread 0x0000000156f41800 Exception <a 'java/io/FileNotFoundException'{0x00000007ec3787d0}> (0x00000007ec3787d0) 
thrown [open/src/hotspot/share/prims/jni.cpp, line 520]
Event: 1128.059 Thread 0x00000001409d1200 Exception <a 'sun/nio/fs/UnixException'{0x00000007d8fd0ed8}> (0x00000007d8fd0ed8) 
thrown [open/src/hotspot/share/prims/jni.cpp, line 520]
Event: 1128.059 Thread 0x00000001409d1200 Exception <a 'java/io/FileNotFoundException'{0x00000007d8fdd938}> (0x00000007d8fdd938) 
thrown [open/src/hotspot/share/prims/jni.cpp, line 520]
Event: 1128.061 Thread 0x0000000156f41800 Exception <a 'sun/nio/fs/UnixException'{0x00000007ec39b050}> (0x00000007ec39b050) 
thrown [open/src/hotspot/share/prims/jni.cpp, line 520]
Event: 1128.062 Thread 0x0000000156f41800 Exception <a 'java/io/FileNotFoundException'{0x00000007ec3a72a8}> (0x00000007ec3a72a8) 
thrown [open/src/hotspot/share/prims/jni.cpp, line 520]
Event: 1128.072 Thread 0x0000000156f41800 Exception <a 'sun/nio/fs/UnixException'{0x000000073e449830}> (0x000000073e449830) 
thrown [open/src/hotspot/share/prims/jni.cpp, line 520]
Event: 1128.076 Thread 0x0000000156f41800 Exception <a 'sun/nio/fs/UnixException'{0x000000073e47e990}> (0x000000073e47e990) 
thrown [open/src/hotspot/share/prims/jni.cpp, line 520]
Event: 1128.077 Thread 0x0000000156f41800 Exception <a 'java/io/FileNotFoundException'{0x000000073e48abf0}> (0x000000073e48abf0) 
thrown [open/src/hotspot/share/prims/jni.cpp, line 520]
Event: 1128.078 Thread 0x0000000156f41800 Exception <a 'sun/nio/fs/UnixException'{0x000000073e4ad380}> (0x000000073e4ad380) 
thrown [open/src/hotspot/share/prims/jni.cpp, line 520]
Event: 1128.078 Thread 0x00000001409d1200 Exception <a 'sun/nio/fs/UnixException'{0x000000073c6031b0}> (0x000000073c6031b0) 
thrown [open/src/hotspot/share/prims/jni.cpp, line 520]
Event: 1128.078 Thread 0x0000000156f41800 Exception <a 'java/io/FileNotFoundException'{0x000000073e4b95f0}> (0x000000073e4b95f0) 
thrown [open/src/hotspot/share/prims/jni.cpp, line 520]
Event: 1128.079 Thread 0x00000001409d1200 Exception <a 'java/io/FileNotFoundException'{0x000000073c60fc38}> (0x000000073c60fc38) 
thrown [open/src/hotspot/share/prims/jni.cpp, line 520]
Event: 1128.098 Thread 0x00000001409d1200 Exception <a 'sun/nio/fs/UnixException'{0x0000000731a05230}> (0x0000000731a05230) 
thrown [open/src/hotspot/share/prims/jni.cpp, line 520]
Event: 1128.121 Thread 0x00000001409d1200 Exception <a 'sun/nio/fs/UnixException'{0x0000000731a3ad08}> (0x0000000731a3ad08) 
thrown [open/src/hotspot/share/prims/jni.cpp, line 520]
Event: 1128.121 Thread 0x00000001409d1200 Exception <a 'java/io/FileNotFoundException'{0x0000000731a47790}> (0x0000000731a47790) 
thrown [open/src/hotspot/share/prims/jni.cpp, line 520]
Event: 1128.128 Thread 0x00000001409d1200 Exception <a 'sun/nio/fs/UnixException'{0x0000000731a6a720}> (0x0000000731a6a720) 
thrown [open/src/hotspot/share/prims/jni.cpp, line 520]
Event: 1128.129 Thread 0x00000001409d1200 Exception <a 'java/io/FileNotFoundException'{0x0000000731a771b0}> (0x0000000731a771b0) 
thrown [open/src/hotspot/share/prims/jni.cpp, line 520]

ZGC Phase Switch (0 events):
No events

VM Operations (20 events):
Event: 1127.682 Executing VM operation: ICBufferFull
Event: 1127.683 Executing VM operation: ICBufferFull done
Event: 1127.717 Executing VM operation: G1CollectForAllocation (G1 Evacuation Pause)
Event: 1127.737 Executing VM operation: G1CollectForAllocation (G1 Evacuation Pause) done
Event: 1127.814 Executing VM operation: ICBufferFull
Event: 1127.814 Executing VM operation: ICBufferFull done
Event: 1127.814 Executing VM operation: ICBufferFull
Event: 1127.814 Executing VM operation: ICBufferFull done
Event: 1127.816 Executing VM operation: ICBufferFull
Event: 1127.817 Executing VM operation: ICBufferFull done
Event: 1127.924 Executing VM operation: G1CollectForAllocation (G1 Evacuation Pause)
Event: 1127.958 Executing VM operation: G1CollectForAllocation (G1 Evacuation Pause) done
Event: 1128.072 Executing VM operation: ICBufferFull
Event: 1128.072 Executing VM operation: ICBufferFull done
Event: 1128.072 Executing VM operation: ICBufferFull
Event: 1128.073 Executing VM operation: ICBufferFull done
Event: 1128.073 Executing VM operation: ICBufferFull
Event: 1128.073 Executing VM operation: ICBufferFull done
Event: 1128.073 Executing VM operation: ICBufferFull
Event: 1128.073 Executing VM operation: ICBufferFull done

Events (20 events):
Event: 1127.274 Thread 0x0000000144e077c0 flushing nmethod 0x0000000111f70710
Event: 1127.274 Thread 0x0000000144e077c0 flushing nmethod 0x0000000111f71210
Event: 1127.274 Thread 0x0000000144e077c0 flushing nmethod 0x0000000111f71510
Event: 1127.274 Thread 0x0000000144e077c0 flushing nmethod 0x0000000111f71910
Event: 1127.274 Thread 0x0000000144e077c0 flushing nmethod 0x0000000111f72110
Event: 1127.274 Thread 0x0000000144e077c0 flushing nmethod 0x0000000111f72c90
Event: 1127.274 Thread 0x0000000144e077c0 flushing nmethod 0x0000000111f73090
Event: 1127.274 Thread 0x0000000144e077c0 flushing nmethod 0x0000000111f76c90
Event: 1127.274 Thread 0x0000000144e077c0 flushing nmethod 0x0000000111f77590
Event: 1127.274 Thread 0x0000000144e077c0 flushing nmethod 0x0000000111f77a90
Event: 1127.274 Thread 0x0000000144e077c0 flushing nmethod 0x0000000111f77e90
Event: 1127.274 Thread 0x0000000144e077c0 flushing nmethod 0x0000000111f78990
Event: 1127.274 Thread 0x0000000144e077c0 flushing nmethod 0x0000000111f79490
Event: 1127.274 Thread 0x0000000144e077c0 flushing nmethod 0x0000000111f79a10
Event: 1127.274 Thread 0x0000000144e077c0 flushing nmethod 0x000000011214a990
Event: 1127.274 Thread 0x0000000144e077c0 flushing nmethod 0x000000011214b810
Event: 1127.274 Thread 0x0000000144e077c0 flushing nmethod 0x000000011214bc10
Event: 1127.274 Thread 0x0000000144e077c0 flushing nmethod 0x0000000112152c90
Event: 1127.274 Thread 0x0000000144e077c0 flushing nmethod 0x0000000112154d90
Event: 1127.274 Thread 0x0000000144e077c0 flushing nmethod 0x0000000112157990


Dynamic libraries:
0x000000010274c000 	/Library/Java/JavaVirtualMachines/jdk-21.jdk/Contents/Home/lib/libjli.dylib
0x00000001a93b0000 	/System/Library/Frameworks/Cocoa.framework/Versions/A/Cocoa
0x000000018dfcd000 	/System/Library/Frameworks/AppKit.framework/Versions/C/AppKit
0x000000019160e000 	/System/Library/Frameworks/CoreData.framework/Versions/A/CoreData
0x000000018b3c2000 	/System/Library/Frameworks/Foundation.framework/Versions/C/Foundation
0x000000019996e000 	/usr/lib/libSystem.B.dylib
0x000000018f6f1000 	/System/Library/PrivateFrameworks/UIFoundation.framework/Versions/A/UIFoundation
0x0000000242c6e000 	/System/Library/PrivateFrameworks/CollectionViewCore.framework/Versions/A/CollectionViewCore
0x0000000196c0f000 	/System/Library/PrivateFrameworks/XCTTargetBootstrap.framework/Versions/A/XCTTargetBootstrap
0x00000002555a1000 	/System/Library/PrivateFrameworks/GenerativeModels.framework/Versions/A/GenerativeModels
0x000000019c386000 	/System/Library/PrivateFrameworks/InternationalSupport.framework/Versions/A/InternationalSupport
0x000000019c6e2000 	/System/Library/PrivateFrameworks/UserActivity.framework/Versions/A/UserActivity
0x0000000191c9e000 	/System/Library/PrivateFrameworks/BaseBoard.framework/Versions/A/BaseBoard
0x000000024c750000 	/System/Library/PrivateFrameworks/FrontBoard.framework/Versions/A/FrontBoard
0x00000001a40f0000 	/System/Library/PrivateFrameworks/FrontBoardServices.framework/Versions/A/FrontBoardServices
0x000000028d931000 	/usr/lib/libRosetta.dylib
0x0000000280c3f000 	/System/Library/PrivateFrameworks/UIIntelligenceSupport.framework/Versions/A/UIIntelligenceSupport
0x0000000236f7b000 	/System/Library/Frameworks/SwiftUICore.framework/Versions/A/SwiftUICore
0x00000002877eb000 	/System/Library/PrivateFrameworks/WritingTools.framework/Versions/A/WritingTools
0x00000002865e2000 	/System/Library/PrivateFrameworks/WindowManagement.framework/Versions/A/WindowManagement
0x000000018b031000 	/System/Library/Frameworks/SystemConfiguration.framework/Versions/A/SystemConfiguration
0x000000019b5f1000 	/usr/lib/libspindump.dylib
0x000000018f8aa000 	/System/Library/Frameworks/UniformTypeIdentifiers.framework/Versions/A/UniformTypeIdentifiers
0x0000000198bc1000 	/usr/lib/libbsm.0.dylib
0x000000019439f000 	/usr/lib/libapp_launch_measurement.dylib
0x00000001936a9000 	/System/Library/PrivateFrameworks/CoreAnalytics.framework/Versions/A/CoreAnalytics
0x00000001943a3000 	/System/Library/PrivateFrameworks/CoreAutoLayout.framework/Versions/A/CoreAutoLayout
0x0000000196188000 	/System/Library/Frameworks/Metal.framework/Versions/A/Metal
0x000000019754c000 	/usr/lib/liblangid.dylib
0x0000000196c15000 	/System/Library/PrivateFrameworks/CoreSVG.framework/Versions/A/CoreSVG
0x0000000190305000 	/System/Library/PrivateFrameworks/SkyLight.framework/Versions/A/SkyLight
0x000000024c480000 	/System/Library/PrivateFrameworks/FocusEngine.framework/Versions/A/FocusEngine
0x00000001908bc000 	/System/Library/Frameworks/CoreGraphics.framework/Versions/A/CoreGraphics
0x0000000249e89000 	/System/Library/PrivateFrameworks/DesignLibrary.framework/Versions/A/DesignLibrary
0x00000001a2371000 	/System/Library/Frameworks/Accelerate.framework/Versions/A/Accelerate
0x000000019b3e6000 	/System/Library/PrivateFrameworks/IconServices.framework/Versions/A/IconServices
0x0000000196160000 	/System/Library/Frameworks/IOSurface.framework/Versions/A/IOSurface
0x00000001936d9000 	/usr/lib/libDiagnosticMessagesClient.dylib
0x00000001998b8000 	/usr/lib/libz.1.dylib
0x00000001a67cc000 	/System/Library/Frameworks/ApplicationServices.framework/Versions/A/ApplicationServices
0x0000000196bfa000 	/System/Library/PrivateFrameworks/DFRFoundation.framework/Versions/A/DFRFoundation
0x000000018d81a000 	/usr/lib/libicucore.A.dylib
0x000000019d90f000 	/System/Library/Frameworks/AudioToolbox.framework/Versions/A/AudioToolbox
0x000000019c690000 	/System/Library/PrivateFrameworks/DataDetectorsCore.framework/Versions/A/DataDetectorsCore
0x0000000281b8c000 	/System/Library/PrivateFrameworks/UpdateCycle.framework/Versions/A/UpdateCycle
0x00000001bb314000 	/System/Library/PrivateFrameworks/TextInput.framework/Versions/A/TextInput
0x0000000190249000 	/usr/lib/libMobileGestalt.dylib
0x00000001968fe000 	/System/Library/Frameworks/Carbon.framework/Versions/A/Frameworks/HIToolbox.framework/Versions/A/HIToolbox
0x0000000193c03000 	/System/Library/Frameworks/QuartzCore.framework/Versions/A/QuartzCore
0x000000018d3fa000 	/System/Library/Frameworks/Security.framework/Versions/A/Security
0x00000001a1ce0000 	/System/Library/Frameworks/Carbon.framework/Versions/A/Frameworks/SpeechRecognition.framework/Versions/A/SpeechRecognition
0x000000019406a000 	/System/Library/PrivateFrameworks/CoreUI.framework/Versions/A/CoreUI
0x000000018cc64000 	/System/Library/Frameworks/CoreAudio.framework/Versions/A/CoreAudio
0x00000001937d4000 	/System/Library/Frameworks/DiskArbitration.framework/Versions/A/DiskArbitration
0x000000019bb8f000 	/System/Library/PrivateFrameworks/MultitouchSupport.framework/Versions/A/MultitouchSupport
0x0000000190247000 	/usr/lib/libenergytrace.dylib
0x00000001ae46a000 	/System/Library/PrivateFrameworks/RenderBox.framework/Versions/A/RenderBox
0x000000018de72000 	/System/Library/Frameworks/IOKit.framework/Versions/A/IOKit
0x00000001a20f2000 	/System/Library/Frameworks/CoreServices.framework/Versions/A/CoreServices
0x0000000194326000 	/System/Library/PrivateFrameworks/PerformanceAnalysis.framework/Versions/A/PerformanceAnalysis
0x000000022f861000 	/System/Library/Frameworks/OpenGL.framework/Versions/A/OpenGL
0x00000001943ec000 	/usr/lib/libxml2.2.dylib
0x0000000198aa2000 	/System/Library/PrivateFrameworks/MobileKeyBag.framework/Versions/A/MobileKeyBag
0x00000001896a0000 	/usr/lib/libobjc.A.dylib
0x0000000189a23000 	/usr/lib/libc++.1.dylib
0x00000001a2070000 	/System/Library/Frameworks/Accessibility.framework/Versions/A/Accessibility
0x0000000191012000 	/System/Library/Frameworks/ColorSync.framework/Versions/A/ColorSync
0x0000000189b53000 	/System/Library/Frameworks/CoreFoundation.framework/Versions/A/CoreFoundation
0x0000000196f94000 	/System/Library/Frameworks/CoreImage.framework/Versions/A/CoreImage
0x000000018ca3a000 	/System/Library/Frameworks/CoreText.framework/Versions/A/CoreText
0x0000000231262000 	/System/Library/Frameworks/CoreTransferable.framework/Versions/A/CoreTransferable
0x000000023177d000 	/System/Library/Frameworks/DataDetection.framework/Versions/A/DataDetection
0x0000000231794000 	/System/Library/Frameworks/DeveloperToolsSupport.framework/Versions/A/DeveloperToolsSupport
0x0000000196c53000 	/System/Library/Frameworks/ImageIO.framework/Versions/A/ImageIO
0x0000000237ed8000 	/System/Library/Frameworks/Symbols.framework/Versions/A/Symbols
0x00000001c06aa000 	/System/Library/PrivateFrameworks/AttributeGraph.framework/Versions/A/AttributeGraph
0x00000001a41ca000 	/System/Library/PrivateFrameworks/BoardServices.framework/Versions/A/BoardServices
0x00000001e59dd000 	/System/Library/PrivateFrameworks/FeatureFlags.framework/Versions/A/FeatureFlags
0x0000000255a4c000 	/System/Library/PrivateFrameworks/Gestures.framework/Versions/A/Gestures
0x0000000199972000 	/System/Library/PrivateFrameworks/SoftLinking.framework/Versions/A/SoftLinking
0x00000001cf3d0000 	/usr/lib/swift/libswiftAccelerate.dylib
0x00000001c5510000 	/usr/lib/swift/libswiftCompression.dylib
0x000000019d263000 	/usr/lib/swift/libswiftCore.dylib
0x00000001b752c000 	/usr/lib/swift/libswiftCoreFoundation.dylib
0x00000001b758c000 	/usr/lib/swift/libswiftCoreImage.dylib
0x00000001a3e69000 	/usr/lib/swift/libswiftDispatch.dylib
0x00000001b758d000 	/usr/lib/swift/libswiftIOKit.dylib
0x00000001c5502000 	/usr/lib/swift/libswiftMetal.dylib
0x00000001d4d14000 	/usr/lib/swift/libswiftOSLog.dylib
0x00000001a6e43000 	/usr/lib/swift/libswiftObjectiveC.dylib
0x000000028f0a0000 	/usr/lib/swift/libswiftObservation.dylib
0x00000001ca928000 	/usr/lib/swift/libswiftQuartzCore.dylib
0x000000028f162000 	/usr/lib/swift/libswiftSpatial.dylib
0x000000028f1dc000 	/usr/lib/swift/libswiftSynchronization.dylib
0x00000001cf3c0000 	/usr/lib/swift/libswiftUniformTypeIdentifiers.dylib
0x00000001b753f000 	/usr/lib/swift/libswiftXPC.dylib
0x000000028f222000 	/usr/lib/swift/libswift_Builtin_float.dylib
0x000000028f223000 	/usr/lib/swift/libswift_Concurrency.dylib
0x00000001a6e47000 	/usr/lib/swift/libswiftos.dylib
0x00000001bb086000 	/usr/lib/swift/libswiftsimd.dylib
0x0000000199c19000 	/usr/lib/libcompression.dylib
0x000000019c2ef000 	/System/Library/PrivateFrameworks/TextureIO.framework/Versions/A/TextureIO
0x00000001911ba000 	/System/Library/Frameworks/ApplicationServices.framework/Versions/A/Frameworks/HIServices.framework/Versions/A/HIServices
0x000000019b070000 	/usr/lib/libate.dylib
0x0000000199968000 	/usr/lib/system/libcache.dylib
0x0000000199923000 	/usr/lib/system/libcommonCrypto.dylib
0x000000019994e000 	/usr/lib/system/libcompiler_rt.dylib
0x0000000199943000 	/usr/lib/system/libcopyfile.dylib
0x0000000189856000 	/usr/lib/system/libcorecrypto.dylib
0x0000000189956000 	/usr/lib/system/libdispatch.dylib
0x00000001896f3000 	/usr/lib/system/libdyld.dylib
0x000000019995e000 	/usr/lib/system/libkeymgr.dylib
0x0000000199906000 	/usr/lib/system/libmacho.dylib
0x0000000198b99000 	/usr/lib/system/libquarantine.dylib
0x000000019995b000 	/usr/lib/system/libremovefile.dylib
0x00000001902c9000 	/usr/lib/system/libsystem_asl.dylib
0x00000001897dc000 	/usr/lib/system/libsystem_blocks.dylib
0x00000001899a1000 	/usr/lib/system/libsystem_c.dylib
0x0000000199952000 	/usr/lib/system/libsystem_collections.dylib
0x0000000197539000 	/usr/lib/system/libsystem_configuration.dylib
0x0000000196127000 	/usr/lib/system/libsystem_containermanager.dylib
0x0000000199338000 	/usr/lib/system/libsystem_coreservices.dylib
0x000000018daf0000 	/usr/lib/system/libsystem_darwin.dylib
0x000000028f544000 	/usr/lib/system/libsystem_darwindirectory.dylib
0x000000019995f000 	/usr/lib/system/libsystem_dnssd.dylib
0x000000028f548000 	/usr/lib/system/libsystem_eligibility.dylib
0x000000018999e000 	/usr/lib/system/libsystem_featureflags.dylib
0x0000000189b23000 	/usr/lib/system/libsystem_info.dylib
0x00000001998c7000 	/usr/lib/system/libsystem_m.dylib
0x0000000189905000 	/usr/lib/system/libsystem_malloc.dylib
0x000000019022c000 	/usr/lib/system/libsystem_networkextension.dylib
0x000000018df5b000 	/usr/lib/system/libsystem_notify.dylib
0x000000019753e000 	/usr/lib/system/libsystem_sandbox.dylib
0x000000028f553000 	/usr/lib/system/libsystem_sanitizers.dylib
0x0000000199957000 	/usr/lib/system/libsystem_secinit.dylib
0x0000000189acf000 	/usr/lib/system/libsystem_kernel.dylib
0x0000000189b1a000 	/usr/lib/system/libsystem_platform.dylib
0x0000000189b0d000 	/usr/lib/system/libsystem_pthread.dylib
0x0000000191e82000 	/usr/lib/system/libsystem_symptoms.dylib
0x0000000189835000 	/usr/lib/system/libsystem_trace.dylib
0x000000028f55b000 	/usr/lib/system/libsystem_trial.dylib
0x0000000199931000 	/usr/lib/system/libunwind.dylib
0x00000001897e0000 	/usr/lib/system/libxpc.dylib
0x0000000189ab4000 	/usr/lib/libc++abi.dylib
0x000000028edad000 	/usr/lib/libswiftPrespecialized.dylib
0x0000000199970000 	/usr/lib/libfakelink.dylib
0x000000018fe76000 	/System/Library/Frameworks/CFNetwork.framework/Versions/A/CFNetwork
0x00000001999c3000 	/usr/lib/libarchive.2.dylib
0x000000019fd64000 	/System/Library/Frameworks/Combine.framework/Versions/A/Combine
0x0000000242c93000 	/System/Library/PrivateFrameworks/CollectionsInternal.framework/Versions/A/CollectionsInternal
0x000000026ecd9000 	/System/Library/PrivateFrameworks/ReflectionInternal.framework/Versions/A/ReflectionInternal
0x000000026fc2d000 	/System/Library/PrivateFrameworks/RuntimeInternal.framework/Versions/A/RuntimeInternal
0x00000001b42ef000 	/usr/lib/swift/libswiftDarwin.dylib
0x000000028f1f0000 	/usr/lib/swift/libswiftSystem.dylib
0x000000028f2af000 	/usr/lib/swift/libswift_DarwinFoundation1.dylib
0x000000028f353000 	/usr/lib/swift/libswift_StringProcessing.dylib
0x000000018ddf2000 	/System/Library/PrivateFrameworks/CoreServicesInternal.framework/Versions/A/CoreServicesInternal
0x000000019993b000 	/usr/lib/liboah.dylib
0x00000001a6277000 	/System/Library/PrivateFrameworks/DiskImages.framework/Versions/A/DiskImages
0x00000001b3d93000 	/System/Library/Frameworks/NetFS.framework/Versions/A/NetFS
0x0000000194368000 	/System/Library/Frameworks/CoreServices.framework/Versions/A/Frameworks/FSEvents.framework/Versions/A/FSEvents
0x000000018dafa000 	/System/Library/Frameworks/CoreServices.framework/Versions/A/Frameworks/CarbonCore.framework/Versions/A/CarbonCore
0x0000000193748000 	/System/Library/Frameworks/CoreServices.framework/Versions/A/Frameworks/Metadata.framework/Versions/A/Metadata
0x000000019933f000 	/System/Library/Frameworks/CoreServices.framework/Versions/A/Frameworks/OSServices.framework/Versions/A/OSServices
0x0000000199abb000 	/System/Library/Frameworks/CoreServices.framework/Versions/A/Frameworks/SearchKit.framework/Versions/A/SearchKit
0x0000000191dfc000 	/System/Library/Frameworks/CoreServices.framework/Versions/A/Frameworks/AE.framework/Versions/A/AE
0x000000018a0b2000 	/System/Library/Frameworks/CoreServices.framework/Versions/A/Frameworks/LaunchServices.framework/Versions/A/LaunchServices
0x000000019aec4000 	/System/Library/Frameworks/CoreServices.framework/Versions/A/Frameworks/DictionaryServices.framework/Versions/A/DictionaryServices
0x0000000194375000 	/System/Library/Frameworks/CoreServices.framework/Versions/A/Frameworks/SharedFileList.framework/Versions/A/SharedFileList
0x0000000199b4e000 	/usr/lib/libapple_nghttp2.dylib
0x0000000191a18000 	/usr/lib/libsqlite3.dylib
0x0000000191c01000 	/System/Library/Frameworks/Accounts.framework/Versions/A/Accounts
0x00000001a64b9000 	/System/Library/PrivateFrameworks/AppSupport.framework/Versions/A/AppSupport
0x00000001b62de000 	/System/Library/Frameworks/AVFoundation.framework/Versions/A/AVFoundation
0x000000019df9e000 	/System/Library/Frameworks/GSS.framework/Versions/A/GSS
0x0000000191d90000 	/System/Library/PrivateFrameworks/RunningBoardServices.framework/Versions/A/RunningBoardServices
0x00000001a6dcb000 	/System/Library/PrivateFrameworks/StreamingZip.framework/Versions/A/StreamingZip
0x0000000191e8b000 	/System/Library/Frameworks/Network.framework/Versions/A/Network
0x000000019990a000 	/usr/lib/system/libkxld.dylib
0x000000023e265000 	/System/Library/PrivateFrameworks/AppleKeyStore.framework/Versions/A/AppleKeyStore
0x000000028d633000 	/usr/lib/libCoreEntitlements.dylib
0x00000002633a5000 	/System/Library/PrivateFrameworks/MessageSecurity.framework/Versions/A/MessageSecurity
0x00000001919fc000 	/System/Library/PrivateFrameworks/ProtocolBuffer.framework/Versions/A/ProtocolBuffer
0x00000001a3278000 	/System/Library/PrivateFrameworks/SymptomDiagnosticReporter.framework/Versions/A/SymptomDiagnosticReporter
0x000000019b109000 	/System/Library/PrivateFrameworks/CrashReporterSupport.framework/Versions/A/CrashReporterSupport
0x000000019931f000 	/System/Library/PrivateFrameworks/AppleFSCompression.framework/Versions/A/AppleFSCompression
0x0000000198ba9000 	/usr/lib/libcoretls.dylib
0x000000019af3a000 	/usr/lib/libcoretls_cfhelpers.dylib
0x0000000199c13000 	/usr/lib/libpam.2.dylib
0x000000019afb0000 	/usr/lib/libxar.1.dylib
0x000000019af3c000 	/System/Library/PrivateFrameworks/APFS.framework/Versions/A/APFS
0x000000027b3b3000 	/System/Library/PrivateFrameworks/SwiftASN1Internal.framework/Versions/A/SwiftASN1Internal
0x000000019afbf000 	/usr/lib/libutil.dylib
0x0000000197547000 	/System/Library/PrivateFrameworks/AppleSystemInfo.framework/Versions/A/AppleSystemInfo
0x0000000198870000 	/System/Library/PrivateFrameworks/IOMobileFramebuffer.framework/Versions/A/IOMobileFramebuffer
0x00000001a5bd7000 	/System/Library/PrivateFrameworks/CoreWiFi.framework/Versions/A/CoreWiFi
0x00000001b73ec000 	/System/Library/PrivateFrameworks/LoggingSupport.framework/Versions/A/LoggingSupport
0x000000019e001000 	/System/Library/PrivateFrameworks/MobileAsset.framework/Versions/A/MobileAsset
0x00000001a3288000 	/System/Library/PrivateFrameworks/PowerLog.framework/Versions/A/PowerLog
0x00000001a474a000 	/System/Library/PrivateFrameworks/Rapport.framework/Versions/A/Rapport
0x0000000236e0e000 	/System/Library/Frameworks/SwiftData.framework/Versions/A/SwiftData
0x0000000194595000 	/System/Library/PrivateFrameworks/UserManagement.framework/Versions/A/UserManagement
0x000000018fd9d000 	/usr/lib/libboringssl.dylib
0x0000000191e70000 	/usr/lib/libdns_services.dylib
0x00000001b6412000 	/usr/lib/libquic.dylib
0x000000019d1f4000 	/usr/lib/libusrtcp.dylib
0x000000023f11f000 	/System/Library/PrivateFrameworks/AtomicsInternal.framework/Versions/A/AtomicsInternal
0x00000001dd7d2000 	/System/Library/PrivateFrameworks/InternalSwiftProtobuf.framework/Versions/A/InternalSwiftProtobuf
0x000000028f077000 	/usr/lib/swift/libswiftDistributed.dylib
0x0000000197545000 	/System/Library/PrivateFrameworks/AggregateDictionary.framework/Versions/A/AggregateDictionary
0x000000023f94f000 	/System/Library/PrivateFrameworks/BiomeLibrary.framework/Versions/A/BiomeLibrary
0x00000001c6575000 	/System/Library/PrivateFrameworks/BiomeStreams.framework/Versions/A/BiomeStreams
0x00000001c25c4000 	/System/Library/PrivateFrameworks/BiomeFoundation.framework/Versions/A/BiomeFoundation
0x00000001cc822000 	/System/Library/PrivateFrameworks/BiomePubSub.framework/Versions/A/BiomePubSub
0x00000001a7dae000 	/System/Library/PrivateFrameworks/ProactiveSupport.framework/Versions/A/ProactiveSupport
0x0000000238e6c000 	/System/Library/Frameworks/_LocationEssentials.framework/Versions/A/_LocationEssentials
0x000000019af1b000 	/usr/lib/liblzma.5.dylib
0x00000001a67cd000 	/System/Library/PrivateFrameworks/InternationalTextSearch.framework/Versions/A/InternationalTextSearch
0x00000001bea97000 	/System/Library/PrivateFrameworks/SoftwareUpdateCoreSupport.framework/Versions/A/SoftwareUpdateCoreSupport
0x00000001c7014000 	/System/Library/PrivateFrameworks/SoftwareUpdateCoreConnect.framework/Versions/A/SoftwareUpdateCoreConnect
0x00000001a6371000 	/System/Library/PrivateFrameworks/RemoteServiceDiscovery.framework/Versions/A/RemoteServiceDiscovery
0x00000001be66e000 	/System/Library/PrivateFrameworks/MSUDataAccessor.framework/Versions/A/MSUDataAccessor
0x00000001b95bf000 	/usr/lib/libbootpolicy.dylib
0x00000001a6388000 	/System/Library/PrivateFrameworks/RemoteXPC.framework/Versions/A/RemoteXPC
0x00000001c6449000 	/usr/lib/libFDR.dylib
0x00000001cc424000 	/usr/lib/libamsupport.dylib
0x000000028d929000 	/usr/lib/libReverseProxyDevice.dylib
0x000000023dad3000 	/System/Library/PrivateFrameworks/AppleDeviceQuerySupport.framework/Versions/A/AppleDeviceQuerySupport
0x00000001cf5ee000 	/usr/lib/libpartition2_dynamic.dylib
0x0000000199b2a000 	/System/Library/PrivateFrameworks/AppleSauce.framework/Versions/A/AppleSauce
0x000000028d4de000 	/usr/lib/libAppleArchive.dylib
0x000000019932b000 	/usr/lib/libbz2.1.0.dylib
0x00000001937de000 	/System/Library/Frameworks/Accelerate.framework/Versions/A/Frameworks/vImage.framework/Versions/A/vImage
0x00000001a20cd000 	/System/Library/Frameworks/Accelerate.framework/Versions/A/Frameworks/vecLib.framework/Versions/A/vecLib
0x000000019aff6000 	/System/Library/Frameworks/Accelerate.framework/Versions/A/Frameworks/vecLib.framework/Versions/A/libvMisc.dylib
0x000000018a5b6000 	/System/Library/Frameworks/Accelerate.framework/Versions/A/Frameworks/vecLib.framework/Versions/A/libBLAS.dylib
0x00000001944d3000 	/System/Library/Frameworks/CoreVideo.framework/Versions/A/CoreVideo
0x000000019dbae000 	/System/Library/Frameworks/ApplicationServices.framework/Versions/A/Frameworks/ATS.framework/Versions/A/ATS
0x000000019c27c000 	/System/Library/Frameworks/ApplicationServices.framework/Versions/A/Frameworks/PrintCore.framework/Versions/A/PrintCore
0x000000019df67000 	/System/Library/Frameworks/ApplicationServices.framework/Versions/A/Frameworks/QD.framework/Versions/A/QD
0x000000019df62000 	/System/Library/Frameworks/ApplicationServices.framework/Versions/A/Frameworks/ColorSyncLegacy.framework/Versions/A/ColorSyncLegacy
0x000000019db80000 	/System/Library/Frameworks/ApplicationServices.framework/Versions/A/Frameworks/SpeechSynthesis.framework/Versions/A/SpeechSynthesis
0x000000019662e000 	/System/Library/PrivateFrameworks/FontServices.framework/libFontParser.dylib
0x00000001a6099000 	/System/Library/PrivateFrameworks/BackBoardServices.framework/Versions/A/BackBoardServices
0x000000023f854000 	/System/Library/PrivateFrameworks/BackBoardHIDEventFoundation.framework/Versions/A/BackBoardHIDEventFoundation
0x000000018c556000 	/System/Library/Frameworks/CoreDisplay.framework/Versions/A/CoreDisplay
0x000000019bbd5000 	/System/Library/Frameworks/VideoToolbox.framework/Versions/A/VideoToolbox
0x0000000199c11000 	/System/Library/Frameworks/MetalPerformanceShaders.framework/Versions/A/MetalPerformanceShaders
0x000000026dbe3000 	/System/Library/PrivateFrameworks/ProDisplayLibrary.framework/Versions/A/ProDisplayLibrary
0x00000001a9ece000 	/System/Library/PrivateFrameworks/IOSurfaceAccelerator.framework/Versions/A/IOSurfaceAccelerator
0x000000019617d000 	/System/Library/PrivateFrameworks/IOAccelerator.framework/Versions/A/IOAccelerator
0x000000019648c000 	/System/Library/Frameworks/CoreMedia.framework/Versions/A/CoreMedia
0x00000001902e1000 	/System/Library/PrivateFrameworks/TCC.framework/Versions/A/TCC
0x000000019bb8d000 	/System/Library/PrivateFrameworks/WatchdogClient.framework/Versions/A/WatchdogClient
0x00000001b750c000 	/usr/lib/swift/libswiftCoreAudio.dylib
0x00000001d3561000 	/usr/lib/swift/libswiftCoreMedia.dylib
0x000000028f20a000 	/usr/lib/swift/libswiftVideoToolbox.dylib
0x00000001cc883000 	/System/Library/PrivateFrameworks/BiomeStorage.framework/Versions/A/BiomeStorage
0x000000025c094000 	/System/Library/PrivateFrameworks/IntelligencePlatformLibrary.framework/Versions/A/IntelligencePlatformLibrary
0x000000026c9a7000 	/System/Library/PrivateFrameworks/PoirotSchematizer.framework/Versions/A/PoirotSchematizer
0x000000024020a000 	/System/Library/PrivateFrameworks/BiomeSync.framework/Versions/A/BiomeSync
0x000000023f935000 	/System/Library/PrivateFrameworks/BiomeDSL.framework/Versions/A/BiomeDSL
0x000000026ca15000 	/System/Library/PrivateFrameworks/PoirotUDFs.framework/Versions/A/PoirotUDFs
0x000000028f2b2000 	/usr/lib/swift/libswift_DarwinFoundation2.dylib
0x000000028f2b3000 	/usr/lib/swift/libswift_DarwinFoundation3.dylib
0x00000001a473f000 	/System/Library/PrivateFrameworks/CoreTime.framework/Versions/A/CoreTime
0x00000001999a8000 	/usr/lib/libiconv.2.dylib
0x0000000199905000 	/usr/lib/libcharset.1.dylib
0x000000026c96a000 	/System/Library/PrivateFrameworks/PoirotSQLite.framework/Versions/A/PoirotSQLite
0x000000028f2b4000 	/usr/lib/swift/libswift_RegexParser.dylib
0x0000000241840000 	/System/Library/PrivateFrameworks/CascadeSets.framework/Versions/A/CascadeSets
0x000000019e178000 	/System/Library/PrivateFrameworks/CorePhoneNumbers.framework/Versions/A/CorePhoneNumbers
0x000000019b987000 	/System/Library/PrivateFrameworks/AppleJPEG.framework/Versions/A/AppleJPEG
0x000000019b360000 	/usr/lib/libexpat.1.dylib
0x000000019c152000 	/System/Library/Frameworks/ImageIO.framework/Versions/A/Resources/libPng.dylib
0x000000019c17d000 	/System/Library/Frameworks/ImageIO.framework/Versions/A/Resources/libTIFF.dylib
0x000000019c265000 	/System/Library/Frameworks/ImageIO.framework/Versions/A/Resources/libGIF.dylib
0x000000019b9cc000 	/System/Library/Frameworks/ImageIO.framework/Versions/A/Resources/libJP2.dylib
0x000000019c20c000 	/System/Library/Frameworks/ImageIO.framework/Versions/A/Resources/libJPEG.dylib
0x000000019c203000 	/System/Library/Frameworks/ImageIO.framework/Versions/A/Resources/libRadiance.dylib
0x0000000251ce4000 	/System/Library/PrivateFrameworks/GPUCompiler.framework/Versions/32023/Libraries/libllvm-flatbuffers.dylib
0x000000024c743000 	/System/Library/PrivateFrameworks/FramePacing.framework/Versions/A/FramePacing
0x000000022f853000 	/System/Library/Frameworks/OpenGL.framework/Versions/A/Libraries/libCoreFSCache.dylib
0x000000024d871000 	/System/Library/PrivateFrameworks/GPUCompiler.framework/Versions/32023/Libraries/libGPUCompilerUtils.dylib
0x00000001a4297000 	/System/Library/PrivateFrameworks/GraphicsServices.framework/Versions/A/GraphicsServices
0x000000022f8b2000 	/System/Library/Frameworks/OpenGL.framework/Versions/A/Libraries/libGLU.dylib
0x000000022f875000 	/System/Library/Frameworks/OpenGL.framework/Versions/A/Libraries/libGFXShared.dylib
0x000000022fa42000 	/System/Library/Frameworks/OpenGL.framework/Versions/A/Libraries/libGL.dylib
0x000000022f87e000 	/System/Library/Frameworks/OpenGL.framework/Versions/A/Libraries/libGLImage.dylib
0x000000022f872000 	/System/Library/Frameworks/OpenGL.framework/Versions/A/Libraries/libCVMSPluginSupport.dylib
0x000000022f85b000 	/System/Library/Frameworks/OpenGL.framework/Versions/A/Libraries/libCoreVMClient.dylib
0x000000019c1fe000 	/System/Library/PrivateFrameworks/GPUWrangler.framework/Versions/A/GPUWrangler
0x000000019c1de000 	/System/Library/PrivateFrameworks/IOPresentment.framework/Versions/A/IOPresentment
0x000000019c206000 	/System/Library/PrivateFrameworks/DSExternalDisplay.framework/Versions/A/DSExternalDisplay
0x0000000283269000 	/System/Library/PrivateFrameworks/VideoToolboxParavirtualizationSupport.framework/Versions/A/VideoToolboxParavirtualizationSupport
0x000000019b317000 	/System/Library/PrivateFrameworks/AppleVA.framework/Versions/A/AppleVA
0x00000002318de000 	/System/Library/Frameworks/ExtensionFoundation.framework/Versions/A/ExtensionFoundation
0x000000019c26b000 	/System/Library/PrivateFrameworks/CMCaptureCore.framework/Versions/A/CMCaptureCore
0x000000019b5e4000 	/System/Library/PrivateFrameworks/AppServerSupport.framework/Versions/A/AppServerSupport
0x000000019df70000 	/System/Library/PrivateFrameworks/perfdata.framework/Versions/A/perfdata
0x000000018c677000 	/System/Library/PrivateFrameworks/AudioToolboxCore.framework/Versions/A/AudioToolboxCore
0x0000000196462000 	/System/Library/PrivateFrameworks/caulk.framework/Versions/A/caulk
0x000000019db66000 	/usr/lib/libAudioStatistics.dylib
0x00000001b6507000 	/System/Library/PrivateFrameworks/SystemPolicy.framework/Versions/A/SystemPolicy
0x000000019de14000 	/usr/lib/libSMC.dylib
0x00000001bde7d000 	/usr/lib/swift/libswiftCoreMIDI.dylib
0x00000001a91bd000 	/System/Library/Frameworks/CoreMIDI.framework/Versions/A/CoreMIDI
0x000000019c12c000 	/usr/lib/libAudioToolboxUtility.dylib
0x000000019df7e000 	/usr/lib/libperfcheck.dylib
0x000000023f1ee000 	/System/Library/PrivateFrameworks/AudioAnalytics.framework/Versions/A/AudioAnalytics
0x00000001dd4be000 	/System/Library/Frameworks/OSLog.framework/Versions/A/OSLog
0x0000000268417000 	/System/Library/PrivateFrameworks/OSEligibility.framework/Versions/A/OSEligibility
0x0000000232cc5000 	/System/Library/Frameworks/LightweightCodeRequirements.framework/Versions/A/LightweightCodeRequirements
0x000000019b260000 	/System/Library/PrivateFrameworks/PlugInKit.framework/Versions/A/PlugInKit
0x0000000198aba000 	/System/Library/PrivateFrameworks/AssertionServices.framework/Versions/A/AssertionServices
0x000000019b385000 	/System/Library/PrivateFrameworks/IconFoundation.framework/Versions/A/IconFoundation
0x0000000258c20000 	/System/Library/PrivateFrameworks/IconRendering.framework/Versions/A/IconRendering
0x000000026fe12000 	/System/Library/PrivateFrameworks/SFSymbols.framework/Versions/A/SFSymbols
0x000000019b594000 	/System/Library/PrivateFrameworks/GraphVisualizer.framework/Versions/A/GraphVisualizer
0x000000024c64e000 	/System/Library/PrivateFrameworks/FontServices.framework/Versions/A/FontServices
0x000000019b5a4000 	/System/Library/PrivateFrameworks/OTSVG.framework/Versions/A/OTSVG
0x0000000194019000 	/System/Library/Frameworks/ApplicationServices.framework/Versions/A/Frameworks/ATS.framework/Versions/A/Resources/libFontRegistry.dylib
0x000000028e403000 	/usr/lib/libhvf.dylib
0x00000002690a4000 	/System/Library/PrivateFrameworks/ParsingInternal.framework/Versions/A/ParsingInternal
0x000000024c652000 	/System/Library/PrivateFrameworks/FontServices.framework/libXTFontStaticRegistryData.dylib
0x000000019747f000 	/System/Library/Frameworks/MetalPerformanceShaders.framework/Versions/A/Frameworks/MPSCore.framework/Versions/A/MPSCore
0x000000019928a000 	/System/Library/Frameworks/MetalPerformanceShaders.framework/Versions/A/Frameworks/MPSImage.framework/Versions/A/MPSImage
0x0000000198c49000 	/System/Library/Frameworks/MetalPerformanceShaders.framework/Versions/A/Frameworks/MPSNeuralNetwork.framework/Versions/A/MPSNeuralNetwork
0x0000000199088000 	/System/Library/Frameworks/MetalPerformanceShaders.framework/Versions/A/Frameworks/MPSMatrix.framework/Versions/A/MPSMatrix
0x0000000198ea0000 	/System/Library/Frameworks/MetalPerformanceShaders.framework/Versions/A/Frameworks/MPSRayIntersector.framework/Versions/A/MPSRayIntersector
0x00000001990ba000 	/System/Library/Frameworks/MetalPerformanceShaders.framework/Versions/A/Frameworks/MPSNDArray.framework/Versions/A/MPSNDArray
0x0000000233b4a000 	/System/Library/Frameworks/MetalPerformanceShaders.framework/Versions/A/Frameworks/MPSFunctions.framework/Versions/A/MPSFunctions
0x0000000233b2b000 	/System/Library/Frameworks/MetalPerformanceShaders.framework/Versions/A/Frameworks/MPSBenchmarkLoop.framework/Versions/A/MPSBenchmarkLoop
0x0000000233b5e000 	/System/Library/Frameworks/MetalPerformanceShaders.framework/Versions/A/Frameworks/MPSHost.framework/Versions/A/MPSHost
0x000000018a3cd000 	/System/Library/PrivateFrameworks/MetalTools.framework/Versions/A/MetalTools
0x00000001bc7ad000 	/System/Library/PrivateFrameworks/IOAccelMemoryInfo.framework/Versions/A/IOAccelMemoryInfo
0x00000001cad1b000 	/System/Library/PrivateFrameworks/kperf.framework/Versions/A/kperf
0x00000001b7508000 	/System/Library/PrivateFrameworks/GPURawCounter.framework/Versions/A/GPURawCounter
0x00000001a7f39000 	/System/Library/PrivateFrameworks/ASEProcessing.framework/Versions/A/ASEProcessing
0x00000001d8e2a000 	/System/Library/PrivateFrameworks/Symbolication.framework/Versions/A/Symbolication
0x000000026c555000 	/System/Library/PrivateFrameworks/PhotosensitivityProcessing.framework/Versions/A/PhotosensitivityProcessing
0x000000026fe98000 	/System/Library/PrivateFrameworks/SILManager.framework/Versions/A/SILManager
0x00000001a45e3000 	/System/Library/PrivateFrameworks/CoreSymbolication.framework/Versions/A/CoreSymbolication
0x00000001b747b000 	/System/Library/PrivateFrameworks/MallocStackLogging.framework/Versions/A/MallocStackLogging
0x00000001a45c1000 	/System/Library/PrivateFrameworks/DebugSymbols.framework/Versions/A/DebugSymbols
0x00000001c946c000 	/System/Library/PrivateFrameworks/OSAnalytics.framework/Versions/A/OSAnalytics
0x000000024a3a9000 	/System/Library/PrivateFrameworks/DeviceRecovery.framework/Versions/A/DeviceRecovery
0x000000027eaf1000 	/System/Library/PrivateFrameworks/Tightbeam.framework/Versions/A/Tightbeam
0x00000001cfb5d000 	/System/Library/PrivateFrameworks/AFKUser.framework/Versions/A/AFKUser
0x00000001996fc000 	/System/Library/Frameworks/UserNotifications.framework/Versions/A/UserNotifications
0x00000001bcf44000 	/System/Library/PrivateFrameworks/SiriInstrumentation.framework/Versions/A/SiriInstrumentation
0x0000000272328000 	/System/Library/PrivateFrameworks/SiriAnalytics.framework/Versions/A/SiriAnalytics
0x00000001ba6a3000 	/System/Library/PrivateFrameworks/FeedbackLogger.framework/Versions/A/FeedbackLogger
0x00000001d4fad000 	/usr/lib/swift/libswiftAVFoundation.dylib
0x000000028131a000 	/System/Library/PrivateFrameworks/UnifiedAssetFramework.framework/Versions/A/UnifiedAssetFramework
0x000000019dae5000 	/System/Library/PrivateFrameworks/AudioSession.framework/Versions/A/AudioSession
0x000000019b4a5000 	/System/Library/PrivateFrameworks/MediaExperience.framework/Versions/A/MediaExperience
0x000000019d8b9000 	/System/Library/PrivateFrameworks/AudioSession.framework/libSessionUtility.dylib
0x00000001a316d000 	/System/Library/Frameworks/CoreBluetooth.framework/Versions/A/CoreBluetooth
0x000000019892d000 	/System/Library/PrivateFrameworks/CoreUtils.framework/Versions/A/CoreUtils
0x00000001af19e000 	/System/Library/PrivateFrameworks/HID.framework/Versions/A/HID
0x000000024929a000 	/System/Library/PrivateFrameworks/CoreUtilsExtras.framework/Versions/A/CoreUtilsExtras
0x0000000258b75000 	/System/Library/PrivateFrameworks/IO80211.framework/Versions/A/IO80211
0x000000019fab0000 	/System/Library/Frameworks/IOBluetooth.framework/Versions/A/IOBluetooth
0x000000028f0bf000 	/usr/lib/swift/libswiftRegexBuilder.dylib
0x000000019b100000 	/usr/lib/libIOReport.dylib
0x00000001e5a62000 	/System/Library/PrivateFrameworks/WiFiPeerToPeer.framework/Versions/A/WiFiPeerToPeer
0x0000000198ac9000 	/System/Library/Frameworks/SecurityFoundation.framework/Versions/A/SecurityFoundation
0x00000002418f4000 	/System/Library/PrivateFrameworks/Centauri.framework/Versions/A/Centauri
0x000000018adb1000 	/System/Library/PrivateFrameworks/Lexicon.framework/Versions/A/Lexicon
0x000000028e853000 	/usr/lib/libmrc.dylib
0x0000000258be0000 	/System/Library/PrivateFrameworks/IPConfiguration.framework/Versions/A/IPConfiguration
0x00000001d9601000 	/System/Library/PrivateFrameworks/Netrb.framework/Versions/A/Netrb
0x0000000198c32000 	/usr/lib/libgermantok.dylib
0x000000019766e000 	/System/Library/PrivateFrameworks/LinguisticData.framework/Versions/A/LinguisticData
0x00000001a3376000 	/System/Library/PrivateFrameworks/MediaKit.framework/Versions/A/MediaKit
0x00000001a32c4000 	/System/Library/Frameworks/DiscRecording.framework/Versions/A/DiscRecording
0x000000019b37b000 	/usr/lib/libheimdal-asn1.dylib
0x00000001a6da1000 	/System/Library/Frameworks/AudioUnit.framework/Versions/A/AudioUnit
0x0000000194330000 	/System/Library/Frameworks/OpenDirectory.framework/Versions/A/OpenDirectory
0x000000019433e000 	/System/Library/Frameworks/OpenDirectory.framework/Versions/A/Frameworks/CFOpenDirectory.framework/Versions/A/CFOpenDirectory
0x000000019fe58000 	/System/Library/PrivateFrameworks/GeoServices.framework/Versions/A/GeoServices
0x000000019d87f000 	/System/Library/PrivateFrameworks/LocationSupport.framework/Versions/A/LocationSupport
0x000000025589e000 	/System/Library/PrivateFrameworks/GeoServicesCore.framework/Versions/A/GeoServicesCore
0x00000001b00a2000 	/System/Library/PrivateFrameworks/PhoneNumbers.framework/Versions/A/PhoneNumbers
0x000000025e026000 	/System/Library/PrivateFrameworks/LocationLogEncryption.framework/Versions/A/LocationLogEncryption
0x000000022fdce000 	/System/Library/Frameworks/AVFAudio.framework/Versions/A/AVFAudio
0x000000022ff12000 	/System/Library/Frameworks/AVRouting.framework/Versions/A/AVRouting
0x00000001b01ba000 	/usr/lib/libAccessibility.dylib
0x000000025ca10000 	/System/Library/PrivateFrameworks/IsolatedCoreAudioClient.framework/Versions/A/IsolatedCoreAudioClient
0x000000024508e000 	/System/Library/PrivateFrameworks/CoreAudioOrchestration.framework/Versions/A/CoreAudioOrchestration
0x000000019c753000 	/System/Library/Frameworks/MediaToolbox.framework/Versions/A/MediaToolbox
0x00000001a349c000 	/System/Library/PrivateFrameworks/CoreAVCHD.framework/Versions/A/CoreAVCHD
0x00000001a23c0000 	/System/Library/Frameworks/MediaAccessibility.framework/Versions/A/MediaAccessibility
0x00000001a3498000 	/System/Library/PrivateFrameworks/Mangrove.framework/Versions/A/Mangrove
0x0000000240f30000 	/System/Library/PrivateFrameworks/CMPhoto.framework/Versions/A/CMPhoto
0x00000001a3c65000 	/System/Library/Frameworks/CoreTelephony.framework/Versions/A/CoreTelephony
0x00000001a348b000 	/System/Library/PrivateFrameworks/CoreAUC.framework/Versions/A/CoreAUC
0x000000023e096000 	/System/Library/PrivateFrameworks/AppleJPEGXL.framework/Versions/A/AppleJPEGXL
0x000000019e188000 	/usr/lib/libTelephonyUtilDynamic.dylib
0x00000001e05df000 	/System/Library/Frameworks/CryptoKit.framework/Versions/A/CryptoKit
0x00000001a6d9c000 	/System/Library/PrivateFrameworks/CryptoKitCBridging.framework/Versions/A/CryptoKitCBridging
0x00000001a42a9000 	/System/Library/Frameworks/CryptoTokenKit.framework/Versions/A/CryptoTokenKit
0x0000000249e19000 	/System/Library/PrivateFrameworks/Dendrite.framework/Versions/A/Dendrite
0x00000001b70ac000 	/System/Library/Frameworks/NaturalLanguage.framework/Versions/A/NaturalLanguage
0x00000001e59e9000 	/usr/lib/swift/libswiftNaturalLanguage.dylib
0x000000023ec0d000 	/System/Library/PrivateFrameworks/AppleMobileFileIntegrity.framework/Versions/A/AppleMobileFileIntegrity
0x000000028d9a1000 	/usr/lib/libTLE.dylib
0x00000001b74ad000 	/usr/lib/libmis.dylib
0x00000001ef131000 	/System/Library/PrivateFrameworks/ConfigProfileHelper.framework/Versions/A/ConfigProfileHelper
0x00000001a6f2b000 	/System/Library/PrivateFrameworks/Espresso.framework/Versions/A/Espresso
0x0000000194ac0000 	/System/Library/Frameworks/CoreML.framework/Versions/A/CoreML
0x00000001e3895000 	/usr/lib/libedit.3.dylib
0x000000022cbdc000 	/System/Library/PrivateFrameworks/ANECompiler.framework/Versions/A/ANECompiler
0x00000001a9001000 	/System/Library/PrivateFrameworks/AppleNeuralEngine.framework/Versions/A/AppleNeuralEngine
0x000000025e144000 	/System/Library/PrivateFrameworks/MIL.framework/Versions/A/MIL
0x0000000233b64000 	/System/Library/Frameworks/MetalPerformanceShadersGraph.framework/Versions/A/MetalPerformanceShadersGraph
0x000000025e8b3000 	/System/Library/PrivateFrameworks/MLCompilerServices.framework/Versions/A/MLCompilerServices
0x00000001a7d7d000 	/System/Library/PrivateFrameworks/ANEServices.framework/Versions/A/ANEServices
0x00000001bc770000 	/usr/lib/libncurses.5.4.dylib
0x000000018df6e000 	/usr/lib/libsandbox.1.dylib
0x000000019b2a1000 	/usr/lib/libMatch.1.dylib
0x0000000268199000 	/System/Library/PrivateFrameworks/ODIE.framework/Versions/A/ODIE
0x0000000261540000 	/System/Library/PrivateFrameworks/MLModelAsset.framework/Versions/A/MLModelAsset
0x000000025e859000 	/System/Library/PrivateFrameworks/MLCompilerRuntime.framework/Versions/A/MLCompilerRuntime
0x0000000198ef5000 	/System/Library/Frameworks/MLCompute.framework/Versions/A/MLCompute
0x000000025e7db000 	/System/Library/PrivateFrameworks/MLAssetIO.framework/Versions/A/MLAssetIO
0x000000028f091000 	/usr/lib/swift/libswiftMLCompute.dylib
0x00000001a3e80000 	/System/Library/PrivateFrameworks/AVFCore.framework/Versions/A/AVFCore
0x00000001adabb000 	/System/Library/PrivateFrameworks/AVFCapture.framework/Versions/A/AVFCapture
0x0000000240d27000 	/System/Library/PrivateFrameworks/CMImaging.framework/Versions/A/CMImaging
0x00000001adcfd000 	/System/Library/PrivateFrameworks/Quagga.framework/Versions/A/Quagga
0x00000001ade2e000 	/System/Library/PrivateFrameworks/CMCapture.framework/Versions/A/CMCapture
0x000000019dd11000 	/System/Library/Frameworks/CoreMediaIO.framework/Versions/A/CoreMediaIO
0x0000000240c62000 	/System/Library/PrivateFrameworks/CMCaptureDevice.framework/Versions/A/CMCaptureDevice
0x000000019b6dd000 	/System/Library/PrivateFrameworks/CoreBrightness.framework/Versions/A/CoreBrightness
0x0000000241deb000 	/System/Library/PrivateFrameworks/CinematicFraming.framework/Versions/A/CinematicFraming
0x000000026467d000 	/System/Library/PrivateFrameworks/ModelManagerServices.framework/Versions/A/ModelManagerServices
0x00000001d2015000 	/System/Library/PrivateFrameworks/CPMS.framework/Versions/A/CPMS
0x000000027c221000 	/System/Library/PrivateFrameworks/SystemStatus.framework/Versions/A/SystemStatus
0x00000001b5edc000 	/System/Library/Frameworks/CoreMotion.framework/Versions/A/CoreMotion
0x00000001c64f4000 	/System/Library/PrivateFrameworks/TimeSync.framework/Versions/A/TimeSync
0x000000024a7e1000 	/System/Library/PrivateFrameworks/DistributedSensing.framework/Versions/A/DistributedSensing
0x00000001c18d3000 	/System/Library/PrivateFrameworks/MobileBluetooth.framework/Versions/A/MobileBluetooth
0x00000001c81b8000 	/System/Library/PrivateFrameworks/IOKitten.framework/Versions/A/IOKitten
0x000000023df10000 	/System/Library/PrivateFrameworks/AppleIntelligenceReporting.framework/Versions/A/AppleIntelligenceReporting
0x000000019883c000 	/System/Library/PrivateFrameworks/CoreEmoji.framework/Versions/A/CoreEmoji
0x000000018b0c5000 	/usr/lib/libCRFSuite.dylib
0x000000018c3a6000 	/System/Library/PrivateFrameworks/LanguageModeling.framework/Versions/A/LanguageModeling
0x000000019754e000 	/System/Library/PrivateFrameworks/CoreNLP.framework/Versions/A/CoreNLP
0x0000000191323000 	/System/Library/PrivateFrameworks/Montreal.framework/Versions/A/Montreal
0x00000001999b0000 	/usr/lib/libcmph.dylib
0x0000000198bd3000 	/usr/lib/libmecab.dylib
0x0000000199b21000 	/usr/lib/libThaiTokenizer.dylib
0x0000000255683000 	/System/Library/PrivateFrameworks/GenerativeModelsFoundation.framework/Versions/A/GenerativeModelsFoundation
0x000000027eff6000 	/System/Library/PrivateFrameworks/TokenGeneration.framework/Versions/A/TokenGeneration
0x0000000255457000 	/System/Library/PrivateFrameworks/GenerativeFunctions.framework/Versions/A/GenerativeFunctions
0x00000002554a5000 	/System/Library/PrivateFrameworks/GenerativeFunctionsFoundation.framework/Versions/A/GenerativeFunctionsFoundation
0x000000026433e000 	/System/Library/PrivateFrameworks/ModelCatalog.framework/Versions/A/ModelCatalog
0x0000000271542000 	/System/Library/PrivateFrameworks/SensitiveContentAnalysisML.framework/Versions/A/SensitiveContentAnalysisML
0x000000025553b000 	/System/Library/PrivateFrameworks/GenerativeFunctionsInstrumentation.framework/Versions/A/GenerativeFunctionsInstrumentation
0x000000026e36b000 	/System/Library/PrivateFrameworks/PromptKit.framework/Versions/A/PromptKit
0x000000026dd81000 	/System/Library/PrivateFrameworks/ProactiveDaemonSupport.framework/Versions/A/ProactiveDaemonSupport
0x000000027f22e000 	/System/Library/PrivateFrameworks/TokenGenerationCore.framework/Versions/A/TokenGenerationCore
0x00000001b7f7b000 	/System/Library/PrivateFrameworks/Trial.framework/Versions/A/Trial
0x00000001b7efc000 	/System/Library/PrivateFrameworks/TrialProto.framework/Versions/A/TrialProto
0x000000023db3a000 	/System/Library/PrivateFrameworks/AppleFlatBuffers.framework/Versions/A/AppleFlatBuffers
0x0000000271812000 	/System/Library/PrivateFrameworks/SentencePieceInternal.framework/Versions/A/SentencePieceInternal
0x00000001a241a000 	/System/Library/Frameworks/Vision.framework/Versions/A/Vision
0x0000000248f38000 	/System/Library/PrivateFrameworks/CoreSceneUnderstanding.framework/Versions/A/CoreSceneUnderstanding
0x0000000283e7f000 	/System/Library/PrivateFrameworks/VisionCore.framework/Versions/A/VisionCore
0x00000001c0861000 	/System/Library/Frameworks/Vision.framework/libfaceCore.dylib
0x00000001c137b000 	/System/Library/PrivateFrameworks/Futhark.framework/Versions/A/Futhark
0x00000001c52c9000 	/System/Library/PrivateFrameworks/InertiaCam.framework/Versions/A/InertiaCam
0x00000001c1108000 	/System/Library/PrivateFrameworks/TextRecognition.framework/Versions/A/TextRecognition
0x000000019b13e000 	/System/Library/PrivateFrameworks/CVNLP.framework/Versions/A/CVNLP
0x00000001dd9a9000 	/System/Library/PrivateFrameworks/HIDDisplay.framework/Versions/A/HIDDisplay
0x000000019c237000 	/System/Library/Frameworks/ApplicationServices.framework/Versions/A/Frameworks/ATSUI.framework/Versions/A/ATSUI
0x000000019def5000 	/usr/lib/libcups.2.dylib
0x000000019df8c000 	/System/Library/Frameworks/Kerberos.framework/Versions/A/Kerberos
0x000000019dbfc000 	/usr/lib/libresolv.9.dylib
0x000000019b5f8000 	/System/Library/PrivateFrameworks/Heimdal.framework/Versions/A/Heimdal
0x00000001a6da0000 	/System/Library/Frameworks/Kerberos.framework/Versions/A/Libraries/libHeimdalProxy.dylib
0x000000019dff0000 	/System/Library/PrivateFrameworks/CommonAuth.framework/Versions/A/CommonAuth
0x00000001b00ae000 	/System/Library/PrivateFrameworks/AXCoreUtilities.framework/Versions/A/AXCoreUtilities
0x000000028d4a1000 	/usr/lib/libAXSafeCategoryBundle.dylib
0x0000000237ef2000 	/System/Library/Frameworks/TabularData.framework/Versions/A/TabularData
0x000000023edbd000 	/System/Library/PrivateFrameworks/ArgumentParserInternal.framework/Versions/A/ArgumentParserInternal
0x00000001986fe000 	/System/Library/Frameworks/Accelerate.framework/Versions/A/Frameworks/vecLib.framework/Versions/A/libvDSP.dylib
0x0000000199cf3000 	/System/Library/Frameworks/Accelerate.framework/Versions/A/Frameworks/vecLib.framework/Versions/A/libLAPACK.dylib
0x0000000198c35000 	/System/Library/Frameworks/Accelerate.framework/Versions/A/Frameworks/vecLib.framework/Versions/A/libLinearAlgebra.dylib
0x0000000199b67000 	/System/Library/Frameworks/Accelerate.framework/Versions/A/Frameworks/vecLib.framework/Versions/A/libSparseBLAS.dylib
0x0000000199cee000 	/System/Library/Frameworks/Accelerate.framework/Versions/A/Frameworks/vecLib.framework/Versions/A/libQuadrature.dylib
0x0000000197675000 	/System/Library/Frameworks/Accelerate.framework/Versions/A/Frameworks/vecLib.framework/Versions/A/libBNNS.dylib
0x000000018aec1000 	/System/Library/Frameworks/Accelerate.framework/Versions/A/Frameworks/vecLib.framework/Versions/A/libSparse.dylib
0x000000019df54000 	/System/Library/PrivateFrameworks/NetAuth.framework/Versions/A/NetAuth
0x0000000194554000 	/System/Library/PrivateFrameworks/login.framework/Versions/A/Frameworks/loginsupport.framework/Versions/A/loginsupport
0x0000000198b9d000 	/usr/lib/libCheckFix.dylib
0x00000001936db000 	/System/Library/PrivateFrameworks/MetadataUtilities.framework/Versions/A/MetadataUtilities
0x0000000259667000 	/System/Library/PrivateFrameworks/InstalledContentLibrary.framework/Versions/A/InstalledContentLibrary
0x000000018de32000 	/System/Library/PrivateFrameworks/CoreServicesStore.framework/Versions/A/CoreServicesStore
0x00000001cae32000 	/System/Library/PrivateFrameworks/MobileSystemServices.framework/Versions/A/MobileSystemServices
0x000000019afc3000 	/usr/lib/libxslt.1.dylib
0x0000000198b5c000 	/System/Library/PrivateFrameworks/BackgroundTaskManagement.framework/Versions/A/BackgroundTaskManagement
0x00000001a6432000 	/usr/lib/libcurl.4.dylib
0x000000028e1b7000 	/usr/lib/libcrypto.46.dylib
0x000000028ed3a000 	/usr/lib/libssl.48.dylib
0x00000001a610c000 	/System/Library/Frameworks/LDAP.framework/Versions/A/LDAP
0x00000001a6148000 	/System/Library/PrivateFrameworks/TrustEvaluationAgent.framework/Versions/A/TrustEvaluationAgent
0x000000019dc19000 	/usr/lib/libsasl2.2.dylib
0x00000001b42ee000 	/usr/lib/swift/libswiftCoreGraphics.dylib
0x00000001a2ab4000 	/usr/lib/swift/libswiftFoundation.dylib
0x00000001eead2000 	/usr/lib/swift/libswiftSwiftOnoneSupport.dylib
0x000000028f3e8000 	/usr/lib/swift/libswiftsys_time.dylib
0x00000001d963f000 	/System/Library/PrivateFrameworks/CoreMaterial.framework/Versions/A/CoreMaterial
0x000000028d99e000 	/usr/lib/libSpatial.dylib
0x000000028d3be000 	/System/Library/SubFrameworks/UIUtilities.framework/Versions/A/UIUtilities
0x0000000103918000 	/Library/Java/JavaVirtualMachines/jdk-21.jdk/Contents/Home/lib/server/libjvm.dylib
0x00000001027c0000 	/Library/Java/JavaVirtualMachines/jdk-21.jdk/Contents/Home/lib/libjimage.dylib
0x00000001027ec000 	/Library/Java/JavaVirtualMachines/jdk-21.jdk/Contents/Home/lib/libinstrument.dylib
0x00000001028c0000 	/Library/Java/JavaVirtualMachines/jdk-21.jdk/Contents/Home/lib/libjava.dylib
0x00000001037c4000 	/Library/Java/JavaVirtualMachines/jdk-21.jdk/Contents/Home/lib/libzip.dylib
0x00000001037ec000 	/Library/Java/JavaVirtualMachines/jdk-21.jdk/Contents/Home/lib/libnio.dylib
0x000000010379c000 	/Library/Java/JavaVirtualMachines/jdk-21.jdk/Contents/Home/lib/libnet.dylib
0x000000010380c000 	/Library/Java/JavaVirtualMachines/jdk-21.jdk/Contents/Home/lib/libverify.dylib
0x00000001037b4000 	/Users/yuchuan.gu/.gradle/native/660c5614fbf4a5f2a75b1949f50a0caf5cd603558e7d8a26e50b933a0cfb79d1/osx-aarch64/libnative-platform.dylib
0x0000000126b68000 	/Users/yuchuan.gu/.gradle/native/0.2.8/aarch64-macos/libgradle-fileevents.dylib
0x0000000103828000 	/Library/Java/JavaVirtualMachines/jdk-21.jdk/Contents/Home/lib/libmanagement.dylib
0x000000010383c000 	/Library/Java/JavaVirtualMachines/jdk-21.jdk/Contents/Home/lib/libmanagement_ext.dylib
0x0000000103850000 	/Library/Java/JavaVirtualMachines/jdk-21.jdk/Contents/Home/lib/libextnet.dylib
0x0000000103864000 	/Library/Java/JavaVirtualMachines/jdk-21.jdk/Contents/Home/lib/librmi.dylib
0x0000000154200000 	/Library/Java/JavaVirtualMachines/jdk-21.jdk/Contents/Home/lib/libawt.dylib
0x00000001542b0000 	/Library/Java/JavaVirtualMachines/jdk-21.jdk/Contents/Home/lib/libmlib_image.dylib
0x0000000232cbc000 	/System/Library/Frameworks/JavaRuntimeSupport.framework/Versions/A/JavaRuntimeSupport
0x00000001b5edb000 	/System/Library/Frameworks/Carbon.framework/Versions/A/Carbon
0x00000001abace000 	/System/Library/Frameworks/Carbon.framework/Versions/A/Frameworks/CommonPanels.framework/Versions/A/CommonPanels
0x00000001a641d000 	/System/Library/Frameworks/Carbon.framework/Versions/A/Frameworks/Help.framework/Versions/A/Help
0x00000001abad2000 	/System/Library/Frameworks/Carbon.framework/Versions/A/Frameworks/ImageCapture.framework/Versions/A/ImageCapture
0x00000001abaad000 	/System/Library/Frameworks/Carbon.framework/Versions/A/Frameworks/OpenScripting.framework/Versions/A/OpenScripting
0x00000001abacd000 	/System/Library/Frameworks/Carbon.framework/Versions/A/Frameworks/Ink.framework/Versions/A/Ink
0x00000001abaca000 	/System/Library/Frameworks/Carbon.framework/Versions/A/Frameworks/SecurityHI.framework/Versions/A/SecurityHI
0x000000028d811000 	/usr/lib/libInterpreterSecurity.dylib
0x00000001ccbb1000 	/System/Library/PrivateFrameworks/XprotectFramework.framework/Versions/A/XprotectFramework
0x00000001af4bf000 	/System/Library/PrivateFrameworks/yara.framework/Versions/A/yara
0x000000028d78e000 	/usr/lib/libEndpointSecuritySystem.dylib
0x00000001548d0000 	/Library/Java/JavaVirtualMachines/jdk-21.jdk/Contents/Home/lib/libawt_lwawt.dylib
0x00000001038a0000 	/Library/Java/JavaVirtualMachines/jdk-21.jdk/Contents/Home/lib/libosxapp.dylib
0x00000001b4357000 	/System/Library/Frameworks/ExceptionHandling.framework/Versions/A/ExceptionHandling
0x0000000154b38000 	/Library/Java/JavaVirtualMachines/jdk-21.jdk/Contents/Home/lib/libfontmanager.dylib
0x00000001547b0000 	/Library/Java/JavaVirtualMachines/jdk-21.jdk/Contents/Home/lib/libfreetype.dylib


VM Arguments:
jvm_args: --add-opens=java.base/java.lang=ALL-UNNAMED --add-opens=java.base/java.lang.invoke=ALL-UNNAMED --add-opens=java.base/java.util=ALL-UNNAMED --add-opens=java.prefs/java.util.prefs=ALL-UNNAMED --add-exports=jdk.compiler/com.sun.tools.javac.api=ALL-UNNAMED --add-exports=jdk.compiler/com.sun.tools.javac.util=ALL-UNNAMED --add-opens=java.base/java.nio.charset=ALL-UNNAMED --add-opens=java.base/java.net=ALL-UNNAMED --add-opens=java.base/java.util.concurrent=ALL-UNNAMED --add-opens=java.base/java.util.concurrent.atomic=ALL-UNNAMED --add-opens=java.xml/javax.xml.namespace=ALL-UNNAMED --add-opens=java.base/java.time=ALL-UNNAMED -Xmx6g -Dfile.encoding=UTF-8 -Duser.country=US -Duser.language=en -Duser.variant -javaagent:/Users/yuchuan.gu/.gradle/wrapper/dists/gradle-9.7.1-bin/1w1c7tv4s851m17nbqdsro2tv/gradle-9.7.1/lib/agents/gradle-instrumentation-agent-9.7.1.jar 
java_command: org.gradle.launcher.daemon.bootstrap.GradleDaemon 9.7.1
java_class_path (initial): /Users/yuchuan.gu/.gradle/wrapper/dists/gradle-9.7.1-bin/1w1c7tv4s851m17nbqdsro2tv/gradle-9.7.1/lib/gradle-daemon-main-9.7.1.jar
Launcher Type: SUN_STANDARD

[Global flags]
     intx CICompilerCount                          = 12                                        {product} {ergonomic}
     uint ConcGCThreads                            = 4                                         {product} {ergonomic}
     uint G1ConcRefinementThreads                  = 14                                        {product} {ergonomic}
   size_t G1HeapRegionSize                         = 4194304                                   {product} {ergonomic}
    uintx GCDrainStackTargetSize                   = 64                                        {product} {ergonomic}
   size_t InitialHeapSize                          = 1073741824                                {product} {ergonomic}
   size_t MarkStackSize                            = 4194304                                   {product} {ergonomic}
   size_t MaxHeapSize                              = 6442450944                                {product} {command line}
   size_t MaxNewSize                               = 3862953984                                {product} {ergonomic}
   size_t MinHeapDeltaBytes                        = 4194304                                   {product} {ergonomic}
   size_t MinHeapSize                              = 8388608                                   {product} {ergonomic}
    uintx NonNMethodCodeHeapSize                   = 7602992                                {pd product} {ergonomic}
    uintx NonProfiledCodeHeapSize                  = 122027624                              {pd product} {ergonomic}
    uintx ProfiledCodeHeapSize                     = 122027624                              {pd product} {ergonomic}
    uintx ReservedCodeCacheSize                    = 251658240                              {pd product} {ergonomic}
     bool SegmentedCodeCache                       = true                                      {product} {ergonomic}
   size_t SoftMaxHeapSize                          = 6442450944                             {manageable} {ergonomic}
     bool UseCompressedOops                        = true                           {product lp64_product} {ergonomic}
     bool UseG1GC                                  = true                                      {product} {ergonomic}
     bool UseNUMA                                  = false                                     {product} {ergonomic}
     bool UseNUMAInterleaving                      = false                                     {product} {ergonomic}

Logging:
Log output configuration:
 #0: stdout all=warning uptime,level,tags foldmultilines=false
 #1: stderr all=off uptime,level,tags foldmultilines=false

Environment Variables:
JAVA_HOME=/Library/Java/JavaVirtualMachines/jdk-21.jdk/Contents/Home
PATH=/Users/yuchuan.gu/.nvm/versions/node/v24.19.0/bin:/Users/yuchuan.gu/.local/bin:/usr/local/bin:/opt/homebrew/bin:/opt/homebrew/sbin:/usr/bin/python3/bin:/Users/yuchuan.gu/Library/Android/sdk/tools:/Users/yuchuan.gu/Library/Android/sdk/tools/bin:/Users/yuchuan.gu/Library/Android/sdk/platform-tools:/usr/local/sbin:/usr/bin:/bin:/usr/sbin:/sbin:/usr/local/bin:/usr/X11/bin:/Users/yuchuan.gu/bin:/Users/yuchuan.gu/Library/Android/sdk/ndk/26.1.10909125:/Users/yuchuan.gu/flutter/bin:/Users/yuchuan.gu/.lmstudio/bin:/Users/yuchuan.gu/bin:/Users/yuchuan.gu/.lmstudio/bin:/Users/yuchuan.gu/.lmstudio/bin
SHELL=/bin/zsh
LANG=C.UTF-8
TERM=
TMPDIR=/var/folders/zy/n6p6rygx2hzdwhgfqcj5n9jm0000gn/T/

Active Locale:
LC_ALL=en_US.UTF-8
LC_COLLATE=en_US.UTF-8
LC_CTYPE=en_US.UTF-8
LC_MESSAGES=en_US.UTF-8
LC_MONETARY=en_US.UTF-8
LC_NUMERIC=en_US.UTF-8
LC_TIME=en_US.UTF-8

Signal Handlers:
   SIGSEGV: crash_handler in libjvm.dylib, mask=11100110000111110111111111111111, flags=SA_ONSTACK|SA_RESTART|SA_SIGINFO, unblocked
    SIGBUS: crash_handler in libjvm.dylib, mask=11100110000111110111111111111111, flags=SA_RESTART|SA_SIGINFO, unblocked
    SIGFPE: crash_handler in libjvm.dylib, mask=11100110000111110111111111111111, flags=SA_RESTART|SA_SIGINFO, unblocked
   SIGPIPE: javaSignalHandler in libjvm.dylib, mask=11100110000111110111111111111111, flags=SA_RESTART|SA_SIGINFO, blocked
   SIGXFSZ: javaSignalHandler in libjvm.dylib, mask=11100110000111110111111111111111, flags=SA_RESTART|SA_SIGINFO, blocked
    SIGILL: crash_handler in libjvm.dylib, mask=11100110000111110111111111111111, flags=SA_RESTART|SA_SIGINFO, unblocked
   SIGUSR2: SR_handler in libjvm.dylib, mask=00000000000000000000000000000000, flags=SA_RESTART|SA_SIGINFO, blocked
    SIGHUP: UserHandler in libjvm.dylib, mask=11100110000111110111111111111111, flags=SA_RESTART|SA_SIGINFO, blocked
    SIGINT: UserHandler in libjvm.dylib, mask=11100110000111110111111111111111, flags=SA_RESTART|SA_SIGINFO, blocked
   SIGTERM: UserHandler in libjvm.dylib, mask=11100110000111110111111111111111, flags=SA_RESTART|SA_SIGINFO, blocked
   SIGQUIT: UserHandler in libjvm.dylib, mask=11100110000111110111111111111111, flags=SA_RESTART|SA_SIGINFO, blocked
   SIGTRAP: crash_handler in libjvm.dylib, mask=11100110000111110111111111111111, flags=SA_RESTART|SA_SIGINFO, unblocked


Periodic native trim disabled

---------------  S Y S T E M  ---------------

OS:
uname: Darwin 25.6.0 Darwin Kernel Version 25.6.0: Fri Jul 31 19:19:08 PDT 2026; root:xnu-12377.161.14~5/RELEASE_ARM64_T6050 arm64
OS uptime: 8 days 7:13 hours
rlimit (soft/hard): STACK 8176k/65520k , CORE 0k/infinity , NPROC 10666/16000 , NOFILE 1048576/infinity , AS infinity/infinity , CPU infinity/infinity , DATA infinity/infinity , FSIZE infinity/infinity , MEMLOCK infinity/infinity , RSS infinity/infinity
load average: 20.93 10.95 7.35

CPU: total 18 (initial active 18) 0x61:0x0:0xf76c5b1a:0, fp, asimd, aes, pmull, sha1, sha256, crc32, lse, sha3, sha512
machdep.cpu.brand_string:Apple M5 Pro
hw.cachelinesize:128
hw.l1icachesize:131072
hw.l1dcachesize:65536
hw.l2cachesize:8388608

Memory: 16k page, physical 67108864k(837200k free), swap 3145728k(1256128k free)

vm_info: Java HotSpot(TM) 64-Bit Server VM (21.0.10+8-LTS-217) for bsd-aarch64 JRE (21.0.10+8-LTS-217), built on 2025-12-18T14:59:28Z by "mach5run" with clang Apple LLVM 12.0.0 (clang-1200.0.32.29)

END.
